# Time Series: Coyote Lake 1979 - G02-050,
# Time (s),Acceleration (g's)
0,-2.44E-04
0.005,-2.98E-04
0.01,-2.36E-04
0.015,-6.52E-05
0.02,1.87E-04
0.025,4.37E-04
0.03,6.00E-04
0.035,5.71E-04
0.04,4.36E-04
0.045,3.02E-04
0.05,2.56E-04
0.055,2.81E-04
0.06,3.98E-04
0.065,5.67E-04
0.07,7.42E-04
0.075,8.46E-04
0.08,8.33E-04
0.085,5.88E-04
0.09,1.59E-04
0.095,-3.94E-04
0.1,-9.38E-04
0.105,-0.00114448
0.11,-7.91E-04
0.115,-1.44E-04
0.12,5.98E-04
0.125,0.00135964
0.13,0.00190618
0.135,0.00198618
0.14,0.0016671
0.145,0.00102442
0.15,2.17E-04
0.155,-6.54E-04
0.16,-0.00132793
0.165,-0.00168515
0.17,-0.00152745
0.175,-0.00111684
0.18,-7.46E-04
0.185,-5.17E-04
0.19,-3.75E-04
0.195,-1.77E-04
0.2,1.18E-04
0.205,3.84E-04
0.21,5.21E-04
0.215,4.85E-04
0.22,2.88E-04
0.225,-2.17E-05
0.23,-2.40E-04
0.235,-1.97E-04
0.24,2.26E-04
0.245,0.00120251
0.25,0.00266374
0.255,0.00379834
0.26,0.00440886
0.265,0.00423689
0.27,0.00362773
0.275,0.00314724
0.28,0.00304855
0.285,0.00318011
0.29,0.00342603
0.295,0.00366435
0.3,0.00373915
0.305,0.00345257
0.31,0.00277032
0.315,0.00194362
0.32,0.00147419
0.325,0.00175004
0.33,0.00273039
0.335,0.0040202
0.34,0.00449402
0.345,0.00392631
0.35,0.00210085
0.355,-0.00119766
0.36,-0.00456156
0.365,-0.00626397
0.37,-0.00574312
0.375,-0.00432179
0.38,-0.00297127
0.385,-0.00212145
0.39,-0.00177753
0.395,-0.00216303
0.4,-0.002975
0.405,-0.00387952
0.41,-0.00455819
0.415,-0.00479947
0.42,-0.00459858
0.425,-0.0042431
0.43,-0.00432102
0.435,-0.0049634
0.44,-0.0060293
0.445,-0.00639685
0.45,-0.0051914
0.455,-0.0011491
0.46,0.00688072
0.465,0.0163782
0.47,0.0217887
0.475,0.0206173
0.48,0.0130803
0.485,0.00269388
0.49,-0.00514469
0.495,-0.00818711
0.5,-0.00675823
0.505,-0.00192641
0.51,0.00456585
0.515,0.0113156
0.52,0.0153862
0.525,0.0153585
0.53,0.0119502
0.535,0.00607303
0.54,1.80E-04
0.545,-0.0023578
0.55,-2.76E-04
0.555,0.00357415
0.56,0.0065462
0.565,0.00798775
0.57,0.00737803
0.575,0.00527242
0.58,0.00204734
0.585,-0.00259998
0.59,-0.00764233
0.595,-0.0117094
0.6,-0.0149484
0.605,-0.0182255
0.61,-0.0215402
0.615,-0.0241104
0.62,-0.0251042
0.625,-0.0233539
0.63,-0.016797
0.635,-0.00797715
0.64,-1.70E-04
0.645,0.00664469
0.65,0.00875282
0.655,0.00750517
0.66,0.00620416
0.665,0.00564362
0.67,0.00643641
0.675,0.00806856
0.68,0.0101794
0.685,0.0111873
0.69,0.0106701
0.695,0.00769535
0.7,0.00369016
0.705,8.68E-04
0.71,2.19E-04
0.715,5.15E-04
0.72,-0.0012134
0.725,-0.00527399
0.73,-0.0100592
0.735,-0.0128169
0.74,-0.0132937
0.745,-0.0127134
0.75,-0.0126726
0.755,-0.0140147
0.76,-0.0150284
0.765,-0.0142372
0.77,-0.00912827
0.775,-7.26E-04
0.78,0.0055699
0.785,0.00537193
0.79,-0.00238919
0.795,-0.016072
0.8,-0.0299883
0.805,-0.0409245
0.81,-0.045984
0.815,-0.0444693
0.82,-0.0394508
0.825,-0.0349734
0.83,-0.0322475
0.835,-0.0294576
0.84,-0.0254451
0.845,-0.0192427
0.85,-0.0122602
0.855,-0.00613888
0.86,-6.98E-04
0.865,0.00522936
0.87,0.0119936
0.875,0.0188531
0.88,0.0214906
0.885,0.0196031
0.89,0.0134573
0.895,0.00578534
0.9,-4.90E-04
0.905,-0.00407525
0.91,-0.00613729
0.915,-0.0081591
0.92,-0.00945427
0.925,-0.00728493
0.93,-9.77E-05
0.935,0.0137694
0.94,0.0332974
0.945,0.05118
0.95,0.0596942
0.955,0.0552979
0.96,0.0410132
0.965,0.022049
0.97,0.00342217
0.975,-0.00794971
0.98,-0.0135892
0.985,-0.0179553
0.99,-0.0213701
0.995,-0.0202658
1,-0.0137841
1.005,-0.0033944
1.01,0.00866851
1.015,0.0174915
1.02,0.0186217
1.025,0.0121551
1.03,0.00219455
1.035,-0.00715577
1.04,-0.0136854
1.045,-0.0176855
1.05,-0.0187593
1.055,-0.0168712
1.06,-0.0103864
1.065,-0.00152281
1.07,0.00319089
1.075,4.18E-04
1.08,-0.01027
1.085,-0.0262727
1.09,-0.0433207
1.095,-0.0519999
1.1,-0.0476673
1.105,-0.0355221
1.11,-0.0216067
1.115,-0.0106598
1.12,-0.00349379
1.125,-4.96E-04
1.13,-4.59E-04
1.135,-2.07E-04
1.14,0.00142215
1.145,0.00225537
1.15,0.00129071
1.155,-0.00126026
1.16,-0.00293624
1.165,-0.00165395
1.17,0.00226537
1.175,0.00688409
1.18,0.00951136
1.185,0.0100664
1.19,0.0107273
1.195,0.0127533
1.2,0.0162617
1.205,0.0200651
1.21,0.0236299
1.215,0.0270961
1.22,0.0306095
1.225,0.0312655
1.23,0.0289572
1.235,0.0230367
1.24,0.0121044
1.245,-0.00273035
1.25,-0.0158544
1.255,-0.0199474
1.26,-0.0113738
1.265,0.00323466
1.27,0.0135353
1.275,0.013382
1.28,0.00361744
1.285,-0.00765917
1.29,-0.00796075
1.295,0.0133165
1.3,0.0574421
1.305,0.0791884
1.31,0.0495209
1.315,0.00185938
1.32,-0.0144578
1.325,0.0021581
1.33,0.0181295
1.335,0.0185282
1.34,0.0126056
1.345,0.0124716
1.35,0.0187559
1.355,0.0258264
1.36,0.0279272
1.365,0.0259935
1.37,0.0229719
1.375,0.0203337
1.38,0.0174207
1.385,0.0131895
1.39,0.007998
1.395,0.00623857
1.4,0.0130156
1.405,0.0269039
1.41,0.0372282
1.415,0.0341814
1.42,0.0196526
1.425,6.26E-04
1.43,-0.0167548
1.435,-0.0240792
1.44,-0.0198542
1.445,-0.00834734
1.45,0.0100468
1.455,0.0285658
1.46,0.0410032
1.465,0.0468358
1.47,0.0483248
1.475,0.0467429
1.48,0.0435205
1.485,0.0401468
1.49,0.0370619
1.495,0.0348295
1.5,0.0341592
1.505,0.0343172
1.51,0.0303387
1.515,0.0208405
1.52,0.00746684
1.525,-0.00539002
1.53,-0.0151843
1.535,-0.021605
1.54,-0.0247458
1.545,-0.0254513
1.55,-0.0241089
1.555,-0.0216868
1.56,-0.0201302
1.565,-0.019998
1.57,-0.020942
1.575,-0.0208853
1.58,-0.0186694
1.585,-0.0122261
1.59,-0.00277389
1.595,0.00887151
1.6,0.0190086
1.605,0.0256478
1.61,0.02861
1.615,0.0262811
1.62,0.0139647
1.625,-0.00516582
1.63,-0.0245757
1.635,-0.0403207
1.64,-0.0486042
1.645,-0.0500043
1.65,-0.0477474
1.655,-0.044002
1.66,-0.0387926
1.665,-0.0331228
1.67,-0.0279595
1.675,-0.0263245
1.68,-0.0267164
1.685,-0.0250734
1.69,-0.0191716
1.695,-0.0103568
1.7,-0.00279355
1.705,0.00172765
1.71,-4.39E-04
1.715,-0.0071546
1.72,-0.0135336
1.725,-0.0157876
1.73,-0.0114364
1.735,-0.00317419
1.74,0.00554988
1.745,0.0124102
1.75,0.0155243
1.755,0.0138665
1.76,0.00940174
1.765,0.00226239
1.77,-0.00644034
1.775,-0.0148188
1.78,-0.0188046
1.785,-0.0182079
1.79,-0.0152879
1.795,-0.0124109
1.8,-0.0104173
1.805,-0.00857609
1.81,-0.00650876
1.815,-0.00475526
1.82,-0.00301407
1.825,-2.04E-04
1.83,0.0056583
1.835,0.0144794
1.84,0.0214272
1.845,0.0227466
1.85,0.0208315
1.855,0.0189759
1.86,0.0196473
1.865,0.0221312
1.87,0.0228845
1.875,0.0206341
1.88,0.0149011
1.885,0.00831713
1.89,0.00362913
1.895,0.00234893
1.9,0.00228852
1.905,7.32E-04
1.91,-6.97E-04
1.915,2.21E-04
1.92,0.00413533
1.925,0.00966878
1.93,0.0151226
1.935,0.0178268
1.94,0.0176576
1.945,0.0143207
1.95,0.00791788
1.955,-2.92E-04
1.96,-0.0107312
1.965,-0.018451
1.97,-0.0210789
1.975,-0.0207444
1.98,-0.0192049
1.985,-0.0175321
1.99,-0.0137786
1.995,-0.00857996
2,-0.00440642
2.005,-0.00355415
2.01,-0.00903531
2.015,-0.0213357
2.02,-0.0360206
2.025,-0.0471038
2.03,-0.0522131
2.035,-0.05471
2.04,-0.0576886
2.045,-0.0574071
2.05,-0.0506612
2.055,-0.0374007
2.06,-0.0207639
2.065,-0.00533676
2.07,0.0022199
2.075,6.50E-04
2.08,-0.00656956
2.085,-0.0192563
2.09,-0.0322837
2.095,-0.041145
2.1,-0.0441428
2.105,-0.0407683
2.11,-0.034729
2.115,-0.0257121
2.12,-0.0123383
2.125,0.00507466
2.13,0.0229146
2.135,0.0376011
2.14,0.0485887
2.145,0.0498931
2.15,0.0396237
2.155,0.0248085
2.16,0.0137045
2.165,0.00798332
2.17,0.00538703
2.175,0.00292185
2.18,-2.33E-04
2.185,-0.00389169
2.19,-0.00712005
2.195,-0.00940392
2.2,-0.0106804
2.205,-0.0115976
2.21,-0.0117179
2.215,-0.0104768
2.22,-0.00729459
2.225,-0.00184115
2.23,0.00491423
2.235,0.00655639
2.24,0.00165206
2.245,-0.00748377
2.25,-0.0166498
2.255,-0.0234923
2.26,-0.026438
2.265,-0.0267868
2.27,-0.0247424
2.275,-0.0203995
2.28,-0.0141776
2.285,-0.00634399
2.29,0.00222106
2.295,0.00946394
2.3,0.0116356
2.305,0.00790671
2.31,0.00126728
2.315,-0.00563882
2.32,-0.0114627
2.325,-0.0149248
2.33,-0.0127309
2.335,-0.00681474
2.34,6.32E-04
2.345,0.00681565
2.35,0.00912856
2.355,0.00833882
2.36,0.00633048
2.365,0.00436753
2.37,0.00297124
2.375,0.00345958
2.38,0.00616331
2.385,0.0101503
2.39,0.0145105
2.395,0.0186661
2.4,0.0204381
2.405,0.0195586
2.41,0.0170228
2.415,0.0136642
2.42,0.0101533
2.425,0.00882477
2.43,0.0114301
2.435,0.0183886
2.44,0.0291301
2.445,0.0404918
2.45,0.0465144
2.455,0.0443358
2.46,0.0340501
2.465,0.0181839
2.47,7.77E-04
2.475,-0.0150987
2.48,-0.0283581
2.485,-0.0414593
2.49,-0.0538993
2.495,-0.0623789
2.5,-0.0656173
2.505,-0.0653864
2.51,-0.0609292
2.515,-0.0525016
2.52,-0.0395217
2.525,-0.0234824
2.53,-0.00391491
2.535,0.0188536
2.54,0.0392162
2.545,0.0543282
2.55,0.0614261
2.555,0.0598463
2.56,0.0550105
2.565,0.0510817
2.57,0.0484633
2.575,0.0485244
2.58,0.051306
2.585,0.0547349
2.59,0.0573191
2.595,0.0560567
2.6,0.050976
2.605,0.0432205
2.61,0.0318238
2.615,0.0178915
2.62,0.0029289
2.625,-0.00994603
2.63,-0.0171022
2.635,-0.020767
2.64,-0.0244126
2.645,-0.0289141
2.65,-0.0346126
2.655,-0.0457233
2.66,-0.0616534
2.665,-0.0778589
2.67,-0.0871172
2.675,-0.0901321
2.68,-0.0886025
2.685,-0.0837069
2.69,-0.0769128
2.695,-0.0692961
2.7,-0.0621416
2.705,-0.0560826
2.71,-0.0527942
2.715,-0.051974
2.72,-0.0525288
2.725,-0.0535586
2.73,-0.0541439
2.735,-0.0520299
2.74,-0.0459876
2.745,-0.0358219
2.75,-0.0189615
2.755,0.00200395
2.76,0.0235042
2.765,0.0449954
2.77,0.0660555
2.775,0.0817023
2.78,0.096477
2.785,0.111353
2.79,0.12397
2.795,0.132779
2.8,0.135367
2.805,0.135382
2.81,0.135286
2.815,0.135517
2.82,0.136525
2.825,0.138602
2.83,0.141792
2.835,0.146919
2.84,0.153501
2.845,0.159317
2.85,0.163025
2.855,0.162448
2.86,0.158714
2.865,0.153537
2.87,0.148581
2.875,0.1441
2.88,0.136366
2.885,0.110683
2.89,0.0537443
2.895,-0.0195509
2.9,-0.0764364
2.905,-0.112833
2.91,-0.144277
2.915,-0.18081
2.92,-0.20498
2.925,-0.210928
2.93,-0.209288
2.935,-0.20538
2.94,-0.198507
2.945,-0.187055
2.95,-0.171837
2.955,-0.154996
2.96,-0.136888
2.965,-0.114804
2.97,-0.0860895
2.975,-0.0488737
2.98,-0.0103991
2.985,0.0191411
2.99,0.0425135
2.995,0.061919
3,0.0723964
3.005,0.0726388
3.01,0.0634929
3.015,0.0471534
3.02,0.0297817
3.025,0.0152042
3.03,0.0060724
3.035,-0.00158443
3.04,-0.0146192
3.045,-0.0327226
3.05,-0.0514857
3.055,-0.069819
3.06,-0.083981
3.065,-0.0889915
3.07,-0.0866175
3.075,-0.0825246
3.08,-0.0778879
3.085,-0.070901
3.09,-0.0608245
3.095,-0.0512719
3.1,-0.0447168
3.105,-0.0412036
3.11,-0.039145
3.115,-0.0365006
3.12,-0.0325621
3.125,-0.0269816
3.13,-0.0182441
3.135,0.00241404
3.14,0.0336017
3.145,0.063479
3.15,0.0848374
3.155,0.0920765
3.16,0.0868396
3.165,0.0805446
3.17,0.0828081
3.175,0.0939129
3.18,0.11412
3.185,0.135489
3.19,0.150475
3.195,0.156231
3.2,0.15143
3.205,0.132385
3.21,0.101804
3.215,0.0659698
3.22,0.0366696
3.225,0.0271327
3.23,0.0304442
3.235,0.030226
3.24,0.0192283
3.245,-0.00186544
3.25,-0.0297443
3.255,-0.0576602
3.26,-0.0810473
3.265,-0.101406
3.27,-0.11662
3.275,-0.126666
3.28,-0.134261
3.285,-0.141174
3.29,-0.148119
3.295,-0.150897
3.3,-0.148717
3.305,-0.142899
3.31,-0.134641
3.315,-0.124435
3.32,-0.111993
3.325,-0.091858
3.33,-0.064858
3.335,-0.0350954
3.34,-0.00352118
3.345,0.0319092
3.35,0.0695846
3.355,0.100541
3.36,0.116277
3.365,0.120674
3.37,0.120225
3.375,0.118417
3.38,0.115549
3.385,0.110532
3.39,0.10185
3.395,0.0905453
3.4,0.0783522
3.405,0.0683414
3.41,0.0609395
3.415,0.0557372
3.42,0.0535704
3.425,0.057616
3.43,0.069695
3.435,0.0899363
3.44,0.11252
3.445,0.129827
3.45,0.13609
3.455,0.130436
3.46,0.114762
3.465,0.0944028
3.47,0.0723387
3.475,0.0467034
3.48,0.0196518
3.485,-0.00475848
3.49,-0.0282652
3.495,-0.0494262
3.5,-0.062062
3.505,-0.0675563
3.51,-0.066619
3.515,-0.0585446
3.52,-0.046868
3.525,-0.032019
3.53,-0.0172163
3.535,-0.0063507
3.54,0.00188944
3.545,0.00751739
3.55,0.00785676
3.555,0.00377365
3.56,-0.00453793
3.565,-0.0118839
3.57,-0.011212
3.575,-0.00315282
3.58,0.00475657
3.585,0.00822188
3.59,0.00721094
3.595,0.00383548
3.6,5.19E-04
3.605,-0.00168898
3.61,-0.00286148
3.615,-0.00315059
3.62,-0.00258918
3.625,-3.56E-04
3.63,0.00350801
3.635,0.00962047
3.64,0.0171235
3.645,0.0243148
3.65,0.0305795
3.655,0.036118
3.66,0.0392833
3.665,0.0397602
3.67,0.0357164
3.675,0.0280653
3.68,0.0193802
3.685,0.0108781
3.69,0.0032233
3.695,-0.00315621
3.7,-0.00625473
3.705,-0.00588022
3.71,-0.00258274
3.715,0.00256679
3.72,0.00724182
3.725,0.010038
3.73,0.0102869
3.735,0.0089628
3.74,0.00717155
3.745,0.0042104
3.75,-2.37E-04
3.755,-0.00700704
3.76,-0.01638
3.765,-0.0278105
3.77,-0.0403937
3.775,-0.053629
3.78,-0.0663125
3.785,-0.0758744
3.79,-0.082037
3.795,-0.0858319
3.8,-0.0851806
3.805,-0.0808377
3.81,-0.071546
3.815,-0.0587376
3.82,-0.0450731
3.825,-0.0329213
3.83,-0.0236681
3.835,-0.0174176
3.84,-0.0136184
3.845,-0.014579
3.85,-0.0199671
3.855,-0.0274957
3.86,-0.0359375
3.865,-0.0446608
3.87,-0.0513714
3.875,-0.0545713
3.88,-0.0545139
3.885,-0.0538946
3.89,-0.0549306
3.895,-0.0586795
3.9,-0.0634749
3.905,-0.067101
3.91,-0.069724
3.915,-0.0728129
3.92,-0.0785627
3.925,-0.0869462
3.93,-0.096209
3.935,-0.104105
3.94,-0.108626
3.945,-0.108012
3.95,-0.101924
3.955,-0.090689
3.96,-0.0774859
3.965,-0.061166
3.97,-0.0435038
3.975,-0.0291464
3.98,-0.0193259
3.985,-0.0151195
3.99,-0.0152928
3.995,-0.0156536
4,-0.0140524
4.005,-0.00939299
4.01,0.00201758
4.015,0.0188775
4.02,0.0372492
4.025,0.0542225
4.03,0.0669404
4.035,0.0753828
4.04,0.080085
4.045,0.0792395
4.05,0.0748091
4.055,0.066459
4.06,0.0543983
4.065,0.0400944
4.07,0.0226559
4.075,0.00231905
4.08,-0.0156716
4.085,-0.0295139
4.09,-0.0415162
4.095,-0.0519462
4.1,-0.0611615
4.105,-0.0700248
4.11,-0.0784108
4.115,-0.0857146
4.12,-0.0906578
4.125,-0.0932549
4.13,-0.0942267
4.135,-0.0942951
4.14,-0.0941868
4.145,-0.0931381
4.15,-0.0907794
4.155,-0.0873607
4.16,-0.0826956
4.165,-0.0767238
4.17,-0.0683394
4.175,-0.0575403
4.18,-0.0450149
4.185,-0.0315481
4.19,-0.0112474
4.195,0.0184844
4.2,0.0490819
4.205,0.0722552
4.21,0.087611
4.215,0.101547
4.22,0.113881
4.225,0.120757
4.23,0.124485
4.235,0.127183
4.24,0.129092
4.245,0.129799
4.25,0.128327
4.255,0.123886
4.26,0.11565
4.265,0.104516
4.27,0.0902175
4.275,0.0747581
4.28,0.0609086
4.285,0.0496207
4.29,0.0406067
4.295,0.0327782
4.3,0.0258159
4.305,0.0183418
4.31,0.00891176
4.315,-0.00368081
4.32,-0.0188218
4.325,-0.0349229
4.33,-0.0491521
4.335,-0.062071
4.34,-0.0761014
4.345,-0.0890333
4.35,-0.0992486
4.355,-0.107459
4.36,-0.113955
4.365,-0.119342
4.37,-0.123714
4.375,-0.126827
4.38,-0.125291
4.385,-0.117258
4.39,-0.102868
4.395,-0.0833476
4.4,-0.0600426
4.405,-0.0388998
4.41,-0.0225799
4.415,-0.0102368
4.42,0.00122649
4.425,0.0121198
4.43,0.0219155
4.435,0.0317695
4.44,0.041969
4.445,0.0525992
4.45,0.0625407
4.455,0.0712682
4.46,0.078015
4.465,0.0829347
4.47,0.0865997
4.475,0.0881411
4.48,0.087336
4.485,0.0853408
4.49,0.0826635
4.495,0.0802214
4.5,0.0791558
4.505,0.0787344
4.51,0.0775885
4.515,0.0747579
4.52,0.0704411
4.525,0.0647695
4.53,0.0570017
4.535,0.0468836
4.54,0.0342808
4.545,0.0191665
4.55,0.00210633
4.555,-0.0151444
4.56,-0.0288918
4.565,-0.0380211
4.57,-0.0424061
4.575,-0.0434035
4.58,-0.0419871
4.585,-0.0383886
4.59,-0.0335708
4.595,-0.028458
4.6,-0.0236119
4.605,-0.0185336
4.61,-0.0130718
4.615,-0.00584702
4.62,0.00245476
4.625,0.0102699
4.63,0.0158228
4.635,0.0189748
4.64,0.0193834
4.645,0.0170849
4.65,0.0114257
4.655,0.00420747
4.66,-0.00239228
4.665,-0.00701694
4.67,-0.0101404
4.675,-0.0128338
4.68,-0.0153018
4.685,-0.0173371
4.69,-0.0181466
4.695,-0.0175125
4.7,-0.0150787
4.705,-0.0111253
4.71,-0.00638711
4.715,2.18E-04
4.72,0.00876791
4.725,0.0203108
4.73,0.0323246
4.735,0.0410827
4.74,0.046601
4.745,0.0478569
4.75,0.0456487
4.755,0.0406782
4.76,0.0351381
4.765,0.0308976
4.77,0.0271324
4.775,0.0227831
4.78,0.0179956
4.785,0.0138609
4.79,0.0111934
4.795,0.0106224
4.8,0.0113262
4.805,0.0133424
4.81,0.0164625
4.815,0.0202063
4.82,0.0251642
4.825,0.0314427
4.83,0.0386962
4.835,0.0463643
4.84,0.0555325
4.845,0.061397
4.85,0.0633532
4.855,0.0657708
4.86,0.0697011
4.865,0.0733151
4.87,0.0751694
4.875,0.075875
4.88,0.075749
4.885,0.0751395
4.89,0.0729552
4.895,0.068682
4.9,0.0624416
4.905,0.0545741
4.91,0.0459497
4.915,0.036744
4.92,0.0272601
4.925,0.0177938
4.93,0.00786197
4.935,-0.00265894
4.94,-0.013339
4.945,-0.0234875
4.95,-0.0325152
4.955,-0.0399342
4.96,-0.0441231
4.965,-0.0453521
4.97,-0.0444756
4.975,-0.0422379
4.98,-0.0388074
4.985,-0.0345713
4.99,-0.0303028
4.995,-0.0256388
5,-0.0210646
5.005,-0.0183331
5.01,-0.0187701
5.015,-0.0214781
5.02,-0.0242585
5.025,-0.0255137
5.03,-0.0243628
5.035,-0.0219245
5.04,-0.0196522
5.045,-0.0162819
5.05,-0.0115008
5.055,-0.00681029
5.06,-0.00304772
5.065,6.70E-05
5.07,0.00310789
5.075,0.00622913
5.08,0.00883418
5.085,0.0109851
5.09,0.0133349
5.095,0.0160955
5.1,0.0189812
5.105,0.0203032
5.11,0.0197974
5.115,0.0170619
5.12,0.0130455
5.125,0.00913341
5.13,0.00607211
5.135,0.00403675
5.14,0.00324809
5.145,0.00357211
5.15,0.00458031
5.155,0.00460623
5.16,0.00302147
5.165,-4.40E-04
5.17,-0.00539017
5.175,-0.0111466
5.18,-0.0171663
5.185,-0.0226343
5.19,-0.0270992
5.195,-0.0308159
5.2,-0.0345569
5.205,-0.0385217
5.21,-0.0427189
5.215,-0.0469488
5.22,-0.051368
5.225,-0.0551847
5.23,-0.0565787
5.235,-0.055607
5.24,-0.0533252
5.245,-0.0491267
5.25,-0.0434037
5.255,-0.0348758
5.26,-0.0243387
5.265,-0.0136593
5.27,-0.00439274
5.275,0.00336781
5.28,0.0107514
5.285,0.0176069
5.29,0.0223451
5.295,0.0235168
5.3,0.0216042
5.305,0.0183072
5.31,0.0141242
5.315,0.00868612
5.32,0.00126838
5.325,-0.00774492
5.33,-0.017053
5.335,-0.0260588
5.34,-0.0342677
5.345,-0.0411117
5.35,-0.045334
5.355,-0.0461189
5.36,-0.0443973
5.365,-0.0396221
5.37,-0.0323583
5.375,-0.0235306
5.38,-0.014109
5.385,-0.00446469
5.39,0.00536345
5.395,0.0152793
5.4,0.0249528
5.405,0.0324549
5.41,0.0384289
5.415,0.0450151
5.42,0.0512716
5.425,0.05498
5.43,0.0554772
5.435,0.0540156
5.44,0.0509209
5.445,0.046796
5.45,0.0424734
5.455,0.0381871
5.46,0.0338528
5.465,0.0300198
5.47,0.0267144
5.475,0.0237343
5.48,0.0215292
5.485,0.0203041
5.49,0.0199238
5.495,0.0196189
5.5,0.01861
5.505,0.0170893
5.51,0.0155504
5.515,0.0140117
5.52,0.0123849
5.525,0.0108648
5.53,0.00922357
5.535,0.0072614
5.54,0.00504182
5.545,0.00276676
5.55,3.88E-04
5.555,-0.0023804
5.56,-0.00568854
5.565,-0.0100528
5.57,-0.0151415
5.575,-0.0202338
5.58,-0.0251495
5.585,-0.0296424
5.59,-0.0331567
5.595,-0.0360987
5.6,-0.0391337
5.605,-0.0405833
5.61,-0.0396243
5.615,-0.0361445
5.62,-0.030988
5.625,-0.0246073
5.63,-0.0172596
5.635,-0.00946489
5.64,-0.00204518
5.645,0.0047278
5.65,0.0109247
5.655,0.0169062
5.66,0.0230043
5.665,0.0293467
5.67,0.035805
5.675,0.0414708
5.68,0.0460362
5.685,0.048068
5.69,0.0477458
5.695,0.0448688
5.7,0.0398107
5.705,0.0340507
5.71,0.0282839
5.715,0.0228409
5.72,0.0176584
5.725,0.0132731
5.73,0.00958147
5.735,0.00679802
5.74,0.00543266
5.745,0.00612085
5.75,0.00898266
5.755,0.0126731
5.76,0.0153628
5.765,0.0165777
5.77,0.0155163
5.775,0.0124219
5.78,0.00844504
5.785,0.00400883
5.79,-7.88E-04
5.795,-0.00558091
5.8,-0.00976477
5.805,-0.0129697
5.81,-0.0151438
5.815,-0.0160863
5.82,-0.0159795
5.825,-0.0143618
5.83,-0.0117898
5.835,-0.00865133
5.84,-0.00626455
5.845,-0.00546877
5.85,-0.00646982
5.855,-0.0085839
5.86,-0.0113825
5.865,-0.0146255
5.87,-0.0179853
5.875,-0.0209576
5.88,-0.0235425
5.885,-0.0262574
5.89,-0.029395
5.895,-0.0328816
5.9,-0.0372032
5.905,-0.0417812
5.91,-0.0455039
5.915,-0.0474849
5.92,-0.0483883
5.925,-0.0495341
5.93,-0.0513006
5.935,-0.0534303
5.94,-0.0558153
5.945,-0.0582067
5.95,-0.0599957
5.955,-0.0607469
5.96,-0.0601841
5.965,-0.058372
5.97,-0.0559546
5.975,-0.0521651
5.98,-0.0474934
5.985,-0.043291
5.99,-0.0391973
5.995,-0.0344422
6,-0.0279776
6.005,-0.0202991
6.01,-0.0126062
6.015,-0.00603801
6.02,-0.00107449
6.025,0.00276275
6.03,0.00605379
6.035,0.00801038
6.04,0.00864649
6.045,0.00849459
6.05,0.00794825
6.055,0.00712892
6.06,0.00622949
6.065,0.00542199
6.07,0.00442688
6.075,0.00398073
6.08,0.00520211
6.085,0.00844915
6.09,0.012935
6.095,0.0172569
6.1,0.0206465
6.105,0.0228001
6.11,0.0238852
6.115,0.0237975
6.12,0.0214575
6.125,0.017502
6.13,0.0134869
6.135,0.0100577
6.14,0.00688696
6.145,0.00280717
6.15,-0.00220835
6.155,-0.00739568
6.16,-0.0123952
6.165,-0.0174701
6.17,-0.022606
6.175,-0.0272627
6.18,-0.0292449
6.185,-0.028656
6.19,-0.0261697
6.195,-0.0228213
6.2,-0.0194219
6.205,-0.0156583
6.21,-0.0114116
6.215,-0.00659594
6.22,-0.00142472
6.225,0.00565474
6.23,0.0139061
6.235,0.021438
6.24,0.0279849
6.245,0.0342224
6.25,0.0398817
6.255,0.0447943
6.26,0.048782
6.265,0.0520258
6.27,0.0543853
6.275,0.0561116
6.28,0.0574159
6.285,0.057465
6.29,0.0559868
6.295,0.0528353
6.3,0.0487677
6.305,0.044645
6.31,0.0407428
6.315,0.0370618
6.32,0.0347135
6.325,0.0335834
6.33,0.0330655
6.335,0.0324517
6.34,0.0313172
6.345,0.0299888
6.35,0.0286685
6.355,0.0271824
6.36,0.0255842
6.365,0.0240884
6.37,0.0220147
6.375,0.0191928
6.38,0.0159542
6.385,0.0127339
6.39,0.00957102
6.395,0.00538522
6.4,-5.28E-05
6.405,-0.00605471
6.41,-0.0114167
6.415,-0.0155676
6.42,-0.0183391
6.425,-0.0201382
6.43,-0.0212809
6.435,-0.0208217
6.44,-0.0191075
6.445,-0.0170638
6.45,-0.0152293
6.455,-0.0135507
6.46,-0.0123775
6.465,-0.0118579
6.47,-0.0113106
6.475,-0.0103938
6.48,-0.00946083
6.485,-0.0088967
6.49,-0.00868819
6.495,-0.00818796
6.5,-0.006904
6.505,-0.00420186
6.51,1.77E-04
6.515,0.00649679
6.52,0.0148457
6.525,0.0240934
6.53,0.0336005
6.535,0.0398036
6.54,0.0412488
6.545,0.0416481
6.55,0.0413935
6.555,0.0400464
6.56,0.0374185
6.565,0.0336363
6.57,0.0293057
6.575,0.0244612
6.58,0.0195286
6.585,0.0151227
6.59,0.0120601
6.595,0.0100692
6.6,0.00888782
6.605,0.00818934
6.61,0.00757448
6.615,0.00673269
6.62,0.00552647
6.625,0.00460559
6.63,0.00435234
6.635,0.0048073
6.64,0.0056246
6.645,0.0064964
6.65,0.00655479
6.655,0.00588074
6.66,0.00479894
6.665,0.00397918
6.67,0.0037025
6.675,0.00354678
6.68,0.00286319
6.685,9.71E-04
6.69,-0.00222087
6.695,-0.0061218
6.7,-0.0110052
6.705,-0.016297
6.71,-0.0211705
6.715,-0.0251933
6.72,-0.0283182
6.725,-0.0299331
6.73,-0.0305062
6.735,-0.0308068
6.74,-0.0310633
6.745,-0.0313463
6.75,-0.0324234
6.755,-0.0343959
6.76,-0.0368452
6.765,-0.0395221
6.77,-0.0421847
6.775,-0.0446659
6.78,-0.0468379
6.785,-0.0486657
6.79,-0.049638
6.795,-0.0496774
6.8,-0.0489539
6.805,-0.0475509
6.81,-0.0456294
6.815,-0.0423328
6.82,-0.0377149
6.825,-0.0324988
6.83,-0.0282313
6.835,-0.0259998
6.84,-0.0248372
6.845,-0.0236058
6.85,-0.0233826
6.855,-0.0243202
6.86,-0.0257341
6.865,-0.0270496
6.87,-0.0280039
6.875,-0.0282166
6.88,-0.028029
6.885,-0.0279976
6.89,-0.0273971
6.895,-0.0256964
6.9,-0.023071
6.905,-0.0197143
6.91,-0.014337
6.915,-0.0068133
6.92,0.00150201
6.925,0.0100924
6.93,0.018736
6.935,0.026869
6.94,0.0343706
6.945,0.0399461
6.95,0.0430387
6.955,0.0453687
6.96,0.0457433
6.965,0.0440021
6.97,0.0405038
6.975,0.0358388
6.98,0.030837
6.985,0.0252154
6.99,0.019083
6.995,0.0128526
7,0.00687388
7.005,0.00133715
7.01,-0.00349094
7.015,-0.00751991
7.02,-0.0109279
7.025,-0.0128672
7.03,-0.0139457
7.035,-0.0155147
7.04,-0.0178842
7.045,-0.0205898
7.05,-0.0233566
7.055,-0.025309
7.06,-0.0255679
7.065,-0.0248626
7.07,-0.0241795
7.075,-0.0231051
7.08,-0.0214075
7.085,-0.0192225
7.09,-0.0173669
7.095,-0.0163379
7.1,-0.0156558
7.105,-0.014993
7.11,-0.0147525
7.115,-0.0147606
7.12,-0.0145216
7.125,-0.0139842
7.13,-0.0133334
7.135,-0.0126987
7.14,-0.01249
7.145,-0.0128846
7.15,-0.0135152
7.155,-0.0141706
7.16,-0.0151371
7.165,-0.0165978
7.17,-0.0183326
7.175,-0.0202333
7.18,-0.0223385
7.185,-0.0249671
7.19,-0.0279601
7.195,-0.0308631
7.2,-0.0331151
7.205,-0.0350738
7.21,-0.0373978
7.215,-0.039552
7.22,-0.0411403
7.225,-0.0423967
7.23,-0.0432889
7.235,-0.0434461
7.24,-0.0428347
7.245,-0.0419431
7.25,-0.0409329
7.255,-0.0399096
7.26,-0.0390615
7.265,-0.038541
7.27,-0.0382335
7.275,-0.0369899
7.28,-0.0345633
7.285,-0.0314624
7.29,-0.0277385
7.295,-0.0233888
7.3,-0.0185824
7.305,-0.0136756
7.31,-0.00863246
7.315,-0.00298133
7.32,0.00364816
7.325,0.0107696
7.33,0.0176555
7.335,0.0243215
7.34,0.0306153
7.345,0.0356399
7.35,0.0397989
7.355,0.0440151
7.36,0.0479675
7.365,0.0511772
7.37,0.0536836
7.375,0.0560079
7.38,0.0583825
7.385,0.0609204
7.39,0.0636498
7.395,0.0660083
7.4,0.0677183
7.405,0.0685735
7.41,0.06916
7.415,0.070381
7.42,0.0710049
7.425,0.0698426
7.43,0.0656827
7.435,0.0598597
7.44,0.0535398
7.445,0.0471194
7.45,0.0409584
7.455,0.0359493
7.46,0.0320914
7.465,0.028767
7.47,0.0264726
7.475,0.0254146
7.48,0.025937
7.485,0.0276043
7.49,0.0300085
7.495,0.0332174
7.5,0.036988
7.505,0.0396428
7.51,0.0411077
7.515,0.0425388
7.52,0.0443382
7.525,0.0461984
7.53,0.0473206
7.535,0.0475639
7.54,0.0456091
7.545,0.041981
7.55,0.0381612
7.555,0.0344965
7.56,0.0308848
7.565,0.0273178
7.57,0.0243659
7.575,0.0221933
7.58,0.0203404
7.585,0.0185633
7.59,0.017369
7.595,0.0166002
7.6,0.0157464
7.605,0.0149926
7.61,0.0145935
7.615,0.0145243
7.62,0.014595
7.625,0.0146664
7.63,0.0145749
7.635,0.014358
7.64,0.0145806
7.645,0.0150974
7.65,0.0153749
7.655,0.0153682
7.66,0.0152737
7.665,0.0145466
7.67,0.0131552
7.675,0.0114711
7.68,0.00940443
7.685,0.00691814
7.69,0.00467702
7.695,0.00285027
7.7,9.91E-04
7.705,-0.00145348
7.71,-0.00456108
7.715,-0.0082911
7.72,-0.0120693
7.725,-0.0153011
7.73,-0.0177322
7.735,-0.019449
7.74,-0.0202591
7.745,-0.0201108
7.75,-0.0191028
7.755,-0.0177142
7.76,-0.0164398
7.765,-0.0147472
7.77,-0.0130096
7.775,-0.0121409
7.78,-0.0123657
7.785,-0.0132553
7.79,-0.0151089
7.795,-0.0174293
7.8,-0.0194497
7.805,-0.0213739
7.81,-0.0236015
7.815,-0.0261635
7.82,-0.028697
7.825,-0.0308541
7.83,-0.0320141
7.835,-0.0324069
7.84,-0.0327344
7.845,-0.0328916
7.85,-0.0323722
7.855,-0.031466
7.86,-0.0307173
7.865,-0.0299118
7.87,-0.028866
7.875,-0.0275747
7.88,-0.0257558
7.885,-0.023409
7.89,-0.0218627
7.895,-0.0215608
7.9,-0.0225209
7.905,-0.0239491
7.91,-0.0249751
7.915,-0.025154
7.92,-0.0249613
7.925,-0.0249316
7.93,-0.0242775
7.935,-0.0224328
7.94,-0.0192845
7.945,-0.0156235
7.95,-0.0118428
7.955,-0.00842659
7.96,-0.00570535
7.965,-0.00356331
7.97,-0.0016833
7.975,-1.17E-04
7.98,0.00120357
7.985,0.00253419
7.99,0.0032066
7.995,0.00284095
8,0.00125559
8.005,-9.02E-04
8.01,-0.0030294
8.015,-0.00455031
8.02,-0.00550312
8.025,-0.00585129
8.03,-0.0061913
8.035,-0.00721702
8.04,-0.00847853
8.045,-0.00938574
8.05,-0.00971499
8.055,-0.0100124
8.06,-0.0108164
8.065,-0.0114329
8.07,-0.0114315
8.075,-0.0110791
8.08,-0.0105682
8.085,-0.00981004
8.09,-0.00919516
8.095,-0.00898834
8.1,-0.00951643
8.105,-0.0105966
8.11,-0.0118213
8.115,-0.0128699
8.12,-0.0137039
8.125,-0.0145711
8.13,-0.0153385
8.135,-0.015688
8.14,-0.0155223
8.145,-0.0151164
8.15,-0.0146121
8.155,-0.0141798
8.16,-0.0139889
8.165,-0.0143491
8.17,-0.0151544
8.175,-0.0160938
8.18,-0.0167253
8.185,-0.0168159
8.19,-0.0171213
8.195,-0.0177617
8.2,-0.0176297
8.205,-0.0164977
8.21,-0.0149145
8.215,-0.0134646
8.22,-0.012437
8.225,-0.0118683
8.23,-0.0109915
8.235,-0.00925379
8.24,-0.00922176
8.245,-0.0111767
8.25,-0.0119402
8.255,-0.0108517
8.26,-0.0094552
8.265,-0.008568
8.27,-0.0079274
8.275,-0.00679871
8.28,-0.00514071
8.285,-0.00337185
8.29,-0.00150251
8.295,5.87E-04
8.3,0.00286112
8.305,0.00520501
8.31,0.0077375
8.315,0.0104137
8.32,0.0130571
8.325,0.0156416
8.33,0.0180758
8.335,0.0200169
8.34,0.0214511
8.345,0.0225388
8.35,0.0233654
8.355,0.0240862
8.36,0.0247769
8.365,0.0254356
8.37,0.0260546
8.375,0.0267184
8.38,0.0274994
8.385,0.0288284
8.39,0.0304673
8.395,0.0317928
8.4,0.0324815
8.405,0.0327815
8.41,0.0341294
8.415,0.0365244
8.42,0.0390738
8.425,0.0409382
8.43,0.0418965
8.435,0.0414833
8.44,0.0402468
8.445,0.0387153
8.45,0.0366865
8.455,0.034105
8.46,0.0304701
8.465,0.025725
8.47,0.0199004
8.475,0.0129614
8.48,0.0057682
8.485,-2.76E-04
8.49,-0.00470843
8.495,-0.00810041
8.5,-0.0103506
8.505,-0.0109539
8.51,-0.00949389
8.515,-0.00666707
8.52,-0.00373319
8.525,-5.52E-05
8.53,0.00332113
8.535,0.00442503
8.54,0.00347848
8.545,0.0019707
8.55,8.88E-04
8.555,1.98E-04
8.56,-5.71E-04
8.565,-0.00106606
8.57,-8.80E-04
8.575,3.81E-04
8.58,0.00213885
8.585,0.00367729
8.59,0.00469733
8.595,0.00539299
8.6,0.00601419
8.605,0.00713579
8.61,0.00923088
8.615,0.0118221
8.62,0.0142545
8.625,0.0170175
8.63,0.0202697
8.635,0.0235538
8.64,0.025737
8.645,0.0267985
8.65,0.027124
8.655,0.0271361
8.66,0.0270711
8.665,0.0271007
8.67,0.0269014
8.675,0.0267667
8.68,0.0268124
8.685,0.0265873
8.69,0.0254546
8.695,0.023639
8.7,0.0215918
8.705,0.0192308
8.71,0.0165283
8.715,0.0131045
8.72,0.00941086
8.725,0.00610719
8.73,0.00369389
8.735,0.00213976
8.74,0.0017035
8.745,0.00222727
8.75,0.0035159
8.755,0.00547765
8.76,0.00744249
8.765,0.00837852
8.77,0.00818152
8.775,0.0071783
8.78,0.00545491
8.785,0.00323074
8.79,4.17E-04
8.795,-0.00264149
8.8,-0.0054284
8.805,-0.00726238
8.81,-0.00817197
8.815,-0.0085657
8.82,-0.0086343
8.825,-0.00840033
8.83,-0.00702561
8.835,-0.0051091
8.84,-0.00386424
8.845,-0.00344177
8.85,-0.00332203
8.855,-0.00339283
8.86,-0.00359482
8.865,-0.00383767
8.87,-0.00417003
8.875,-0.00466699
8.88,-0.0058166
8.885,-0.00752048
8.89,-0.00939665
8.895,-0.0117755
8.9,-0.0146873
8.905,-0.0177384
8.91,-0.0198027
8.915,-0.0205683
8.92,-0.0213382
8.925,-0.0227721
8.93,-0.0242272
8.935,-0.025107
8.94,-0.0255042
8.945,-0.0256201
8.95,-0.0254061
8.955,-0.0246322
8.96,-0.0231684
8.965,-0.0212489
8.97,-0.0192923
8.975,-0.0178262
8.98,-0.0171411
8.985,-0.0173507
8.99,-0.0182521
8.995,-0.0198694
9,-0.0218512
9.005,-0.0238809
9.01,-0.0260295
9.015,-0.0280931
9.02,-0.0293429
9.025,-0.0298501
9.03,-0.0303183
9.035,-0.0317201
9.04,-0.0336826
9.045,-0.0351919
9.05,-0.0358703
9.055,-0.0359636
9.06,-0.0353987
9.065,-0.0344204
9.07,-0.03341
9.075,-0.0323728
9.08,-0.0311758
9.085,-0.029513
9.09,-0.0275782
9.095,-0.0256597
9.1,-0.0235872
9.105,-0.0212788
9.11,-0.0188613
9.115,-0.0165873
9.12,-0.014712
9.125,-0.013688
9.13,-0.0133335
9.135,-0.0134807
9.14,-0.0138564
9.145,-0.0141289
9.15,-0.0139907
9.155,-0.0134308
9.16,-0.0126403
9.165,-0.0116197
9.17,-0.0102718
9.175,-0.00855156
9.18,-0.00668295
9.185,-0.00466173
9.19,-0.00217959
9.195,0.00111486
9.2,0.00459216
9.205,0.00750786
9.21,0.00949457
9.215,0.0107635
9.22,0.0114617
9.225,0.0115478
9.23,0.0112608
9.235,0.0104415
9.24,0.00932185
9.245,0.00838092
9.25,0.00749235
9.255,0.00652209
9.26,0.00562368
9.265,0.00504247
9.27,0.00473055
9.275,0.00454491
9.28,0.00429507
9.285,0.00387887
9.29,0.00309853
9.295,0.00189088
9.3,-2.71E-04
9.305,-0.00288254
9.31,-0.00519258
9.315,-0.00815569
9.32,-0.011973
9.325,-0.0153805
9.33,-0.017857
9.335,-0.0198263
9.34,-0.0211315
9.345,-0.0216396
9.35,-0.0214451
9.355,-0.0208736
9.36,-0.0202462
9.365,-0.0191198
9.37,-0.0174098
9.375,-0.0153174
9.38,-0.0130513
9.385,-0.0107509
9.39,-0.00898545
9.395,-0.00745334
9.4,-0.00547868
9.405,-0.00331546
9.41,-0.00140175
9.415,9.99E-04
9.42,0.00387364
9.425,0.00639838
9.43,0.00784382
9.435,0.00832028
9.44,0.008318
9.445,0.00821368
9.45,0.00804146
9.455,0.00802992
9.46,0.0083767
9.465,0.00923763
9.47,0.0103646
9.475,0.011274
9.48,0.0118135
9.485,0.0120273
9.49,0.0117507
9.495,0.0110293
9.5,0.0099254
9.505,0.00855566
9.51,0.00712875
9.515,0.00602117
9.52,0.00535088
9.525,0.00516502
9.53,0.00592279
9.535,0.00758438
9.54,0.00910349
9.545,0.00983333
9.55,0.00976206
9.555,0.00937297
9.56,0.00906721
9.565,0.00852652
9.57,0.00760139
9.575,0.00651143
9.58,0.00559718
9.585,0.00495604
9.59,0.00461429
9.595,0.00437688
9.6,0.00391132
9.605,0.00328061
9.61,0.00272073
9.615,0.00228535
9.62,0.00185201
9.625,0.00124374
9.63,3.22E-04
9.635,-8.21E-04
9.64,-0.00177216
9.645,-0.00245191
9.65,-0.00309671
9.655,-0.00401053
9.66,-0.00522196
9.665,-0.00637038
9.67,-0.00727216
9.675,-0.0079467
9.68,-0.0085138
9.685,-0.00902128
9.69,-0.00915118
9.695,-0.00891895
9.7,-0.00859412
9.705,-0.00822223
9.71,-0.00772066
9.715,-0.0065996
9.72,-0.0049055
9.725,-0.00270187
9.73,-3.04E-04
9.735,0.00178022
9.74,0.00343879
9.745,0.00461602
9.75,0.00566085
9.755,0.00681324
9.76,0.00716922
9.765,0.00649389
9.77,0.00538181
9.775,0.00436086
9.78,0.00350017
9.785,0.00269627
9.79,0.00193481
9.795,0.0012984
9.8,9.71E-04
9.805,9.52E-04
9.81,0.00131209
9.815,0.00187896
9.82,0.00235109
9.825,0.00259662
9.83,0.00266956
9.835,0.00288362
9.84,0.00337761
9.845,0.00407946
9.85,0.00521054
9.855,0.00715462
9.86,0.0100201
9.865,0.0132351
9.87,0.0163036
9.875,0.0190985
9.88,0.02168
9.885,0.0239225
9.89,0.0256788
9.895,0.0262346
9.9,0.0258868
9.905,0.0251226
9.91,0.0244008
9.915,0.0240332
9.92,0.0240781
9.925,0.0241565
9.93,0.0237026
9.935,0.0229009
9.94,0.0221299
9.945,0.0214115
9.95,0.0206449
9.955,0.0199645
9.96,0.0191551
9.965,0.0179099
9.97,0.0161869
9.975,0.0143321
9.98,0.0125765
9.985,0.0110544
9.99,0.00983382
9.995,0.00915046
10,0.00889822
10.005,0.00951011
10.01,0.010773
10.015,0.0121348
10.02,0.0136783
10.025,0.0155834
10.03,0.0177827
10.035,0.0197419
10.04,0.020626
10.045,0.0204681
10.05,0.0199634
10.055,0.0195505
10.06,0.019218
10.065,0.018743
10.07,0.0179617
10.075,0.0168455
10.08,0.0155307
10.085,0.0142442
10.09,0.0131402
10.095,0.0123363
10.1,0.011937
10.105,0.0118771
10.11,0.0118938
10.115,0.0118307
10.12,0.011604
10.125,0.0111571
10.13,0.0105559
10.135,0.00987392
10.14,0.00883789
10.145,0.00755687
10.15,0.00638302
10.155,0.00561981
10.16,0.00520352
10.165,0.00444463
10.17,0.00348823
10.175,0.00334189
10.18,0.00369249
10.185,0.00366867
10.19,0.00300114
10.195,0.00202273
10.2,0.00100854
10.205,-1.08E-04
10.21,-0.00137951
10.215,-0.0026657
10.22,-0.00388445
10.225,-0.00518301
10.23,-0.00651689
10.235,-0.00776662
10.24,-0.00887908
10.245,-0.00984708
10.25,-0.0105282
10.255,-0.0109788
10.26,-0.01137
10.265,-0.0117385
10.27,-0.0120598
10.275,-0.0123485
10.28,-0.0125795
10.285,-0.0127048
10.29,-0.0125716
10.295,-0.0121498
10.3,-0.0113547
10.305,-0.0102505
10.31,-0.00891999
10.315,-0.00753644
10.32,-0.00626135
10.325,-0.00530289
10.33,-0.00460132
10.335,-0.00411845
10.34,-0.00392379
10.345,-0.00394645
10.35,-0.00400111
10.355,-0.00399986
10.36,-0.0040293
10.365,-0.00411747
10.37,-0.00422999
10.375,-0.00439715
10.38,-0.00448281
10.385,-0.0040703
10.39,-0.00327959
10.395,-0.00247165
10.4,-0.00174157
10.405,-0.00100903
10.41,5.02E-05
10.415,0.00128109
10.42,0.00229291
10.425,0.00284759
10.43,0.00299678
10.435,0.00251556
10.44,0.001675
10.445,8.52E-04
10.45,3.20E-04
10.455,1.57E-04
10.46,5.00E-04
10.465,0.00130251
10.47,0.00249821
10.475,0.00388304
10.48,0.00524504
10.485,0.00649348
10.49,0.00758548
10.495,0.00812074
10.5,0.00791971
10.505,0.00710993
10.51,0.00584232
10.515,0.00431191
10.52,0.00228481
10.525,8.87E-05
10.53,-0.00165633
10.535,-0.00290413
10.54,-0.00400706
10.545,-0.00497528
10.55,-0.00563705
10.555,-0.00548054
10.56,-0.00451062
10.565,-0.00323099
10.57,-0.0019568
10.575,-7.75E-04
10.58,2.53E-04
10.585,0.00129795
10.59,0.00253969
10.595,0.00384294
10.6,0.00501798
10.605,0.00582998
10.61,0.00600859
10.615,0.00535636
10.62,0.00411262
10.625,0.00273191
10.63,0.00175156
10.635,0.00121441
10.64,0.00103477
10.645,0.00118754
10.65,0.0015397
10.655,0.00210497
10.66,0.00272503
10.665,0.00308837
10.67,0.0030772
10.675,0.00272208
10.68,0.00186751
10.685,6.98E-04
10.69,-6.95E-04
10.695,-0.00226033
10.7,-0.00396703
10.705,-0.00560525
10.71,-0.0070806
10.715,-0.00850461
10.72,-0.00977482
10.725,-0.0106829
10.73,-0.0115341
10.735,-0.0125615
10.74,-0.0134005
10.745,-0.0138011
10.75,-0.0138301
10.755,-0.0137445
10.76,-0.0137304
10.765,-0.0138563
10.77,-0.0139875
10.775,-0.0139149
10.78,-0.0139682
10.785,-0.0144093
10.79,-0.0150062
10.795,-0.0155986
10.8,-0.0164748
10.805,-0.0175149
10.81,-0.0184038
10.815,-0.019131
10.82,-0.019841
10.825,-0.0206199
10.83,-0.021533
10.835,-0.0225187
10.84,-0.0230457
10.845,-0.0230048
10.85,-0.0226937
10.855,-0.022409
10.86,-0.022216
10.865,-0.0219932
10.87,-0.021668
10.875,-0.0210098
10.88,-0.0202349
10.885,-0.0196981
10.89,-0.0192208
10.895,-0.0186218
10.9,-0.0183293
10.905,-0.0182644
10.91,-0.017977
10.915,-0.0175822
10.92,-0.0174011
10.925,-0.0178109
10.93,-0.0186334
10.935,-0.0196399
10.94,-0.0203419
10.945,-0.0204702
10.95,-0.0202482
10.955,-0.0199999
10.96,-0.0197424
10.965,-0.0193693
10.97,-0.0189032
10.975,-0.0180957
10.98,-0.0170142
10.985,-0.0159487
10.99,-0.0148544
10.995,-0.01348
11,-0.0122538
11.005,-0.011449
11.01,-0.0111887
11.015,-0.0114197
11.02,-0.0120593
11.025,-0.0126688
11.03,-0.0129938
11.035,-0.0132493
11.04,-0.0136413
11.045,-0.0141598
11.05,-0.0144526
11.055,-0.014328
11.06,-0.0136304
11.065,-0.0126975
11.07,-0.0119142
11.075,-0.0111358
11.08,-0.0101645
11.085,-0.0090855
11.09,-0.00810339
11.095,-0.00731801
11.1,-0.00639
11.105,-0.00509759
11.11,-0.00388279
11.115,-0.00298806
11.12,-0.00222765
11.125,-0.00143866
11.13,-6.85E-04
11.135,-1.15E-04
11.14,3.35E-04
11.145,0.00110842
11.15,0.0021145
11.155,0.00297528
11.16,0.00389027
11.165,0.00510086
11.17,0.00628154
11.175,0.00741315
11.18,0.00905443
11.185,0.0107737
11.19,0.0119469
11.195,0.0128216
11.2,0.0137082
11.205,0.0143903
11.21,0.0148543
11.215,0.0153201
11.22,0.015737
11.225,0.0160924
11.23,0.0168185
11.235,0.0178544
11.24,0.0188079
11.245,0.0199151
11.25,0.0213764
11.255,0.0226448
11.26,0.0234931
11.265,0.0241336
11.27,0.024377
11.275,0.0241672
11.28,0.024057
11.285,0.0242549
11.29,0.0242975
11.295,0.0241996
11.3,0.0243257
11.305,0.0247406
11.31,0.0252255
11.315,0.0259153
11.32,0.0265286
11.325,0.0266262
11.33,0.0264624
11.335,0.0264124
11.34,0.0261088
11.345,0.0255505
11.35,0.0251751
11.355,0.0248864
11.36,0.0243912
11.365,0.0237228
11.37,0.023013
11.375,0.0222247
11.38,0.0214168
11.385,0.0206952
11.39,0.0199114
11.395,0.0187918
11.4,0.0168299
11.405,0.0143422
11.41,0.0119792
11.415,0.0100179
11.42,0.00824397
11.425,0.0063324
11.43,0.00436636
11.435,0.00258666
11.44,0.00129703
11.445,5.09E-04
11.45,2.03E-04
11.455,2.09E-04
11.46,3.85E-04
11.465,7.53E-04
11.47,0.00128108
11.475,0.00207081
11.48,0.00304393
11.485,0.00408147
11.49,0.00492995
11.495,0.00553693
11.5,0.00568415
11.505,0.00547524
11.51,0.00513606
11.515,0.00465563
11.52,0.00405647
11.525,0.00398873
11.53,0.00458248
11.535,0.00576026
11.54,0.00706951
11.545,0.00812641
11.55,0.00941601
11.555,0.0110608
11.56,0.0125484
11.565,0.0137132
11.57,0.0147526
11.575,0.015368
11.58,0.0155164
11.585,0.0151405
11.59,0.0144613
11.595,0.0137193
11.6,0.0126035
11.605,0.0110104
11.61,0.00968863
11.615,0.00903801
11.62,0.00877789
11.625,0.008169
11.63,0.00697228
11.635,0.00616392
11.64,0.00596511
11.645,0.00577757
11.65,0.00524114
11.655,0.00447698
11.66,0.00362931
11.665,0.00290758
11.67,0.00259248
11.675,0.00264666
11.68,0.00283378
11.685,0.00318727
11.69,0.00356329
11.695,0.00345358
11.7,0.00282667
11.705,0.00195554
11.71,0.00117009
11.715,5.68E-04
11.72,-4.20E-05
11.725,-5.82E-04
11.73,-8.70E-04
11.735,-0.00130156
11.74,-0.00205356
11.745,-0.00237939
11.75,-0.00203755
11.755,-0.00135109
11.76,-9.77E-04
11.765,-0.00117157
11.77,-0.00200711
11.775,-0.00296669
11.78,-0.00357649
11.785,-0.00423327
11.79,-0.0052931
11.795,-0.00627473
11.8,-0.006855
11.805,-0.00702611
11.81,-0.00673413
11.815,-0.00613195
11.82,-0.00590673
11.825,-0.00609452
11.83,-0.00618507
11.835,-0.00617251
11.84,-0.0063008
11.845,-0.00674954
11.85,-0.00729418
11.855,-0.0074745
11.86,-0.00729373
11.865,-0.00698869
11.87,-0.00648287
11.875,-0.00576343
11.88,-0.00489966
11.885,-0.00386389
11.89,-0.00253258
11.895,-8.35E-04
11.9,9.38E-04
11.905,0.00187774
11.91,0.002231
11.915,0.00294431
11.92,0.00403476
11.925,0.00500641
11.93,0.00532143
11.935,0.00506651
11.94,0.00451813
11.945,0.00392311
11.95,0.00335582
11.955,0.00254438
11.96,0.00147896
11.965,4.55E-04
11.97,-5.50E-04
11.975,-0.00176938
11.98,-0.00315753
11.985,-0.00443174
11.99,-0.00532475
11.995,-0.00595763
12,-0.00654456
12.005,-0.0069372
12.01,-0.00703232
12.015,-0.00678401
12.02,-0.00638461
12.025,-0.00600273
12.03,-0.00550863
12.035,-0.00474338
12.04,-0.00420079
12.045,-0.00419412
12.05,-0.00405442
12.055,-0.00350531
12.06,-0.00289483
12.065,-0.00249477
12.07,-0.00229327
12.075,-0.00230033
12.08,-0.00241385
12.085,-0.00241214
12.09,-0.00243842
12.095,-0.00275425
12.1,-0.00327941
12.105,-0.00379642
12.11,-0.00450642
12.115,-0.00535743
12.12,-0.00609304
12.125,-0.0066947
12.13,-0.00725008
12.135,-0.00749602
12.14,-0.00759319
12.145,-0.0079455
12.15,-0.00847521
12.155,-0.00895187
12.16,-0.00942655
12.165,-0.00995428
12.17,-0.0104794
12.175,-0.0110682
12.18,-0.0117825
12.185,-0.0127836
12.19,-0.0140253
12.195,-0.0153822
12.2,-0.0167471
12.205,-0.0180398
12.21,-0.0189443
12.215,-0.0192632
12.22,-0.0189846
12.225,-0.0182827
12.23,-0.0174066
12.235,-0.0164565
12.24,-0.0154927
12.245,-0.0145118
12.25,-0.0135427
12.255,-0.012617
12.26,-0.0117788
12.265,-0.0110953
12.27,-0.0107497
12.275,-0.0106353
12.28,-0.010545
12.285,-0.0104283
12.29,-0.0103332
12.295,-0.0104918
12.3,-0.0106851
12.305,-0.0104947
12.31,-0.00981185
12.315,-0.00890791
12.32,-0.00764358
12.325,-0.006141
12.33,-0.00473537
12.335,-0.00342591
12.34,-0.00215032
12.345,-0.0013
12.35,-9.22E-04
12.355,-9.14E-04
12.36,-0.00125003
12.365,-0.0017407
12.37,-0.00204117
12.375,-0.00219599
12.38,-0.00278746
12.385,-0.00363366
12.39,-0.0042159
12.395,-0.00451858
12.4,-0.00485084
12.405,-0.00530994
12.41,-0.00558275
12.415,-0.0053024
12.42,-0.00482409
12.425,-0.00458647
12.43,-0.00470167
12.435,-0.00486892
12.44,-0.00481876
12.445,-0.00419342
12.45,-0.00314718
12.455,-0.00207158
12.46,-0.00106295
12.465,2.89E-05
12.47,0.00100909
12.475,0.0017222
12.48,0.00180857
12.485,0.00141704
12.49,9.23E-04
12.495,3.79E-04
12.5,-2.35E-04
12.505,-5.34E-04
12.51,-4.58E-04
12.515,-2.46E-04
12.52,2.21E-04
12.525,0.00103505
12.53,0.00191974
12.535,0.00238264
12.54,0.00215119
12.545,0.00139073
12.55,4.88E-04
12.555,8.15E-05
12.56,1.36E-04
12.565,1.96E-04
12.57,2.18E-04
12.575,3.43E-04
12.58,5.59E-04
12.585,7.50E-04
12.59,8.49E-04
12.595,7.96E-04
12.6,6.29E-04
12.605,3.56E-04
12.61,-5.74E-05
12.615,-8.57E-04
12.62,-0.0017407
12.625,-0.00230548
12.63,-0.00241541
12.635,-0.00224775
12.64,-0.00173616
12.645,-8.42E-04
12.65,2.34E-04
12.655,0.00134893
12.66,0.00237053
12.665,0.00318423
12.67,0.00393508
12.675,0.00479133
12.68,0.00559434
12.685,0.00634454
12.69,0.0073716
12.695,0.00858264
12.7,0.00966042
12.705,0.0107586
12.71,0.0119885
12.715,0.0130346
12.72,0.0137109
12.725,0.0140866
12.73,0.0142468
12.735,0.0142659
12.74,0.0140497
12.745,0.0136133
12.75,0.0130139
12.755,0.0123409
12.76,0.0116592
12.765,0.0109999
12.77,0.0104658
12.775,0.010173
12.78,0.0100702
12.785,0.0100211
12.79,0.00985193
12.795,0.0095909
12.8,0.00936149
12.805,0.00909432
12.81,0.00866567
12.815,0.0078156
12.82,0.00689701
12.825,0.00643219
12.83,0.00610867
12.835,0.00556418
12.84,0.00538108
12.845,0.00566559
12.85,0.00595023
12.855,0.00613229
12.86,0.00633764
12.865,0.00667493
12.87,0.00698441
12.875,0.00698979
12.88,0.00684254
12.885,0.00686355
12.89,0.00713347
12.895,0.00742515
12.9,0.00735476
12.905,0.00673314
12.91,0.00577658
12.915,0.00550332
12.92,0.00579225
12.925,0.00563728
12.93,0.0046382
12.935,0.00319789
12.94,0.00178237
12.945,5.90E-04
12.95,-4.22E-04
12.955,-0.00141581
12.96,-0.00242379
12.965,-0.00286822
12.97,-0.00279656
12.975,-0.00258168
12.98,-0.00233537
12.985,-0.00203723
12.99,-0.00170884
12.995,-0.00136401
13,-9.68E-04
13.005,-8.03E-04
13.01,-0.00100428
13.015,-0.00116124
13.02,-1.00E-03
13.025,-4.15E-04
13.03,7.95E-04
13.035,0.00247918
13.04,0.00358398
13.045,0.0039334
13.05,0.00439459
13.055,0.00520293
13.06,0.00602226
13.065,0.00682574
13.07,0.00757386
13.075,0.00788514
13.08,0.00790691
13.085,0.00800318
13.09,0.00803733
13.095,0.00785766
13.1,0.00752288
13.105,0.00705012
13.11,0.00632198
13.115,0.00504895
13.12,0.00338517
13.125,0.00169699
13.13,4.26E-05
13.135,-0.00170288
13.14,-0.00323855
13.145,-0.00437406
13.15,-0.0051899
13.155,-0.00560352
13.16,-0.00566188
13.165,-0.00569667
13.17,-0.00585886
13.175,-0.00592589
13.18,-0.00586258
13.185,-0.0058162
13.19,-0.00614411
13.195,-0.00681265
13.2,-0.00751826
13.205,-0.00801719
13.21,-0.00833475
13.215,-0.00866387
13.22,-0.00902452
13.225,-0.00915331
13.23,-0.00892555
13.235,-0.00848626
13.24,-0.0080691
13.245,-0.0077056
13.25,-0.00722438
13.255,-0.00647992
13.26,-0.00551341
13.265,-0.00415822
13.27,-0.00253063
13.275,-9.55E-04
13.28,6.96E-04
13.285,0.00274605
13.29,0.00478173
13.295,0.00642304
13.3,0.00748861
13.305,0.00804675
13.31,0.0081887
13.315,0.00797434
13.32,0.00760348
13.325,0.00684251
13.33,0.00578343
13.335,0.00474406
13.34,0.00371196
13.345,0.00260012
13.35,0.00132358
13.355,7.36E-05
13.36,-9.24E-04
13.365,-0.00187889
13.37,-0.0029915
13.375,-0.00417587
13.38,-0.00516293
13.385,-0.00574085
13.39,-0.00586151
13.395,-0.00576676
13.4,-0.00570146
13.405,-0.00566268
13.41,-0.00547422
13.415,-0.00442582
13.42,-0.00277439
13.425,-0.00168485
13.43,-0.00133174
13.435,-0.00114856
13.44,-6.73E-04
13.445,1.80E-05
13.45,2.65E-04
13.455,1.73E-05
13.46,-3.32E-04
13.465,-6.81E-04
13.47,-0.00104602
13.475,-0.0012177
13.48,-0.00122315
13.485,-0.00120559
13.49,-7.88E-04
13.495,6.45E-05
13.5,0.00103036
13.505,0.00194728
13.51,0.00287187
13.515,0.00386443
13.52,0.00488858
13.525,0.00599671
13.53,0.00709439
13.535,0.00791493
13.54,0.00797616
13.545,0.00729226
13.55,0.00657664
13.555,0.00623873
13.56,0.00614158
13.565,0.00584473
13.57,0.00520215
13.575,0.00462246
13.58,0.00410634
13.585,0.00304716
13.59,0.00168049
13.595,5.82E-04
13.6,-3.79E-04
13.605,-0.00134201
13.61,-0.00208932
13.615,-0.002672
13.62,-0.003303
13.625,-0.00373588
13.63,-0.00385204
13.635,-0.00372258
13.64,-0.00341268
13.645,-0.00300923
13.65,-0.00298041
13.655,-0.00330964
13.66,-0.00375321
13.665,-0.00449667
13.67,-0.0056326
13.675,-0.006646
13.68,-0.00732412
13.685,-0.00786979
13.69,-0.00814932
13.695,-0.00802514
13.7,-0.00763195
13.705,-0.00728223
13.71,-0.00713607
13.715,-0.0070831
13.72,-0.00700708
13.725,-0.00691047
13.73,-0.00684934
13.735,-0.0068351
13.74,-0.00688044
13.745,-0.00693839
13.75,-0.00684064
13.755,-0.00680762
13.76,-0.00723468
13.765,-0.0079446
13.77,-0.00857822
13.775,-0.00876549
13.78,-0.00876448
13.785,-0.00901818
13.79,-0.00961641
13.795,-0.0103618
13.8,-0.0111335
13.805,-0.0117664
13.81,-0.0121407
13.815,-0.012282
13.82,-0.012287
13.825,-0.0120059
13.83,-0.0114149
13.835,-0.0105914
13.84,-0.00975416
13.845,-0.00904931
13.85,-0.00854376
13.855,-0.00806115
13.86,-0.00735482
13.865,-0.00654267
13.87,-0.0058149
13.875,-0.00488577
13.88,-0.00363403
13.885,-0.00203307
13.89,-4.72E-04
13.895,7.11E-04
13.9,0.00148113
13.905,0.00200978
13.91,0.00239776
13.915,0.00304858
13.92,0.00413325
13.925,0.00489876
13.93,0.00503546
13.935,0.00488706
13.94,0.00475697
13.945,0.00468239
13.95,0.00464702
13.955,0.00457766
13.96,0.00431963
13.965,0.00410219
13.97,0.00413395
13.975,0.00421524
13.98,0.00419697
13.985,0.0042111
13.99,0.00410416
13.995,0.00373274
14,0.0032992
14.005,0.00287092
14.01,0.00212792
14.015,0.00122402
14.02,5.40E-04
14.025,4.78E-04
14.03,7.36E-04
14.035,7.66E-04
14.04,1.83E-04
14.045,-9.08E-04
14.05,-0.00182171
14.055,-0.00232466
14.06,-0.00266575
14.065,-0.00293499
14.07,-0.00315309
14.075,-0.00343732
14.08,-0.00367928
14.085,-0.00369759
14.09,-0.0036174
14.095,-0.0035235
14.1,-0.00316195
14.105,-0.00258885
14.11,-0.00201966
14.115,-0.00125476
14.12,-2.58E-04
14.125,6.22E-04
14.13,0.0013214
14.135,0.00202011
14.14,0.00256924
14.145,0.0029001
14.15,0.00304623
14.155,0.00294127
14.16,0.00247477
14.165,0.00186888
14.17,0.00134838
14.175,8.00E-04
14.18,6.08E-05
14.185,-8.94E-04
14.19,-0.00172088
14.195,-0.00225642
14.2,-0.00263393
14.205,-0.00280777
14.21,-0.00272489
14.215,-0.00240603
14.22,-0.00195278
14.225,-0.00139147
14.23,-8.60E-04
14.235,-4.58E-04
14.24,-1.02E-04
14.245,3.07E-04
14.25,7.83E-04
14.255,0.00117246
14.26,0.00140663
14.265,0.00174392
14.27,0.00225316
14.275,0.00270427
14.28,0.00300427
14.285,0.00324566
14.29,0.00347676
14.295,0.0037241
14.3,0.00404639
14.305,0.00441151
14.31,0.00476246
14.315,0.00524758
14.32,0.00591679
14.325,0.00669122
14.33,0.00729352
14.335,0.0076146
14.34,0.00790849
14.345,0.00832762
14.35,0.00876369
14.355,0.00912605
14.36,0.00941157
14.365,0.009448
14.37,0.00924116
14.375,0.00896049
14.38,0.00856303
14.385,0.00799349
14.39,0.00729524
14.395,0.00651068
14.4,0.0054491
14.405,0.00383792
14.41,0.00186438
14.415,9.67E-04
14.42,0.00107826
14.425,0.00105033
14.43,4.79E-04
14.435,-3.11E-04
14.44,-6.93E-04
14.445,-7.47E-04
14.45,-8.99E-04
14.455,-0.00116764
14.46,-0.00134547
14.465,-0.00142095
14.47,-0.00148246
14.475,-0.00158758
14.48,-0.00179038
14.485,-0.00205199
14.49,-0.00218586
14.495,-0.00224243
14.5,-0.0023933
14.505,-0.00264469
14.51,-0.00292763
14.515,-0.00348242
14.52,-0.00420601
14.525,-0.00475431
14.53,-0.00492115
14.535,-0.00503538
14.54,-0.00584169
14.545,-0.00711123
14.55,-0.00820204
14.555,-0.00889379
14.56,-0.0093235
14.565,-0.00954227
14.57,-0.010115
14.575,-0.0113247
14.58,-0.0123714
14.585,-0.0129461
14.59,-0.0134452
14.595,-0.0138196
14.6,-0.0138533
14.605,-0.0136174
14.61,-0.013232
14.615,-0.0126733
14.62,-0.0120666
14.625,-0.0115342
14.63,-0.0108857
14.635,-0.0102595
14.64,-0.00996615
14.645,-0.00971096
14.65,-0.00914923
14.655,-0.00830919
14.66,-0.00740013
14.665,-0.00648508
14.67,-0.00532644
14.675,-0.00386523
14.68,-0.00256287
14.685,-0.00160632
14.69,-7.80E-04
14.695,1.56E-04
14.7,0.00121458
14.705,0.00204003
14.71,0.00257795
14.715,0.00302904
14.72,0.00351018
14.725,0.00402409
14.73,0.00470984
14.735,0.00536152
14.74,0.00565855
14.745,0.00585813
14.75,0.00626463
14.755,0.00672415
14.76,0.00710611
14.765,0.00747367
14.77,0.00770888
14.775,0.00776534
14.78,0.00810996
14.785,0.00875023
14.79,0.00932014
14.795,0.00993398
14.8,0.0107822
14.805,0.011646
14.81,0.0122491
14.815,0.0125533
14.82,0.012721
14.825,0.012866
14.83,0.0126624
14.835,0.0122206
14.84,0.0119107
14.845,0.0116946
14.85,0.0114087
14.855,0.0112426
14.86,0.0113058
14.865,0.0115176
14.87,0.0118266
14.875,0.012159
14.88,0.0124713
14.885,0.0127315
14.89,0.0129087
14.895,0.0128834
14.9,0.0126891
14.905,0.0123237
14.91,0.0120331
14.915,0.0121356
14.92,0.012717
14.925,0.0134595
14.93,0.0138239
14.935,0.0138711
14.94,0.0139473
14.945,0.0140751
14.95,0.0141116
14.955,0.0140564
14.96,0.0139309
14.965,0.0137133
14.97,0.0135115
14.975,0.0134154
14.98,0.0133782
14.985,0.0133506
14.99,0.0133763
14.995,0.0133961
15,0.0133387
15.005,0.0133407
15.01,0.0133394
15.015,0.0129953
15.02,0.0122578
15.025,0.0113956
15.03,0.0106941
15.035,0.01004
15.04,0.00894503
15.045,0.00740659
15.05,0.00583606
15.055,0.0049828
15.06,0.00470482
15.065,0.00445943
15.07,0.00394106
15.075,0.00319037
15.08,0.0025335
15.085,0.00207517
15.09,0.0017185
15.095,0.00122236
15.1,5.40E-04
15.105,-1.57E-05
15.11,-3.59E-04
15.115,-6.63E-04
15.12,-9.47E-04
15.125,-0.00115725
15.13,-0.00123879
15.135,-0.00130162
15.14,-0.00152976
15.145,-0.00204467
15.15,-0.00277155
15.155,-0.00361649
15.16,-0.00443144
15.165,-0.00512516
15.17,-0.00577437
15.175,-0.00641175
15.18,-0.00648496
15.185,-0.00605709
15.19,-0.00553242
15.195,-0.00510141
15.2,-0.00477721
15.205,-0.00459852
15.21,-0.00451667
15.215,-0.00448695
15.22,-0.00469239
15.225,-0.00516992
15.23,-0.00573897
15.235,-0.00619618
15.24,-0.00646373
15.245,-0.00653994
15.25,-0.00651835
15.255,-0.00654744
15.26,-0.00665831
15.265,-0.00675992
15.27,-0.00678784
15.275,-0.00673149
15.28,-0.00653826
15.285,-0.00616232
15.29,-0.0055213
15.295,-0.00465638
15.3,-0.0037289
15.305,-0.002715
15.31,-0.00162264
15.315,-5.10E-04
15.32,4.44E-04
15.325,0.00111267
15.33,0.00158909
15.335,0.00189527
15.34,0.00160524
15.345,9.78E-04
15.35,5.36E-04
15.355,3.06E-04
15.36,8.85E-05
15.365,-1.09E-04
15.37,-1.34E-04
15.375,1.30E-04
15.38,3.95E-04
15.385,4.46E-04
15.39,3.35E-04
15.395,1.33E-04
15.4,-2.23E-04
15.405,-8.67E-04
15.41,-0.0016486
15.415,-0.00197068
15.42,-0.00196493
15.425,-0.00219493
15.43,-0.00299725
15.435,-0.00410547
15.44,-0.00508476
15.445,-0.00579442
15.45,-0.00630132
15.455,-0.00666191
15.46,-0.00696544
15.465,-0.00727793
15.47,-0.0073987
15.475,-0.00709181
15.48,-0.00658507
15.485,-0.00619016
15.49,-0.00599635
15.495,-0.00582614
15.5,-0.00551732
15.505,-0.00519063
15.51,-0.00498477
15.515,-0.00481132
15.52,-0.00461427
15.525,-0.00443854
15.53,-0.00431427
15.535,-0.00428483
15.54,-0.00495127
15.545,-0.00618894
15.55,-0.00757688
15.555,-0.00901025
15.56,-0.0104653
15.565,-0.0116519
15.57,-0.0124443
15.575,-0.0129574
15.58,-0.0132941
15.585,-0.0135524
15.59,-0.0138189
15.595,-0.0139659
15.6,-0.0137651
15.605,-0.0133771
15.61,-0.013028
15.615,-0.0126653
15.62,-0.0122592
15.625,-0.0119359
15.63,-0.0116521
15.635,-0.0113502
15.64,-0.0113611
15.645,-0.0116828
15.65,-0.0121093
15.655,-0.0126863
15.66,-0.013414
15.665,-0.0139178
15.67,-0.0141266
15.675,-0.0142422
15.68,-0.0141932
15.685,-0.0139251
15.69,-0.0135445
15.695,-0.0131304
15.7,-0.0125053
15.705,-0.0117132
15.71,-0.0109164
15.715,-0.0101261
15.72,-0.00934808
15.725,-0.00875347
15.73,-0.00834301
15.735,-0.00800545
15.74,-0.00741501
15.745,-0.00666312
15.75,-0.00629641
15.755,-0.00621959
15.76,-0.00601311
15.765,-0.00601556
15.77,-0.00642389
15.775,-0.00708204
15.78,-0.00770923
15.785,-0.00817793
15.79,-0.00866753
15.795,-0.00924595
15.8,-0.00971884
15.805,-0.00986168
15.81,-0.00957815
15.815,-0.00908746
15.82,-0.00863819
15.825,-0.00805807
15.83,-0.00727671
15.835,-0.00641585
15.84,-0.00549917
15.845,-0.00450881
15.85,-0.00337576
15.855,-0.0021716
15.86,-9.84E-04
15.865,2.69E-04
15.87,0.00163373
15.875,0.00287928
15.88,0.00394986
15.885,0.00495284
15.89,0.00581169
15.895,0.00642988
15.9,0.00664132
15.905,0.00656436
15.91,0.00651927
15.915,0.00686051
15.92,0.00777998
15.925,0.00872254
15.93,0.00927564
15.935,0.00938269
15.94,0.00937598
15.945,0.00951865
15.95,0.00965102
15.955,0.00965006
15.96,0.00969083
15.965,0.00967728
15.97,0.00934448
15.975,0.00888362
15.98,0.00853719
15.985,0.00801964
15.99,0.0074453
15.995,0.00722587
16,0.00720261
16.005,0.00708332
16.01,0.00710038
16.015,0.00725949
16.02,0.0072111
16.025,0.00704392
16.03,0.00702771
16.035,0.0072745
16.04,0.00750556
16.045,0.00718265
16.05,0.00661425
16.055,0.00637447
16.06,0.00674994
16.065,0.00738106
16.07,0.00762454
16.075,0.00754308
16.08,0.0075121
16.085,0.00744285
16.09,0.00720304
16.095,0.00689715
16.1,0.00660084
16.105,0.00630805
16.11,0.00603797
16.115,0.0057964
16.12,0.00546249
16.125,0.0051627
16.13,0.00510584
16.135,0.0051316
16.14,0.00504031
16.145,0.00502833
16.15,0.00512444
16.155,0.00517559
16.16,0.0053663
16.165,0.00583548
16.17,0.00626956
16.175,0.00653479
16.18,0.00682038
16.185,0.00718603
16.19,0.00754132
16.195,0.0077771
16.2,0.00790039
16.205,0.00798274
16.21,0.00821543
16.215,0.00874784
16.22,0.00931178
16.225,0.00974997
16.23,0.0103027
16.235,0.0109723
16.24,0.0115575
16.245,0.0120842
16.25,0.0126438
16.255,0.0132225
16.26,0.0138167
16.265,0.0144499
16.27,0.0149558
16.275,0.0152614
16.28,0.015683
16.285,0.0162143
16.29,0.0164483
16.295,0.016447
16.3,0.0165044
16.305,0.0165758
16.31,0.0164971
16.315,0.0161522
16.32,0.0156413
16.325,0.0150979
16.33,0.0145839
16.335,0.0141028
16.34,0.0136255
16.345,0.0131899
16.35,0.0128313
16.355,0.0123323
16.36,0.0116428
16.365,0.0110421
16.37,0.0104915
16.375,0.00974466
16.38,0.00887634
16.385,0.00809346
16.39,0.00743912
16.395,0.00675997
16.4,0.00586376
16.405,0.00449826
16.41,0.00273194
16.415,0.00143383
16.42,7.99E-04
16.425,5.08E-04
16.43,5.00E-05
16.435,-7.97E-04
16.44,-0.00191195
16.445,-0.00303266
16.45,-0.00392744
16.455,-0.00471315
16.46,-0.00557251
16.465,-0.0065244
16.47,-0.00747288
16.475,-0.00843425
16.48,-0.00928361
16.485,-0.00985043
16.49,-0.010138
16.495,-0.0102816
16.5,-0.0103164
16.505,-0.0103033
16.51,-0.0102833
16.515,-0.0103185
16.52,-0.0104233
16.525,-0.0104776
16.53,-0.010445
16.535,-0.0104417
16.54,-0.0107075
16.545,-0.0114456
16.55,-0.0126123
16.555,-0.0138458
16.56,-0.0145198
16.565,-0.0146911
16.57,-0.0147656
16.575,-0.0149226
16.58,-0.0151145
16.585,-0.015332
16.59,-0.0156063
16.595,-0.0160119
16.6,-0.0162683
16.605,-0.0161766
16.61,-0.0161008
16.615,-0.0162101
16.62,-0.0162292
16.625,-0.0160665
16.63,-0.0158651
16.635,-0.0156193
16.64,-0.0152797
16.645,-0.0149081
16.65,-0.0146033
16.655,-0.0144391
16.66,-0.0143511
16.665,-0.0142362
16.67,-0.0140957
16.675,-0.0139605
16.68,-0.0138324
16.685,-0.0136518
16.69,-0.013379
16.695,-0.0131623
16.7,-0.0130424
16.705,-0.0126377
16.71,-0.0119851
16.715,-0.0114304
16.72,-0.0109301
16.725,-0.0102977
16.73,-0.00950344
16.735,-0.00862962
16.74,-0.0076768
16.745,-0.006707
16.75,-0.00578308
16.755,-0.00472603
16.76,-0.00351907
16.765,-0.00247087
16.77,-0.00165008
16.775,-9.42E-04
16.78,-3.02E-04
16.785,2.70E-04
16.79,7.21E-04
16.795,0.00105633
16.8,0.00111558
16.805,0.0010202
16.81,0.0010275
16.815,0.00110368
16.82,0.00112864
16.825,0.00108458
16.83,0.00104546
16.835,0.00107937
16.84,0.00134526
16.845,0.00184948
16.85,0.00240278
16.855,0.0029191
16.86,0.00384681
16.865,0.00496629
16.87,0.0056741
16.875,0.00600667
16.88,0.00628578
16.885,0.00644221
16.89,0.00648646
16.895,0.00654655
16.9,0.00614255
16.905,0.00506072
16.91,0.0040697
16.915,0.00360241
16.92,0.00353817
16.925,0.00347105
16.93,0.00315611
16.935,0.00260984
16.94,0.00196233
16.945,0.00142624
16.95,9.19E-04
16.955,1.19E-04
16.96,-5.56E-04
16.965,-6.74E-04
16.97,-5.53E-04
16.975,-5.28E-04
16.98,-2.97E-04
16.985,8.64E-05
16.99,1.89E-04
16.995,1.71E-05
17,-2.36E-04
17.005,-6.65E-04
17.01,-0.00109894
17.015,-9.69E-04
17.02,-4.16E-04
17.025,1.43E-04
17.03,3.94E-04
17.035,3.98E-04
17.04,1.06E-04
17.045,-1.95E-04
17.05,-1.22E-04
17.055,3.66E-04
17.06,0.00109212
17.065,0.00211422
17.07,0.0032557
17.075,0.00397704
17.08,0.00436853
17.085,0.00479992
17.09,0.00512798
17.095,0.00515288
17.1,0.00518596
17.105,0.00535655
17.11,0.0054188
17.115,0.00539443
17.12,0.00545013
17.125,0.00561119
17.13,0.00579639
17.135,0.00600909
17.14,0.00633146
17.145,0.00682611
17.15,0.00737851
17.155,0.00784933
17.16,0.00810152
17.165,0.00822513
17.17,0.00846793
17.175,0.00877318
17.18,0.00893853
17.185,0.00896591
17.19,0.00897285
17.195,0.00887577
17.2,0.00867734
17.205,0.00845585
17.21,0.00825226
17.215,0.00807331
17.22,0.0079558
17.225,0.00793807
17.23,0.00809011
17.235,0.00836824
17.24,0.00869073
17.245,0.00900297
17.25,0.00928976
17.255,0.00961403
17.26,0.009935
17.265,0.0101076
17.27,0.0101868
17.275,0.0103129
17.28,0.0104101
17.285,0.0104031
17.29,0.0102025
17.295,0.00982613
17.3,0.00933529
17.305,0.00881335
17.31,0.00829882
17.315,0.0076313
17.32,0.00682537
17.325,0.00610275
17.33,0.00550366
17.335,0.00491705
17.34,0.00428811
17.345,0.00364291
17.35,0.00303136
17.355,0.00255392
17.36,0.00230169
17.365,0.00219826
17.37,0.00213634
17.375,0.00217933
17.38,0.00234553
17.385,0.00253749
17.39,0.00267925
17.395,0.00272747
17.4,0.00256268
17.405,0.00231793
17.41,0.00294916
17.415,0.00420741
17.42,0.00513424
17.425,0.00542569
17.43,0.00537582
17.435,0.00522215
17.44,0.00501315
17.445,0.00472838
17.45,0.00425374
17.455,0.00353142
17.46,0.00274982
17.465,0.00205115
17.47,0.00128235
17.475,4.83E-04
17.48,-1.69E-04
17.485,-5.58E-04
17.49,-8.08E-04
17.495,-0.00104492
17.5,-0.00131629
17.505,-0.00162177
17.51,-0.00202901
17.515,-0.00254433
17.52,-0.00291438
17.525,-0.00304562
17.53,-0.0030123
17.535,-0.00350488
17.54,-0.0048346
17.545,-0.00626317
17.55,-0.00727833
17.555,-0.00796487
17.56,-0.00856692
17.565,-0.00919016
17.57,-0.00995873
17.575,-0.0107954
17.58,-0.0114708
17.585,-0.011942
17.59,-0.0123189
17.595,-0.0127084
17.6,-0.0130485
17.605,-0.0130482
17.61,-0.0128706
17.615,-0.0128261
17.62,-0.0126896
17.625,-0.0123176
17.63,-0.0120313
17.635,-0.011893
17.64,-0.0117047
17.645,-0.0114372
17.65,-0.0111724
17.655,-0.0108043
17.66,-0.0104224
17.665,-0.0103147
17.67,-0.010177
17.675,-0.0096936
17.68,-0.00931119
17.685,-0.00930977
17.69,-0.00952206
17.695,-0.00980221
17.7,-0.0101844
17.705,-0.0103783
17.71,-0.0103032
17.715,-0.0103065
17.72,-0.010319
17.725,-0.0100011
17.73,-0.0095076
17.735,-0.00910912
17.74,-0.00849878
17.745,-0.00761281
17.75,-0.00664757
17.755,-0.00563245
17.76,-0.00456083
17.765,-0.0036711
17.77,-0.00319259
17.775,-0.00277994
17.78,-0.00212523
17.785,-0.00132947
17.79,-6.63E-04
17.795,-2.17E-04
17.8,5.42E-05
17.805,3.34E-04
17.81,7.44E-04
17.815,0.00114626
17.82,0.00144692
17.825,0.0017539
17.83,0.00207671
17.835,0.00232623
17.84,0.00266261
17.845,0.00319439
17.85,0.00370322
17.855,0.0041029
17.86,0.00455986
17.865,0.00500051
17.87,0.00522921
17.875,0.00540509
17.88,0.00568846
17.885,0.00585083
17.89,0.00587693
17.895,0.00592646
17.9,0.00576878
17.905,0.00526639
17.91,0.00501101
17.915,0.00530675
17.92,0.006211
17.925,0.00716613
17.93,0.00768836
17.935,0.00793061
17.94,0.00817784
17.945,0.0084804
17.95,0.0087968
17.955,0.00913722
17.96,0.00934205
17.965,0.00938857
17.97,0.00934933
17.975,0.00922934
17.98,0.00894262
17.985,0.00840853
17.99,0.00773876
17.995,0.00703639
18,0.00629001
18.005,0.00545786
18.01,0.00462646
18.015,0.00387742
18.02,0.00324986
18.025,0.00291056
18.03,0.00301729
18.035,0.00324741
18.04,0.00324337
18.045,0.00282336
18.05,0.00225897
18.055,0.00190665
18.06,0.00182024
18.065,0.00187152
18.07,0.00188764
18.075,0.00179669
18.08,0.00152032
18.085,0.00108857
18.09,6.00E-04
18.095,2.58E-04
18.1,-2.73E-05
18.105,-5.59E-04
18.11,-0.00120613
18.115,-0.0017135
18.12,-0.00233492
18.125,-0.00318206
18.13,-0.00402142
18.135,-0.00462218
18.14,-0.00504168
18.145,-0.00567321
18.15,-0.00656175
18.155,-0.00732133
18.16,-0.00776
18.165,-0.00801268
18.17,-0.00834669
18.175,-0.00880787
18.18,-0.00927004
18.185,-0.00960122
18.19,-0.0098227
18.195,-0.0100976
18.2,-0.0104485
18.205,-0.010693
18.21,-0.0108201
18.215,-0.0109248
18.22,-0.0109639
18.225,-0.0109004
18.23,-0.0107754
18.235,-0.0106113
18.24,-0.0104118
18.245,-0.0102553
18.25,-0.0101539
18.255,-0.00997163
18.26,-0.00971478
18.265,-0.00945173
18.27,-0.00910769
18.275,-0.00865524
18.28,-0.00818316
18.285,-0.00771523
18.29,-0.00721193
18.295,-0.00649738
18.3,-0.00556566
18.305,-0.00470139
18.31,-0.0039449
18.315,-0.00298179
18.32,-0.00202101
18.325,-0.00133866
18.33,-6.73E-04
18.335,1.35E-04
18.34,8.13E-04
18.345,0.0014025
18.35,0.00216198
18.355,0.00312495
18.36,0.0041286
18.365,0.00528325
18.37,0.00641912
18.375,0.00723678
18.38,0.00781754
18.385,0.00836056
18.39,0.00861447
18.395,0.0085648
18.4,0.00831703
18.405,0.00791824
18.41,0.00747517
18.415,0.00745602
18.42,0.00787949
18.425,0.00830737
18.43,0.00852552
18.435,0.00863172
18.44,0.00879326
18.445,0.00899544
18.45,0.00907053
18.455,0.00896163
18.46,0.0087112
18.465,0.00830964
18.47,0.00778772
18.475,0.00712983
18.48,0.00632657
18.485,0.00534777
18.49,0.00401614
18.495,0.00250242
18.5,0.00124169
18.505,3.70E-04
18.51,-2.27E-04
18.515,-7.77E-04
18.52,-0.00127139
18.525,-0.00125879
18.53,-6.78E-04
18.535,1.94E-04
18.54,4.65E-04
18.545,1.48E-06
18.55,-4.73E-04
18.555,-5.68E-04
18.56,-4.10E-04
18.565,-3.22E-04
18.57,-4.00E-04
18.575,-5.83E-04
18.58,-8.17E-04
18.585,-0.00113112
18.59,-0.00138847
18.595,-0.00155348
18.6,-0.00192671
18.605,-0.00241625
18.61,-0.00267928
18.615,-0.00274911
18.62,-0.00282302
18.625,-0.00288213
18.63,-0.00292444
18.635,-0.00303761
18.64,-0.00323254
18.645,-0.00346982
18.65,-0.00385829
18.655,-0.00426476
18.66,-0.00443891
18.665,-0.00456053
18.67,-0.00480347
18.675,-0.00502762
18.68,-0.00510274
18.685,-0.00505118
18.69,-0.00485855
18.695,-0.0045247
18.7,-0.00392109
18.705,-0.00318769
18.71,-0.00254473
18.715,-0.00203893
18.72,-0.00159883
18.725,-0.00120153
18.73,-9.26E-04
18.735,-0.00101633
18.74,-0.0012655
18.745,-0.00137165
18.75,-0.00160557
18.755,-0.00196344
18.76,-0.00201049
18.765,-0.00172739
18.77,-0.00138351
18.775,-8.98E-04
18.78,-1.74E-04
18.785,7.57E-04
18.79,0.00156772
18.795,0.00208169
18.8,0.00265523
18.805,0.00346266
18.81,0.00431034
18.815,0.00499594
18.82,0.00550944
18.825,0.00601224
18.83,0.00658367
18.835,0.00701242
18.84,0.00718731
18.845,0.00714616
18.85,0.00695314
18.855,0.00665441
18.86,0.00618828
18.865,0.00566221
18.87,0.00524556
18.875,0.00490419
18.88,0.00455116
18.885,0.00416166
18.89,0.00388726
18.895,0.00383848
18.9,0.00365302
18.905,0.00311493
18.91,0.00295903
18.915,0.00358758
18.92,0.00481295
18.925,0.00606032
18.93,0.0069704
18.935,0.00722333
18.94,0.00718023
18.945,0.00736796
18.95,0.00766877
18.955,0.00783451
18.96,0.00804978
18.965,0.00839905
18.97,0.00858875
18.975,0.0087288
18.98,0.00903101
18.985,0.00920791
18.99,0.00916979
18.995,0.00928311
19,0.00962194
19.005,0.0099843
19.01,0.0101885
19.015,0.0102667
19.02,0.0103828
19.025,0.0106791
19.03,0.011193
19.035,0.0115855
19.04,0.0116349
19.045,0.0108191
19.05,0.00968731
19.055,0.0091857
19.06,0.00921467
19.065,0.00922962
19.07,0.00908436
19.075,0.00887076
19.08,0.00860691
19.085,0.00845861
19.09,0.00842604
19.095,0.00820689
19.1,0.00774983
19.105,0.00725587
19.11,0.00682052
19.115,0.00642521
19.12,0.00596511
19.125,0.00544722
19.13,0.00491991
19.135,0.00440617
19.14,0.00388331
19.145,0.00331764
19.15,0.00268717
19.155,0.00200615
19.16,0.00132352
19.165,6.89E-04
19.17,1.09E-04
19.175,-4.82E-04
19.18,-0.00114289
19.185,-0.00160832
19.19,-0.00180675
19.195,-0.00182015
19.2,-0.00178072
19.205,-0.0017303
19.21,-0.00152381
19.215,-0.00117695
19.22,-9.61E-04
19.225,-8.58E-04
19.23,-6.54E-04
19.235,-3.22E-04
19.24,-5.16E-06
19.245,-8.17E-05
19.25,-4.01E-04
19.255,-5.56E-04
19.26,-6.13E-04
19.265,-7.90E-04
19.27,-0.00117563
19.275,-0.00171274
19.28,-0.00235465
19.285,-0.00292731
19.29,-0.00334714
19.295,-0.00376715
19.3,-0.0042744
19.305,-0.00480485
19.31,-0.00527127
19.315,-0.00566047
19.32,-0.00603346
19.325,-0.00642604
19.33,-0.00682955
19.335,-0.00721477
19.34,-0.00757527
19.345,-0.00792197
19.35,-0.00826702
19.355,-0.00860311
19.36,-0.00887203
19.365,-0.00908136
19.37,-0.00935686
19.375,-0.00968271
19.38,-0.00996249
19.385,-0.0102853
19.39,-0.0106807
19.395,-0.0109298
19.4,-0.0111539
19.405,-0.0116533
19.41,-0.0122427
19.415,-0.012642
19.42,-0.0125047
19.425,-0.0119845
19.43,-0.0114652
19.435,-0.0113822
19.44,-0.0116756
19.445,-0.0119218
19.45,-0.0120893
19.455,-0.0123847
19.46,-0.0126263
19.465,-0.0126046
19.47,-0.0126858
19.475,-0.012848
19.48,-0.0127335
19.485,-0.0124279
19.49,-0.0121834
19.495,-0.0118425
19.5,-0.011468
19.505,-0.0112985
19.51,-0.0111083
19.515,-0.0106693
19.52,-0.0102364
19.525,-0.0098749
19.53,-0.00936425
19.535,-0.00862668
19.54,-0.00782583
19.545,-0.00757853
19.55,-0.00783153
19.555,-0.00815236
19.56,-0.00807417
19.565,-0.00751311
19.57,-0.00691794
19.575,-0.00652269
19.58,-0.00622133
19.585,-0.00599573
19.59,-0.0058939
19.595,-0.00564848
19.6,-0.00523317
19.605,-0.0049264
19.61,-0.00475413
19.615,-0.00452122
19.62,-0.00426465
19.625,-0.00403472
19.63,-0.00374241
19.635,-0.0033735
19.64,-0.00301948
19.645,-0.00283158
19.65,-0.00273459
19.655,-0.00241184
19.66,-0.00204627
19.665,-0.00199558
19.67,-0.00205881
19.675,-0.00195674
19.68,-0.00178737
19.685,-0.00171273
19.69,-0.00178158
19.695,-0.0019015
19.7,-0.00200031
19.705,-0.00211607
19.71,-0.00227495
19.715,-0.0024437
19.72,-0.00271326
19.725,-0.00306128
19.73,-0.00327724
19.735,-0.00342461
19.74,-0.00372668
19.745,-0.00395881
19.75,-0.00398657
19.755,-0.00400243
19.76,-0.00406571
19.765,-0.00405157
19.77,-0.00406983
19.775,-0.00423375
19.78,-0.00445831
19.785,-0.0046685
19.79,-0.00491318
19.795,-0.00518606
19.8,-0.00544524
19.805,-0.00559498
19.81,-0.00563467
19.815,-0.00560362
19.82,-0.00553019
19.825,-0.0054072
19.83,-0.00510624
19.835,-0.0046753
19.84,-0.00426377
19.845,-0.00383591
19.85,-0.00334326
19.855,-0.00287741
19.86,-0.0024902
19.865,-0.00212973
19.87,-0.00179088
19.875,-0.00147514
19.88,-0.00123091
19.885,-0.00103205
19.89,-8.62E-04
19.895,-7.18E-04
19.9,-6.23E-04
19.905,-6.66E-04
19.91,-6.89E-04
19.915,-1.52E-04
19.92,9.20E-04
19.925,0.00210199
19.93,0.00313803
19.935,0.00397786
19.94,0.00448785
19.945,0.00490248
19.95,0.00550026
19.955,0.00611367
19.96,0.00656536
19.965,0.00694418
19.97,0.00718403
19.975,0.00711245
19.98,0.00689957
19.985,0.00679373
19.99,0.00685638
19.995,0.00703976
20,0.00728344
20.005,0.00748116
20.01,0.00759575
20.015,0.00786414
20.02,0.00834344
20.025,0.00897111
20.03,0.00980398
20.035,0.0107749
20.04,0.0108337
20.045,0.0101496
20.05,0.00973922
20.055,0.0100063
20.06,0.0106692
20.065,0.0114398
20.07,0.0121472
20.075,0.0127668
20.08,0.0133657
20.085,0.0139513
20.09,0.0144646
20.095,0.0148408
20.1,0.0150142
20.105,0.0151442
20.11,0.0154276
20.115,0.0157192
20.12,0.0158364
20.125,0.0157104
20.13,0.0155726
20.135,0.0156249
20.14,0.0155121
20.145,0.0150818
20.15,0.0146596
20.155,0.0143461
20.16,0.0139865
20.165,0.013666
20.17,0.0134438
20.175,0.0130344
20.18,0.0123777
20.185,0.0116531
20.19,0.0111696
20.195,0.0109259
20.2,0.0105776
20.205,0.0101066
20.21,0.00973023
20.215,0.0094567
20.22,0.00917613
20.225,0.00894177
20.23,0.00887156
20.235,0.00902861
20.24,0.00919791
20.245,0.00924771
20.25,0.00939807
20.255,0.00973952
20.26,0.0101427
20.265,0.0103512
20.27,0.0103088
20.275,0.0103983
20.28,0.0106656
20.285,0.010782
20.29,0.0106767
20.295,0.0105077
20.3,0.0102016
20.305,0.00983318
20.31,0.00959676
20.315,0.00930521
20.32,0.00877908
20.325,0.0083322
20.33,0.00810875
20.335,0.00799616
20.34,0.00782578
20.345,0.00755723
20.35,0.00731442
20.355,0.00715159
20.36,0.00700509
20.365,0.00670639
20.37,0.00620225
20.375,0.00561578
20.38,0.00504021
20.385,0.00442479
20.39,0.00378029
20.395,0.00314137
20.4,0.00210786
20.405,7.95E-04
20.41,-3.08E-04
20.415,-8.08E-04
20.42,-7.72E-04
20.425,-5.53E-04
20.43,-7.26E-04
20.435,-0.00161617
20.44,-0.00265761
20.445,-0.00332449
20.45,-0.0036323
20.455,-0.00395637
20.46,-0.00453581
20.465,-0.00518916
20.47,-0.00571599
20.475,-0.00600078
20.48,-0.00607014
20.485,-0.00602024
20.49,-0.00645596
20.495,-0.00739512
20.5,-0.007917
20.505,-0.00792554
20.51,-0.0079952
20.515,-0.00822678
20.52,-0.00841791
20.525,-0.00841679
20.53,-0.00814815
20.535,-0.00763037
20.54,-0.007668
20.545,-0.0083661
20.55,-0.00890344
20.555,-0.00908931
20.56,-0.00931122
20.565,-0.00960975
20.57,-0.00983288
20.575,-0.00996624
20.58,-0.0101322
20.585,-0.0104118
20.59,-0.0108083
20.595,-0.0112143
20.6,-0.0114528
20.605,-0.0115896
20.61,-0.0117569
20.615,-0.0118376
20.62,-0.0117779
20.625,-0.0116778
20.63,-0.0114433
20.635,-0.0110027
20.64,-0.0105198
20.645,-0.0100645
20.65,-0.0094681
20.655,-0.00891031
20.66,-0.00859019
20.665,-0.00819136
20.67,-0.00762813
20.675,-0.00727951
20.68,-0.00704331
20.685,-0.00664011
20.69,-0.0064236
20.695,-0.00647153
20.7,-0.00630514
20.705,-0.00591698
20.71,-0.005615
20.715,-0.00538339
20.72,-0.00514114
20.725,-0.00496398
20.73,-0.00480949
20.735,-0.00460722
20.74,-0.00467075
20.745,-0.00499507
20.75,-0.00516617
20.755,-0.00508671
20.76,-0.00496035
20.765,-0.00484987
20.77,-0.0047941
20.775,-0.00488716
20.78,-0.00497523
20.785,-0.00490526
20.79,-0.00487901
20.795,-0.00500638
20.8,-0.00526101
20.805,-0.00554864
20.81,-0.00579936
20.815,-0.00588129
20.82,-0.00584517
20.825,-0.00579099
20.83,-0.00578822
20.835,-0.00585049
20.84,-0.00603214
20.845,-0.00622272
20.85,-0.00627203
20.855,-0.00619849
20.86,-0.0060997
20.865,-0.00599644
20.87,-0.00587478
20.875,-0.00571067
20.88,-0.00547226
20.885,-0.00516574
20.89,-0.00490658
20.895,-0.00476117
20.9,-0.00476156
20.905,-0.0051361
20.91,-0.00587212
20.915,-0.00600673
20.92,-0.00543979
20.925,-0.00484342
20.93,-0.00477004
20.935,-0.005208
20.94,-0.00591149
20.945,-0.00649811
20.95,-0.00674256
20.955,-0.00680107
20.96,-0.0069031
20.965,-0.00714975
20.97,-0.00741679
20.975,-0.00759204
20.98,-0.00779195
20.985,-0.00804543
20.99,-0.0081484
20.995,-0.00822031
21,-0.00849935
21.005,-0.00867598
21.01,-0.00860563
21.015,-0.00860994
21.02,-0.00866299
21.025,-0.00852406
21.03,-0.00793886
21.035,-0.00721168
21.04,-0.00717414
21.045,-0.00808571
21.05,-0.00942619
21.055,-0.0101174
21.06,-0.0100108
21.065,-0.00969513
21.07,-0.00938142
21.075,-0.00901754
21.08,-0.0091431
21.085,-0.00955522
21.09,-0.00937891
21.095,-0.00872016
21.1,-0.00812587
21.105,-0.00750675
21.11,-0.00675931
21.115,-0.00602499
21.12,-0.00526038
21.125,-0.00442587
21.13,-0.00379015
21.135,-0.00326881
21.14,-0.00238922
21.145,-0.00142177
21.15,-7.86E-04
21.155,-3.35E-04
21.16,2.41E-04
21.165,0.00103318
21.17,0.00173164
21.175,0.00212948
21.18,0.00250823
21.185,0.00310423
21.19,0.00392863
21.195,0.00471893
21.2,0.00530708
21.205,0.00578503
21.21,0.0063169
21.215,0.00700553
21.22,0.00772075
21.225,0.00831496
21.23,0.00891814
21.235,0.00953012
21.24,0.00983571
21.245,0.0100887
21.25,0.0107497
21.255,0.0114836
21.26,0.01198
21.265,0.0124792
21.27,0.0129835
21.275,0.0132492
21.28,0.0133947
21.285,0.0136084
21.29,0.0137159
21.295,0.0136556
21.3,0.0135409
21.305,0.0134181
21.31,0.0132972
21.315,0.0132557
21.32,0.0132327
21.325,0.0131186
21.33,0.0130942
21.335,0.0132067
21.34,0.0130425
21.345,0.0127277
21.35,0.0127031
21.355,0.0127038
21.36,0.0124323
21.365,0.011979
21.37,0.0116042
21.375,0.0114426
21.38,0.0114505
21.385,0.0114828
21.39,0.0114284
21.395,0.0112998
21.4,0.0111011
21.405,0.0105797
21.41,0.00998653
21.415,0.0102217
21.42,0.0110065
21.425,0.0115218
21.43,0.011608
21.435,0.0116018
21.44,0.0117243
21.445,0.0119163
21.45,0.0120519
21.455,0.0120884
21.46,0.0120985
21.465,0.0122261
21.47,0.0123136
21.475,0.0121148
21.48,0.0119168
21.485,0.0119287
21.49,0.0118385
21.495,0.0115807
21.5,0.0113626
21.505,0.0111436
21.51,0.0108325
21.515,0.0104616
21.52,0.0101258
21.525,0.00992294
21.53,0.0101039
21.535,0.0104961
21.54,0.0099353
21.545,0.00854851
21.55,0.00731118
21.555,0.00675598
21.56,0.00664875
21.565,0.00656208
21.57,0.00629368
21.575,0.00586782
21.58,0.00561628
21.585,0.00554992
21.59,0.00534037
21.595,0.005083
21.6,0.00501
21.605,0.00475494
21.61,0.00423146
21.615,0.00384756
21.62,0.00356745
21.625,0.00313626
21.63,0.00279365
21.635,0.00262214
21.64,0.00231264
21.645,0.0018768
21.65,0.00153014
21.655,0.00120531
21.66,7.91E-04
21.665,2.53E-04
21.67,-3.62E-04
21.675,-9.88E-04
21.68,-0.00150459
21.685,-0.00192685
21.69,-0.00231354
21.695,-0.0026313
21.7,-0.0028658
21.705,-0.0031928
21.71,-0.00353048
21.715,-0.00365947
21.72,-0.00376274
21.725,-0.00403181
21.73,-0.00414561
21.735,-0.00410914
21.74,-0.00423141
21.745,-0.0044131
21.75,-0.0044555
21.755,-0.0044751
21.76,-0.00454176
21.765,-0.00456471
21.77,-0.00453377
21.775,-0.00452912
21.78,-0.00483503
21.785,-0.005208
21.79,-0.00519527
21.795,-0.00496906
21.8,-0.00485578
21.805,-0.00481501
21.81,-0.00477129
21.815,-0.00479562
21.82,-0.00496529
21.825,-0.00525479
21.83,-0.00545829
21.835,-0.0055643
21.84,-0.00570501
21.845,-0.00587066
21.85,-0.0060013
21.855,-0.00612406
21.86,-0.00631157
21.865,-0.00662428
21.87,-0.00703933
21.875,-0.00746323
21.88,-0.00780533
21.885,-0.00809913
21.89,-0.00841312
21.895,-0.00886403
21.9,-0.00954366
21.905,-0.0105932
21.91,-0.0112495
21.915,-0.0109732
21.92,-0.0101672
21.925,-0.00962454
21.93,-0.0100656
21.935,-0.0108126
21.94,-0.0110418
21.945,-0.0111391
21.95,-0.0114904
21.955,-0.0117728
21.96,-0.0118738
21.965,-0.0119679
21.97,-0.0120306
21.975,-0.0120794
21.98,-0.0122438
21.985,-0.0123307
21.99,-0.0121714
21.995,-0.0120279
22,-0.0120105
22.005,-0.0119369
22.01,-0.0117765
22.015,-0.0116319
22.02,-0.0114724
22.025,-0.0110804
22.03,-0.0102866
22.035,-0.00953192
22.04,-0.00920272
22.045,-0.00938745
22.05,-0.00964442
22.055,-0.00946526
22.06,-0.00903625
22.065,-0.00871345
22.07,-0.00845668
22.075,-0.00827936
22.08,-0.00834301
22.085,-0.00847095
22.09,-0.00844172
22.095,-0.00806638
22.1,-0.007532
22.105,-0.0071047
22.11,-0.00680162
22.115,-0.00651982
22.12,-0.00622223
22.125,-0.0059074
22.13,-0.00557034
22.135,-0.00525509
22.14,-0.00498381
22.145,-0.00473381
22.15,-0.0045145
22.155,-0.00435525
22.16,-0.00411888
22.165,-0.00373158
22.17,-0.00339234
22.175,-0.00318476
22.18,-0.00300604
22.185,-0.00272616
22.19,-0.00234286
22.195,-0.00204091
22.2,-0.00182681
22.205,-0.00155638
22.21,-0.00115177
22.215,-6.69E-04
22.22,-2.90E-04
22.225,3.26E-05
22.23,4.72E-04
22.235,9.19E-04
22.24,0.0012436
22.245,0.00165696
22.25,0.00208939
22.255,0.00208724
22.26,0.00198703
22.265,0.00225071
22.27,0.00251908
22.275,0.00260438
22.28,0.00271821
22.285,0.00282214
22.29,0.002786
22.295,0.00268008
22.3,0.00257813
22.305,0.00247039
22.31,0.00251923
22.315,0.00277142
22.32,0.00272856
22.325,0.00240525
22.33,0.00224217
22.335,0.00239086
22.34,0.00270463
22.345,0.0030282
22.35,0.00324392
22.355,0.00332594
22.36,0.0036896
22.365,0.00449284
22.37,0.00510292
22.375,0.00531318
22.38,0.00548574
22.385,0.00583094
22.39,0.00628561
22.395,0.0065931
22.4,0.00655838
22.405,0.00613411
22.41,0.00579302
22.415,0.00586895
22.42,0.00645201
22.425,0.00713133
22.43,0.00746072
22.435,0.00742315
22.44,0.00723732
22.445,0.00696396
22.45,0.00670391
22.455,0.0066186
22.46,0.00653576
22.465,0.00627942
22.47,0.00598742
22.475,0.00583714
22.48,0.00591395
22.485,0.0058383
22.49,0.0053773
22.495,0.00501303
22.5,0.0049628
22.505,0.00501062
22.51,0.00497219
22.515,0.00486345
22.52,0.00500142
22.525,0.00553635
22.53,0.00662892
22.535,0.00744432
22.54,0.0073324
22.545,0.00669283
22.55,0.00615859
22.555,0.00600262
22.56,0.00607639
22.565,0.00618012
22.57,0.00628282
22.575,0.00640804
22.58,0.00646443
22.585,0.00640177
22.59,0.00625789
22.595,0.00616639
22.6,0.00613622
22.605,0.00608444
22.61,0.00613811
22.615,0.00639896
22.62,0.00663557
22.625,0.00670004
22.63,0.00663376
22.635,0.00659542
22.64,0.00663807
22.645,0.00657993
22.65,0.00639328
22.655,0.00628784
22.66,0.00618735
22.665,0.00587705
22.67,0.00553546
22.675,0.00536142
22.68,0.00529819
22.685,0.00520083
22.69,0.00500278
22.695,0.00481432
22.7,0.00471766
22.705,0.00473117
22.71,0.00480931
22.715,0.00492814
22.72,0.00501403
22.725,0.00501389
22.73,0.00488664
22.735,0.00469975
22.74,0.00451075
22.745,0.0042039
22.75,0.00380323
22.755,0.00352746
22.76,0.00333371
22.765,0.00304659
22.77,0.00273445
22.775,0.00246804
22.78,0.00213831
22.785,0.00186932
22.79,0.0017902
22.795,0.001749
22.8,0.00162685
22.805,0.00150035
22.81,0.00147271
22.815,0.00153207
22.82,0.00153201
22.825,0.00141042
22.83,0.00119638
22.835,9.86E-04
22.84,8.29E-04
22.845,6.50E-04
22.85,4.35E-04
22.855,2.85E-04
22.86,2.03E-04
22.865,1.28E-04
22.87,1.27E-04
22.875,1.80E-04
22.88,1.23E-04
22.885,-3.54E-05
22.89,-1.74E-04
22.895,-2.65E-04
22.9,-4.35E-04
22.905,-9.30E-04
22.91,-0.00140115
22.915,-0.00144543
22.92,-9.07E-04
22.925,-1.84E-04
22.93,4.13E-05
22.935,-1.15E-04
22.94,-1.98E-04
22.945,-1.69E-04
22.95,-1.60E-04
22.955,-1.58E-04
22.96,-2.59E-04
22.965,-5.77E-04
22.97,-8.15E-04
22.975,-8.29E-04
22.98,-0.00103895
22.985,-0.00147838
22.99,-0.00184591
22.995,-0.00211174
23,-0.00238472
23.005,-0.00260599
23.01,-0.00274824
23.015,-0.00285249
23.02,-0.00292697
23.025,-0.00293707
23.03,-0.00253846
23.035,-0.00208938
23.04,-0.00227856
23.045,-0.00320404
23.05,-0.00430327
23.055,-0.00470494
23.06,-0.00456426
23.065,-0.00450022
23.07,-0.00466943
23.075,-0.00488525
23.08,-0.00504825
23.085,-0.00517989
23.09,-0.00533152
23.095,-0.00549309
23.1,-0.00562974
23.105,-0.00564592
23.11,-0.0055844
23.115,-0.00556061
23.12,-0.00566848
23.125,-0.00584982
23.13,-0.00589551
23.135,-0.00590704
23.14,-0.00610625
23.145,-0.00619756
23.15,-0.00604053
23.155,-0.0061056
23.16,-0.00632499
23.165,-0.00625173
23.17,-0.00608736
23.175,-0.00616933
23.18,-0.00637142
23.185,-0.00649873
23.19,-0.00656348
23.195,-0.00667353
23.2,-0.00687683
23.205,-0.0071764
23.21,-0.00738527
23.215,-0.0073197
23.22,-0.00722261
23.225,-0.00730748
23.23,-0.00732445
23.235,-0.00717871
23.24,-0.00702093
23.245,-0.0067696
23.25,-0.00635681
23.255,-0.00609729
23.26,-0.00600499
23.265,-0.00580358
23.27,-0.00548816
23.275,-0.00518877
23.28,-0.00493341
23.285,-0.00468657
23.29,-0.00445994
23.295,-0.00424019
23.3,-0.00403185
23.305,-0.00394128
23.31,-0.00391304
23.315,-0.00374477
23.32,-0.00352461
23.325,-0.00340762
23.33,-0.00340847
23.335,-0.00341034
23.34,-0.00332089
23.345,-0.00308593
23.35,-0.00276016
23.355,-0.00253464
23.36,-0.00242998
23.365,-0.00225845
23.37,-0.00209011
23.375,-0.00203231
23.38,-0.00184509
23.385,-0.00151152
23.39,-0.00144518
23.395,-0.0016406
23.4,-0.00188883
23.405,-0.00263794
23.41,-0.00352901
23.415,-0.00295613
23.42,-0.00150791
23.425,-7.74E-04
23.43,-9.82E-04
23.435,-0.00136186
23.44,-0.00146989
23.445,-0.001338
23.45,-0.00110333
23.455,-0.00100321
23.46,-0.00105419
23.465,-9.56E-04
23.47,-7.03E-04
23.475,-5.20E-04
23.48,-3.88E-04
23.485,-2.12E-04
23.49,-2.32E-05
23.495,1.73E-04
23.5,4.04E-04
23.505,5.62E-04
23.51,5.79E-04
23.515,5.97E-04
23.52,7.14E-04
23.525,9.59E-04
23.53,0.0014341
23.535,0.00208668
23.54,0.00226519
23.545,0.00182876
23.55,0.0011999
23.555,9.05E-04
23.56,0.00103392
23.565,0.00121638
23.57,0.00123901
23.575,0.0011913
23.58,0.00118229
23.585,0.00119934
23.59,0.00118763
23.595,0.00113378
23.6,0.00108644
23.605,0.00113207
23.61,0.00131426
23.615,0.00134391
23.62,0.00113391
23.625,9.70E-04
23.63,9.78E-04
23.635,0.00106105
23.64,0.00107222
23.645,9.72E-04
23.65,6.18E-04
23.655,2.94E-04
23.66,4.03E-04
23.665,7.25E-04
23.67,9.23E-04
23.675,0.00101405
23.68,0.0010491
23.685,9.72E-04
23.69,9.25E-04
23.695,0.0010058
23.7,9.69E-04
23.705,8.34E-04
23.71,8.26E-04
23.715,7.54E-04
23.72,4.38E-04
23.725,2.39E-04
23.73,2.68E-04
23.735,2.85E-04
23.74,2.87E-04
23.745,3.73E-04
23.75,3.91E-04
23.755,3.03E-04
23.76,3.14E-04
23.765,3.97E-04
23.77,4.26E-04
23.775,5.56E-04
23.78,8.48E-04
23.785,0.00114776
23.79,0.00149926
23.795,0.00205539
23.8,0.00262505
23.805,0.00303728
23.81,0.0034177
23.815,0.00380434
23.82,0.00412593
23.825,0.00451803
23.83,0.00501818
23.835,0.00523076
23.84,0.00521511
23.845,0.00531866
23.85,0.00548928
23.855,0.00555494
23.86,0.00573939
23.865,0.00606434
23.87,0.00628751
23.875,0.00641928
23.88,0.00658202
23.885,0.00665709
23.89,0.00660432
23.895,0.0065533
23.9,0.00634886
23.905,0.00585992
23.91,0.00527209
23.915,0.00494273
23.92,0.00532623
23.925,0.0060022
23.93,0.00631835
23.935,0.0062048
23.94,0.0060419
23.945,0.00643795
23.95,0.00693258
23.955,0.00671839
23.96,0.00624619
23.965,0.00619368
23.97,0.00639754
23.975,0.00646823
23.98,0.006308
23.985,0.00620377
23.99,0.00634472
23.995,0.00656334
24,0.00665562
24.005,0.00655115
24.01,0.00644863
24.015,0.00652469
24.02,0.00649466
24.025,0.0062554
24.03,0.00637442
24.035,0.00681004
24.04,0.00708395
24.045,0.00660487
24.05,0.0057855
24.055,0.0051052
24.06,0.00468106
24.065,0.00437662
24.07,0.00411962
24.075,0.00392504
24.08,0.0038089
24.085,0.00365147
24.09,0.00317297
24.095,0.00264385
24.1,0.00247527
24.105,0.00237777
24.11,0.00206529
24.115,0.00185518
24.12,0.00181286
24.125,0.0016947
24.13,0.00145605
24.135,0.00120015
24.14,9.32E-04
24.145,6.56E-04
24.15,4.10E-04
24.155,1.95E-04
24.16,-2.26E-05
24.165,-3.62E-04
24.17,-7.53E-04
24.175,-9.28E-04
24.18,-0.00102691
24.185,-0.00133715
24.19,-0.00156625
24.195,-0.00153351
24.2,-0.00163
24.205,-0.00198693
24.21,-0.00239787
24.215,-0.002581
24.22,-0.00249204
24.225,-0.00226925
24.23,-0.00209916
24.235,-0.00208354
24.24,-0.00213998
24.245,-0.0021593
24.25,-0.00202615
24.255,-0.00180202
24.26,-0.0016523
24.265,-0.00151163
24.27,-0.00125131
24.275,-0.00131383
24.28,-0.00179046
24.285,-0.00207327
24.29,-0.00204966
24.295,-0.00205881
24.3,-0.00224798
24.305,-0.00250766
24.31,-0.00273958
24.315,-0.00295332
24.32,-0.00324788
24.325,-0.00358943
24.33,-0.0038686
24.335,-0.00389074
24.34,-0.00374009
24.345,-0.00372592
24.35,-0.00379846
24.355,-0.00373148
24.36,-0.00366115
24.365,-0.00371895
24.37,-0.00378227
24.375,-0.00374716
24.38,-0.00363439
24.385,-0.00372528
24.39,-0.00411888
24.395,-0.00449971
24.4,-0.00481608
24.405,-0.00530019
24.41,-0.00581187
24.415,-0.00609084
24.42,-0.00576492
24.425,-0.00515189
24.43,-0.00483052
24.435,-0.00473471
24.44,-0.00456939
24.445,-0.00445374
24.45,-0.00449024
24.455,-0.0043032
24.46,-0.00393676
24.465,-0.00370754
24.47,-0.00354252
24.475,-0.003245
24.48,-0.00291113
24.485,-0.00263597
24.49,-0.00239797
24.495,-0.00226446
24.5,-0.00228799
24.505,-0.00240607
24.51,-0.00249547
24.515,-0.0023963
24.52,-0.00215343
24.525,-0.00186054
24.53,-0.00158193
24.535,-0.00138723
24.54,-0.00183938
24.545,-0.00273926
24.55,-0.00345939
24.555,-0.00376792
24.56,-0.00383267
24.565,-0.00396031
24.57,-0.00422647
24.575,-0.00453584
24.58,-0.00470116
24.585,-0.00469196
24.59,-0.00462792
24.595,-0.00460703
24.6,-0.00460321
24.605,-0.00443169
24.61,-0.00395636
24.615,-0.0035861
24.62,-0.00351839
24.625,-0.00335916
24.63,-0.00299308
24.635,-0.00266949
24.64,-0.00242663
24.645,-0.00214385
24.65,-0.00179534
24.655,-0.00146655
24.66,-0.00128489
24.665,-0.00121793
24.67,-0.00118573
24.675,-0.0012373
24.68,-0.00136171
24.685,-0.00139153
24.69,-0.0013075
24.695,-0.00120955
24.7,-0.001174
24.705,-0.00120736
24.71,-0.00135616
24.715,-0.00148605
24.72,-0.00132196
24.725,-0.00108909
24.73,-0.0010811
24.735,-0.00118669
24.74,-0.00124456
24.745,-0.00129653
24.75,-0.00131855
24.755,-0.00121191
24.76,-0.00106713
24.765,-9.79E-04
24.77,-8.14E-04
24.775,-5.70E-04
24.78,-4.15E-04
24.785,-3.32E-04
24.79,-2.17E-04
24.795,-2.00E-05
24.8,2.41E-04
24.805,5.72E-04
24.81,8.10E-04
24.815,8.04E-04
24.82,8.46E-04
24.825,0.00108245
24.83,0.00103263
24.835,7.85E-04
24.84,8.13E-04
24.845,9.83E-04
24.85,9.90E-04
24.855,9.73E-04
24.86,0.00104048
24.865,0.00106746
24.87,0.00103638
24.875,0.00103099
24.88,0.00111219
24.885,0.00124591
24.89,0.00139049
24.895,0.00143135
24.9,0.00128104
24.905,0.00123933
24.91,0.00150209
24.915,0.00185514
24.92,0.00206893
24.925,0.00213793
24.93,0.00219489
24.935,0.00225666
24.94,0.00224054
24.945,0.0022808
24.95,0.0024243
24.955,0.00238338
24.96,0.00224902
24.965,0.00234011
24.97,0.00254862
24.975,0.00265348
24.98,0.00269786
24.985,0.00276838
24.99,0.00283546
24.995,0.00296099
25,0.00317703
25.005,0.0033332
25.01,0.00337005
25.015,0.00340745
25.02,0.0035954
25.025,0.00398923
25.03,0.00429257
25.035,0.00433631
25.04,0.00395839
25.045,0.00338846
25.05,0.00296307
25.055,0.00281003
25.06,0.00284671
25.065,0.00288661
25.07,0.00283171
25.075,0.00266555
25.08,0.00251205
25.085,0.00243824
25.09,0.00233734
25.095,0.00216105
25.1,0.00193916
25.105,0.00171654
25.11,0.00152466
25.115,0.00134469
25.12,0.00116792
25.125,0.00105195
25.13,0.00107067
25.135,0.00113921
25.14,0.00113448
25.145,0.00103573
25.15,9.86E-04
25.155,0.00103688
25.16,0.0010895
25.165,0.00109727
25.17,0.00109976
25.175,0.00110834
25.18,0.00111395
25.185,0.00115431
25.19,0.00120563
25.195,0.00118659
25.2,0.00118806
25.205,0.00129209
25.21,0.00136609
25.215,0.00134087
25.22,0.00130379
25.225,0.00128936
25.23,0.00125873
25.235,0.0012196
25.24,0.00118868
25.245,0.00109618
25.25,0.00100306
25.255,0.00101597
25.26,9.89E-04
25.265,8.14E-04
25.27,7.40E-04
25.275,8.23E-04
25.28,8.72E-04
25.285,8.01E-04
25.29,6.73E-04
25.295,5.96E-04
25.3,5.85E-04
25.305,5.92E-04
25.31,5.42E-04
25.315,4.29E-04
25.32,3.96E-04
25.325,4.49E-04
25.33,4.14E-04
25.335,3.47E-04
25.34,4.10E-04
25.345,4.44E-04