# Time Series: Duzce, Turkey 1999 - 375-090
# Time (s),Acceleration (g's)
0.0,-9.69667E-5
0.01,-1.24713E-4
0.02,-1.1245E-4
0.03,-9.46719E-5
0.04,-1.20904E-4
0.05,-1.04311E-4
0.06,-1.13836E-4
0.07,-1.18507E-4
0.08,-1.187E-4
0.09,-1.1416E-4
0.1,-9.32972E-5
0.11,-1.48333E-4
0.12,-1.29516E-4
0.13,-9.7821E-5
0.14,-1.23971E-4
0.15,-1.02784E-4
0.16,-1.00222E-4
0.17,-9.91728E-5
0.18,-1.07223E-4
0.19,-9.24395E-5
0.2,-1.23407E-4
0.21,-1.33814E-4
0.22,-1.02048E-4
0.23,-1.91748E-4
0.24,-2.52179E-4
0.25,-3.26754E-4
0.26,-4.79718E-4
0.27,-6.12826E-4
0.28,-7.43227E-4
0.29,-8.67753E-4
0.3,-8.74592E-4
0.31,-7.3175E-4
0.32,-5.09991E-4
0.33,-6.59237E-5
0.34,2.97312E-4
0.35,3.14927E-4
0.36,1.99491E-4
0.37,-1.16602E-4
0.38,-9.38587E-4
0.39,-0.00162527
0.4,-0.00143311
0.41,-0.001627
0.42,-0.00161431
0.43,-8.09916E-4
0.44,1.62778E-4
0.45,5.19796E-4
0.46,-0.00147183
0.47,-0.00146201
0.48,9.26597E-4
0.49,-9.34088E-4
0.5,-0.0058526
0.51,-0.00504033
0.52,1.08142E-4
0.53,-0.00408969
0.54,-0.0114862
0.55,-0.00562487
0.56,0.00510232
0.57,0.00382563
0.58,-0.00220818
0.59,0.00182287
0.6,0.00759169
0.61,7.46931E-4
0.62,-0.00636666
0.63,-5.52827E-4
0.64,-0.00178412
0.65,-0.00639376
0.66,-0.00954077
0.67,-0.0114866
0.68,0.00634989
0.69,0.00896317
0.7,-0.00405686
0.71,-0.0141281
0.72,-0.0198437
0.73,-0.00263985
0.74,-0.00129769
0.75,-0.0207144
0.76,-0.0340901
0.77,-0.0205432
0.78,0.015502
0.79,0.0205541
0.8,0.0016016
0.81,0.0108644
0.82,0.047965
0.83,0.0415754
0.84,-0.00295998
0.85,-0.0137744
0.86,0.00911357
0.87,0.0297738
0.88,0.0205914
0.89,-0.00182606
0.9,-0.0239613
0.91,-0.0255314
0.92,0.0180773
0.93,0.0169298
0.94,-0.0245163
0.95,-0.0161718
0.96,-0.0125626
0.97,-0.019948
0.98,-0.0273528
0.99,-0.0411888
1.0,-0.00646799
1.01,0.0642704
1.02,0.0824831
1.03,0.00131736
1.04,-0.0249816
1.05,0.00932489
1.06,-6.18311E-4
1.07,0.0186586
1.08,-0.00412113
1.09,-0.058979
1.1,-0.0475829
1.11,-0.0254949
1.12,-0.0190196
1.13,-0.00175895
1.14,0.0144177
1.15,0.0218282
1.16,0.053761
1.17,0.0396221
1.18,-0.0187742
1.19,-0.0361801
1.2,-0.025037
1.21,0.00571935
1.22,0.0075129
1.23,-0.0126749
1.24,0.0143886
1.25,0.0415003
1.26,0.050074
1.27,0.0613286
1.28,0.0453498
1.29,0.0273415
1.3,0.00614468
1.31,-0.011192
1.32,-0.0102218
1.33,-0.0304263
1.34,-0.0521898
1.35,-0.010704
1.36,0.0216482
1.37,0.00938143
1.38,0.00708003
1.39,-0.0156243
1.4,-0.0375747
1.41,-0.0382836
1.42,-0.0462989
1.43,-0.0753765
1.44,-0.0706686
1.45,0.00391531
1.46,0.067965
1.47,0.0910292
1.48,0.0859794
1.49,0.0618001
1.5,0.0370354
1.51,0.0379263
1.52,0.0237893
1.53,-0.00611542
1.54,0.00856663
1.55,-0.0121513
1.56,-0.0598787
1.57,-0.0655651
1.58,-0.0712992
1.59,-0.0659952
1.6,-0.0373653
1.61,-0.00558188
1.62,0.0169466
1.63,0.00317745
1.64,-0.0215006
1.65,-0.0153444
1.66,-0.00480998
1.67,0.00154631
1.68,0.0103541
1.69,0.00654653
1.7,-0.00914387
1.71,-0.0220949
1.72,0.0153147
1.73,0.0538726
1.74,0.040258
1.75,0.0247102
1.76,-0.00176512
1.77,-0.0191193
1.78,-0.0203867
1.79,-0.0469983
1.8,-0.0475054
1.81,-0.0186671
1.82,-0.0170822
1.83,-0.0190223
1.84,-0.0217078
1.85,-0.0138607
1.86,0.0470378
1.87,0.0751535
1.88,0.0530512
1.89,0.0489929
1.9,0.0347868
1.91,0.0111113
1.92,-0.0182285
1.93,-0.0380805
1.94,-0.0208193
1.95,0.0158358
1.96,0.0344016
1.97,7.54823E-4
1.98,-0.0311056
1.99,-0.0267217
2.0,-0.0133265
2.01,-0.00519002
2.02,-0.0217335
2.03,-0.0385573
2.04,-0.0141899
2.05,0.00914946
2.06,0.00687875
2.07,0.0102519
2.08,0.0205004
2.09,0.0335359
2.1,0.0216578
2.11,-0.021732
2.12,-0.0376647
2.13,0.0124746
2.14,0.0701531
2.15,0.0592134
2.16,0.00952071
2.17,-0.0281022
2.18,-0.0367256
2.19,-0.0242164
2.2,-0.0322477
2.21,-0.0276446
2.22,0.018022
2.23,0.0386247
2.24,0.0154369
2.25,-0.0134455
2.26,-0.0292076
2.27,-0.0283839
2.28,-0.014524
2.29,-0.00935016
2.3,-5.39772E-4
2.31,0.0355353
2.32,0.0533684
2.33,0.0283976
2.34,0.0153323
2.35,0.0122069
2.36,-0.00619332
2.37,-0.00791977
2.38,5.75345E-4
2.39,0.00771419
2.4,-0.00461296
2.41,-0.0222794
2.42,-0.0102548
2.43,-0.0183783
2.44,-0.0472732
2.45,-0.0444856
2.46,0.0033953
2.47,0.0498522
2.48,0.0595646
2.49,0.0462744
2.5,0.0162519
2.51,0.0078476
2.52,0.0300487
2.53,0.0512149
2.54,0.0478298
2.55,0.0355484
2.56,0.0350914
2.57,0.019941
2.58,-2.13931E-4
2.59,-0.0275916
2.6,-0.0410304
2.61,-0.0110009
2.62,-0.00178098
2.63,-0.0177298
2.64,-0.0235894
2.65,-0.024334
2.66,-0.018016
2.67,0.00332668
2.68,0.0414987
2.69,0.048848
2.7,0.0218567
2.71,0.00405064
2.72,-0.0105106
2.73,-0.0285797
2.74,-0.0111919
2.75,0.00729368
2.76,0.00564816
2.77,-0.00296223
2.78,-0.00523301
2.79,0.00700676
2.8,-0.0168061
2.81,-0.0441535
2.82,-0.0542446
2.83,-0.0425267
2.84,-0.0011774
2.85,0.0133299
2.86,0.0222877
2.87,0.0330021
2.88,0.0479984
2.89,0.0541986
2.9,0.035738
2.91,0.0221484
2.92,0.00319913
2.93,0.00354177
2.94,-0.00185377
2.95,-0.0471945
2.96,-0.064042
2.97,-0.0411617
2.98,-0.0229265
2.99,6.53673E-4
3.0,0.0121401
3.01,0.00376515
3.02,0.00333151
3.03,-0.00718134
3.04,-0.0284536
3.05,-0.0447158
3.06,-0.0353797
3.07,-0.0191928
3.08,-0.0124346
3.09,0.00284366
3.1,0.0133727
3.11,0.0185534
3.12,0.0248488
3.13,0.035532
3.14,0.0342656
3.15,0.0305732
3.16,0.0362797
3.17,0.0185752
3.18,-0.00844425
3.19,-0.0108681
3.2,-6.10339E-4
3.21,-0.0061506
3.22,0.00974701
3.23,0.0354506
3.24,0.016206
3.25,0.00424637
3.26,-0.00163103
3.27,-0.0133603
3.28,-0.00549293
3.29,-0.0131913
3.3,-0.0358473
3.31,-0.0427002
3.32,-0.00633754
3.33,0.0272832
3.34,0.0174384
3.35,0.0160472
3.36,0.0240112
3.37,0.0473982
3.38,0.053377
3.39,0.00790868
3.4,-0.0172114
3.41,-0.00585274
3.42,0.00195803
3.43,-0.00897018
3.44,-0.0410605
3.45,-0.0490876
3.46,0.0163079
3.47,0.0166817
3.48,-0.042246
3.49,-0.0203619
3.5,3.95953E-4
3.51,0.0296023
3.52,0.0311579
3.53,-0.0109332
3.54,-0.00258821
3.55,-0.00582514
3.56,-0.00243748
3.57,-0.00535318
3.58,-0.0308631
3.59,-0.0236946
3.6,-0.00730739
3.61,0.00885628
3.62,0.0110164
3.63,0.015351
3.64,0.0253894
3.65,0.0229898
3.66,0.0108974
3.67,-0.005883
3.68,-0.0185052
3.69,-0.0105315
3.7,0.0323869
3.71,0.0399878
3.72,0.0178816
3.73,0.0284988
3.74,0.0470384
3.75,0.0504123
3.76,0.0263015
3.77,0.00484283
3.78,0.00148381
3.79,-0.00623614
3.8,-0.00817363
3.81,-7.35005E-4
3.82,-0.0090501
3.83,-0.0216772
3.84,0.00492056
3.85,0.0217926
3.86,-0.00854249
3.87,-0.0474111
3.88,-0.0472563
3.89,0.00210536
3.9,0.0113179
3.91,-0.0111278
3.92,-0.0103125
3.93,0.0140779
3.94,0.0527809
3.95,0.0348908
3.96,0.0039498
3.97,-0.00319497
3.98,-2.54935E-4
3.99,0.0187849
4.0,-5.88859E-4
4.01,-0.030199
4.02,-0.0256029
4.03,0.015308
4.04,0.0237202
4.05,-0.0033364
4.06,0.024903
4.07,0.039616
4.08,0.0120034
4.09,-0.0116852
4.1,-0.0194086
4.11,-0.00685804
4.12,-0.00726956
4.13,-0.0162645
4.14,-0.0205767
4.15,-0.0215134
4.16,-0.0289102
4.17,-0.0558983
4.18,-0.0825715
4.19,-0.0976203
4.2,-0.0865169
4.21,-0.0701035
4.22,-0.0710094
4.23,-0.0541245
4.24,-0.0250791
4.25,0.0145772
4.26,0.0478801
4.27,0.0361065
4.28,0.0244013
4.29,0.0543911
4.3,0.0738846
4.31,0.0382484
4.32,0.0172999
4.33,0.0467348
4.34,0.0725217
4.35,0.0790108
4.36,0.0460383
4.37,4.8396E-5
4.38,0.0036878
4.39,-0.00245793
4.4,-0.0348247
4.41,-0.0491714
4.42,-0.0613426
4.43,-0.0675754
4.44,-0.0637492
4.45,-0.0215598
4.46,0.0275359
4.47,0.020411
4.48,0.016532
4.49,0.00318519
4.5,-0.0318323
4.51,-0.0370132
4.52,-0.0595741
4.53,-0.0857089
4.54,-0.0751888
4.55,-0.0706481
4.56,-0.075217
4.57,-0.0771524
4.58,-0.0715587
4.59,-0.0594413
4.6,-0.0571069
4.61,-0.0359538
4.62,0.00996856
4.63,0.0302098
4.64,0.0214257
4.65,0.0117201
4.66,-5.59595E-4
4.67,0.0130789
4.68,0.0473749
4.69,0.0572124
4.7,0.0645308
4.71,0.117422
4.72,0.17431
4.73,0.149329
4.74,0.119636
4.75,0.0977371
4.76,0.00867244
4.77,-0.0726671
4.78,-0.105907
4.79,-0.128527
4.8,-0.155068
4.81,-0.151316
4.82,-0.117413
4.83,-0.0873166
4.84,-0.0850301
4.85,-0.096524
4.86,-0.0570985
4.87,0.0169637
4.88,0.083902
4.89,0.126605
4.9,0.157226
4.91,0.165616
4.92,0.123769
4.93,0.13183
4.94,0.19969
4.95,0.252266
4.96,0.293682
4.97,0.262695
4.98,0.18826
4.99,0.162725
5.0,0.118262
5.01,0.0264841
5.02,-0.0371553
5.03,-0.0587984
5.04,-0.0844269
5.05,-0.113882
5.06,-0.122925
5.07,-0.127489
5.08,-0.148772
5.09,-0.202944
5.1,-0.26696
5.11,-0.277872
5.12,-0.232512
5.13,-0.180481
5.14,-0.153045
5.15,-0.138042
5.16,-0.106191
5.17,-0.0729475
5.18,-0.0520895
5.19,0.00764802
5.2,0.106061
5.21,0.139489
5.22,0.102442
5.23,0.0935027
5.24,0.0972698
5.25,0.0678291
5.26,0.0600169
5.27,0.129335
5.28,0.197813
5.29,0.165383
5.3,0.121893
5.31,0.120459
5.32,0.0918348
5.33,0.0352527
5.34,-0.0212716
5.35,-0.0642967
5.36,-0.100273
5.37,-0.123812
5.38,-0.140724
5.39,-0.174029
5.4,-0.202678
5.41,-0.207283
5.42,-0.191466
5.43,-0.178419
5.44,-0.196719
5.45,-0.209712
5.46,-0.156633
5.47,-0.0750596
5.48,1.61362E-4
5.49,0.0565338
5.5,0.0810769
5.51,0.104489
5.52,0.120406
5.53,0.112213
5.54,0.0459789
5.55,0.0520667
5.56,0.154986
5.57,0.126264
5.58,0.0398334
5.59,0.0642482
5.6,0.122349
5.61,0.0867803
5.62,0.0542634
5.63,0.0821486
5.64,0.0578011
5.65,0.00833567
5.66,-0.0267297
5.67,-0.0485742
5.68,-0.0538693
5.69,-0.0588184
5.7,-0.0636971
5.71,-0.0685769
5.72,-0.068525
5.73,-0.0485968
5.74,-0.0120537
5.75,0.015619
5.76,0.014127
5.77,-0.0158542
5.78,-0.053975
5.79,-0.100003
5.8,-0.159731
5.81,-0.169938
5.82,-0.114723
5.83,-0.0300094
5.84,0.0730856
5.85,0.156533
5.86,0.19792
5.87,0.14529
5.88,0.0824884
5.89,0.084761
5.9,0.0179419
5.91,-0.053545
5.92,-0.0470423
5.93,-0.0251093
5.94,-0.00549309
5.95,-0.0279686
5.96,-0.0616794
5.97,-0.0570444
5.98,-0.0245646
5.99,0.0166841
6.0,0.0203786
6.01,0.00143622
6.02,-0.0141953
6.03,-0.0378283
6.04,-0.0335613
6.05,-0.0120778
6.06,-0.0213887
6.07,-0.0414918
6.08,-0.0382237
6.09,-0.00263306
6.1,0.023392
6.11,0.00768971
6.12,-0.0130804
6.13,-0.0198132
6.14,-0.00503013
6.15,-0.0214054
6.16,-0.0844073
6.17,-0.0785497
6.18,-0.0135054
6.19,0.0429022
6.2,0.0583354
6.21,0.0282753
6.22,0.0234688
6.23,0.0538608
6.24,0.0845989
6.25,0.0908076
6.26,0.0812946
6.27,0.0708091
6.28,0.0659062
6.29,0.110267
6.3,0.180572
6.31,0.182319
6.32,0.118123
6.33,0.0684095
6.34,0.0277205
6.35,-0.0237901
6.36,-0.073965
6.37,-0.11664
6.38,-0.131243
6.39,-0.124466
6.4,-0.100967
6.41,-0.0673206
6.42,-0.0618728
6.43,-0.0950367
6.44,-0.13319
6.45,-0.139064
6.46,-0.119279
6.47,-0.136175
6.48,-0.182806
6.49,-0.185906
6.5,-0.141761
6.51,-0.0623269
6.52,0.0490563
6.53,0.185766
6.54,0.353635
6.55,0.430424
6.56,0.36835
6.57,0.290361
6.58,0.136997
6.59,0.0461131
6.6,0.0529289
6.61,-0.0649893
6.62,-0.040474
6.63,0.089576
6.64,0.0701486
6.65,0.0313633
6.66,-0.0106665
6.67,-0.0523409
6.68,-0.0694373
6.69,-0.0687916
6.7,-0.0678572
6.71,-0.0925913
6.72,-0.127315
6.73,-0.173342
6.74,-0.210547
6.75,-0.244018
6.76,-0.285667
6.77,-0.315931
6.78,-0.306308
6.79,-0.247348
6.8,-0.165127
6.81,-0.0729619
6.82,0.00748693
6.83,0.0748946
6.84,0.116823
6.85,0.154578
6.86,0.208943
6.87,0.250218
6.88,0.315467
6.89,0.355736
6.9,0.435002
6.91,0.513702
6.92,0.404571
6.93,0.245068
6.94,0.0989552
6.95,0.00866519
6.96,-0.00447661
6.97,-0.0590201
6.98,-0.155373
6.99,-0.243623
7.0,-0.283763
7.01,-0.292066
7.02,-0.264164
7.03,-0.20584
7.04,-0.154417
7.05,-0.123993
7.06,-0.121443
7.07,-0.1172
7.08,-0.0886741
7.09,-0.0460266
7.1,-0.00713085
7.11,0.0253729
7.12,0.0506083
7.13,0.0746191
7.14,0.093499
7.15,0.107922
7.16,0.105801
7.17,0.0448244
7.18,-0.0340655
7.19,-0.0530117
7.2,-0.0254759
7.21,0.010344
7.22,0.0556467
7.23,0.085212
7.24,0.106539
7.25,0.158279
7.26,0.221839
7.27,0.254906
7.28,0.220634
7.29,0.165596
7.3,0.142992
7.31,0.106824
7.32,0.0395777
7.33,-0.0262631
7.34,-0.0717271
7.35,-0.0895869
7.36,-0.0945881
7.37,-0.101346
7.38,-0.105775
7.39,-0.105813
7.4,-0.105919
7.41,-0.109872
7.42,-0.111267
7.43,-0.104215
7.44,-0.0879124
7.45,-0.0643845
7.46,-0.0386185
7.47,-0.00847003
7.48,0.0145082
7.49,0.0225754
7.5,0.0156698
7.51,-0.00458299
7.52,-0.032919
7.53,-0.0767997
7.54,-0.128729
7.55,-0.188289
7.56,-0.200181
7.57,-0.109249
7.58,0.0130348
7.59,0.0952569
7.6,0.115846
7.61,0.093815
7.62,0.06858
7.63,0.0584746
7.64,0.0608159
7.65,0.062197
7.66,0.0602166
7.67,0.0574134
7.68,0.0562324
7.69,0.0584759
7.7,0.049257
7.71,0.00569181
7.72,-0.0444729
7.73,-0.0979669
7.74,-0.115571
7.75,-0.0400207
7.76,0.014099
7.77,-0.00560967
7.78,-0.0300349
7.79,-0.034962
7.8,-0.0388469
7.81,-0.0493489
7.82,-0.0419415
7.83,-0.0464242
7.84,-0.0789696
7.85,-0.120326
7.86,-0.145287
7.87,-0.105406
7.88,-0.0112339
7.89,0.099166
7.9,0.183578
7.91,0.191671
7.92,0.148222
7.93,0.115994
7.94,0.115351
7.95,0.161894
7.96,0.252879
7.97,0.279921
7.98,0.240531
7.99,0.246177
8.0,0.163563
8.01,0.00503065
8.02,-0.080502
8.03,-0.15138
8.04,-0.0749261
8.05,0.0955942
8.06,0.117102
8.07,0.0648234
8.08,0.0326172
8.09,0.0110267
8.1,-0.0205875
8.11,-0.0284694
8.12,-0.0295968
8.13,-0.0717925
8.14,-0.133283
8.15,-0.192396
8.16,-0.190443
8.17,-0.134027
8.18,-0.0817335
8.19,-0.056505
8.2,-0.0540723
8.21,-0.0531663
8.22,-0.0369625
8.23,-0.0327528
8.24,-4.37092E-4
8.25,0.160704
8.26,0.326427
8.27,0.396972
8.28,0.311
8.29,0.142112
8.3,0.102203
8.31,0.0399031
8.32,-0.0591033
8.33,-0.116236
8.34,-0.163216
8.35,-0.0992503
8.36,-0.00410929
8.37,0.0289065
8.38,0.0290651
8.39,0.0225195
8.4,0.0180765
8.41,-5.93403E-4
8.42,-0.0444516
8.43,-0.143495
8.44,-0.23881
8.45,-0.2484
8.46,-0.191013
8.47,-0.0978345
8.48,0.0116012
8.49,0.12981
8.5,0.157189
8.51,0.050987
8.52,-0.0181777
8.53,0.00167169
8.54,0.0481989
8.55,0.0802706
8.56,0.0596752
8.57,0.0307876
8.58,0.00454091
8.59,-0.0592326
8.6,-0.127593
8.61,-0.156446
8.62,-0.130508
8.63,-0.0613154
8.64,-0.019221
8.65,-0.0300384
8.66,-0.0358424
8.67,-5.44844E-5
8.68,0.0569057
8.69,0.0941432
8.7,0.101187
8.71,0.0993862
8.72,0.108524
8.73,0.113118
8.74,0.0934907
8.75,0.0680167
8.76,0.0486183
8.77,0.0429946
8.78,0.0637867
8.79,0.0731798
8.8,0.0317335
8.81,-0.0283946
8.82,-0.0723613
8.83,-0.0871982
8.84,-0.0591661
8.85,-0.0344091
8.86,-0.0623234
8.87,-0.102044
8.88,-0.117513
8.89,-0.121421
8.9,-0.117188
8.91,-0.127552
8.92,-0.163018
8.93,-0.164581
8.94,-0.0920262
8.95,-0.0010573
8.96,0.0298446
8.97,0.0346328
8.98,0.0564174
8.99,0.0566051
9.0,0.0533782
9.01,0.0607868
9.02,0.0697759
9.03,0.0924389
9.04,0.0832295
9.05,0.0302398
9.06,-0.00389956
9.07,-0.00530579
9.08,7.5262E-5
9.09,0.0101816
9.1,-0.00650755
9.11,-0.0659298
9.12,-0.106351
9.13,-0.0939124
9.14,-0.0558853
9.15,-0.00957501
9.16,-0.00462499
9.17,-0.0666634
9.18,-0.116563
9.19,-0.1238
9.2,-0.0907715
9.21,-0.0226975
9.22,0.0199914
9.23,0.0219505
9.24,0.0292382
9.25,0.0621321
9.26,0.120698
9.27,0.167072
9.28,0.124306
9.29,0.0401898
9.3,0.00332537
9.31,0.00698286
9.32,0.0301281
9.33,0.0553092
9.34,0.0732499
9.35,0.0824391
9.36,0.0773564
9.37,0.076169
9.38,0.0850655
9.39,0.0427424
9.4,-0.0327655
9.41,-0.0572064
9.42,-0.0441268
9.43,-0.033955
9.44,-0.0308742
9.45,-0.00174171
9.46,0.0385778
9.47,0.0407845
9.48,0.024586
9.49,0.0098738
9.5,0.0079002
9.51,0.024324
9.52,0.0260081
9.53,0.00154624
9.54,-0.02498
9.55,-0.0324508
9.56,-0.0310037
9.57,-0.0565761
9.58,-0.0882844
9.59,-0.0969174
9.6,-0.0878576
9.61,-0.0532975
9.62,-0.0205666
9.63,-1.6211E-4
9.64,0.0287773
9.65,0.0552458
9.66,0.0786058
9.67,0.108099
9.68,0.136652
9.69,0.155119
9.7,0.135429
9.71,0.0688898
9.72,-0.00402965
9.73,-0.03136
9.74,0.00270083
9.75,0.0208974
9.76,-0.00675724
9.77,-0.0203092
9.78,-0.0165338
9.79,-0.0245459
9.8,-0.0470725
9.81,-0.0661548
9.82,-0.0809642
9.83,-0.098227
9.84,-0.116303
9.85,-0.136458
9.86,-0.124973
9.87,-0.0663762
9.88,-0.00541075
9.89,0.0359729
9.9,0.0706963
9.91,0.0979907
9.92,0.105417
9.93,0.102448
9.94,0.0992302
9.95,0.0991818
9.96,0.10794
9.97,0.107756
9.98,0.126976
9.99,0.142436
10.0,0.0853418
10.01,0.0401262
10.02,0.0426237
10.03,0.0136781
10.04,-0.0459478
10.05,-0.0941009
10.06,-0.108304
10.07,-0.0842387
10.08,-0.0538829
10.09,-0.0466353
10.1,-0.0427831
10.11,-0.010981
10.12,0.0338648
10.13,0.0386561
10.14,-0.00313249
10.15,-0.0343524
10.16,-0.0330684
10.17,-0.0282037
10.18,-0.0342918
10.19,-0.0513609
10.2,-0.0603977
10.21,-0.039332
10.22,-0.0187368
10.23,-0.0212819
10.24,-0.0141763
10.25,0.00961921
10.26,0.0231726
10.27,0.0193931
10.28,0.0037471
10.29,-0.00984002
10.3,-0.00618665
10.31,-0.00401165
10.32,-0.0257503
10.33,-0.0529314
10.34,-0.0525241
10.35,-0.0210558
10.36,-0.00296007
10.37,-0.0168883
10.38,-0.0258284
10.39,-0.0183171
10.4,-0.0141495
10.41,-0.0235755
10.42,-0.0439708
10.43,-0.0426239
10.44,0.00183866
10.45,0.0418117
10.46,0.0431155
10.47,0.0304775
10.48,0.0189678
10.49,0.0133162
10.5,0.00635576
10.51,-0.0159591
10.52,-0.0377979
10.53,-0.0514012
10.54,-0.0606958
10.55,-0.0630877
10.56,-0.0675298
10.57,-0.0756739
10.58,-0.0780536
10.59,-0.0703294
10.6,-0.0500603
10.61,-0.0191017
10.62,0.00830618
10.63,0.0144458
10.64,4.62425E-4
10.65,-0.00236148
10.66,0.0198782
10.67,0.0340594
10.68,0.0207129
10.69,0.00645427
10.7,0.00446886
10.71,-0.00131331
10.72,0.00570669
10.73,0.0218765
10.74,0.0205312
10.75,0.0173444
10.76,0.00392156
10.77,-0.0158632
10.78,-0.0108401
10.79,-0.00343304
10.8,-0.0144785
10.81,-0.0339314
10.82,-0.0621619
10.83,-0.0814928
10.84,-0.0644506
10.85,-0.0247615
10.86,0.00794211
10.87,0.0181429
10.88,0.0232366
10.89,0.0407792
10.9,0.0500976
10.91,0.0396054
10.92,0.0210435
10.93,0.00833743
10.94,1.26958E-4
10.95,-0.00717307
10.96,-0.00713733
10.97,-0.00179111
10.98,-0.00257634
10.99,-0.00834154
11.0,-0.00127284
11.01,0.0117873
11.02,0.0213499
11.03,0.0245615
11.04,0.00983052
11.05,-0.0100423
11.06,-0.0176164
11.07,-0.0128507
11.08,-0.00232669
11.09,0.0109761
11.1,0.0233969
11.11,0.0358746
11.12,0.0502412
11.13,0.0522977
11.14,0.0456546
11.15,0.045383
11.16,0.0453541
11.17,0.0409179
11.18,0.0309179
11.19,0.0167328
11.2,0.00950259
11.21,0.0140271
11.22,0.0180801
11.23,0.0118984
11.24,5.9631E-4
11.25,-0.0124321
11.26,-0.0132219
11.27,-0.00588593
11.28,-0.00885445
11.29,-0.0225321
11.3,-0.0385415
11.31,-0.0298642
11.32,-0.00985197
11.33,-0.00680821
11.34,-0.00887113
11.35,-0.0103503
11.36,-0.011587
11.37,-0.00686665
11.38,0.00414029
11.39,0.0104642
11.4,0.0178405
11.41,0.0285283
11.42,0.0261348
11.43,0.0151449
11.44,0.0103543
11.45,0.0192919
11.46,0.0252522
11.47,0.0236151
11.48,0.0314459
11.49,0.0306703
11.5,0.0155722
11.51,0.00657086
11.52,0.00149617
11.53,-0.00432411
11.54,-0.00807491
11.55,-0.0107477
11.56,-0.0242644
11.57,-0.0492372
11.58,-0.062613
11.59,-0.0546811
11.6,-0.0418793
11.61,-0.0540407
11.62,-0.0781645
11.63,-0.0718175
11.64,-0.0405484
11.65,-0.0105627
11.66,0.00950648
11.67,0.0255005
11.68,0.0409798
11.69,0.0517911
11.7,0.0634706
11.71,0.0708353
11.72,0.0500951
11.73,0.0161858
11.74,0.00111788
11.75,-0.00152014
11.76,2.28257E-4
11.77,-0.00544973
11.78,-0.024193
11.79,-0.0315518
11.8,-0.0267507
11.81,-0.0244973
11.82,-0.0261166
11.83,-0.0359792
11.84,-0.0514742
11.85,-0.0606824
11.86,-0.0621142
11.87,-0.0556693
11.88,-0.0432111
11.89,-0.0430411
11.9,-0.0513623
11.91,-0.0477821
11.92,-0.0264596
11.93,-0.00940087
11.94,-0.0304231
11.95,-0.0526318
11.96,-0.0343103
11.97,-0.0101798
11.98,-0.00991254
11.99,-0.0190276
12.0,-0.00620789
12.01,0.0190344
12.02,0.0202502
12.03,0.00485932
12.04,-0.00503779
12.05,-0.00219025
12.06,0.00310128
12.07,-0.00708769
12.08,-0.0247421
12.09,-0.0369665
12.1,-0.0396711
12.11,-0.0329492
12.12,-0.020845
12.13,-0.00106196
12.14,0.0168757
12.15,0.024229
12.16,0.0255989
12.17,0.0245504
12.18,0.0266295
12.19,0.0239582
12.2,0.00801563
12.21,-0.0127117
12.22,-0.023833
12.23,-0.0221825
12.24,-0.0254067
12.25,-0.0357874
12.26,-0.040384
12.27,-0.035105
12.28,-0.0305246
12.29,-0.0378989
12.3,-0.0457564
12.31,-0.0492083
12.32,-0.0491864
12.33,-0.0383078
12.34,-0.0226242
12.35,-0.013334
12.36,-0.00262668
12.37,0.00875579
12.38,0.00720672
12.39,0.00560053
12.4,0.00953263
12.41,0.0153572
12.42,0.0258392
12.43,0.0324594
12.44,0.0371829
12.45,0.0475768
12.46,0.0593516
12.47,0.0586623
12.48,0.0367363
12.49,0.00512924
12.5,-0.0169378
12.51,-0.033693
12.52,-0.0439775
12.53,-0.0232028
12.54,0.00142346
12.55,-8.59965E-4
12.56,-0.00895147
12.57,-0.0185061
12.58,-0.0293103
12.59,-0.0321119
12.6,-0.0333673
12.61,-0.0344252
12.62,-0.0225446
12.63,0.00633646
12.64,0.0315628
12.65,0.0406714
12.66,0.0461413
12.67,0.0486944
12.68,0.0450939
12.69,0.0466807
12.7,0.0543587
12.71,0.0588306
12.72,0.0626073
12.73,0.0666198
12.74,0.0588896
12.75,0.0383397
12.76,0.0112752
12.77,-0.0150479
12.78,-0.0326178
12.79,-0.043517
12.8,-0.0492251
12.81,-0.046568
12.82,-0.0391215
12.83,-0.0376811
12.84,-0.0360016
12.85,-0.0350172
12.86,-0.0200275
12.87,0.02121
12.88,0.0313066
12.89,0.0154576
12.9,0.0169692
12.91,0.0215355
12.92,0.0253186
12.93,0.0327807
12.94,0.0476411
12.95,0.0585201
12.96,0.0463315
12.97,0.019025
12.98,4.19381E-4
12.99,-0.00134583
13.0,-0.00172098
13.01,-0.0114928
13.02,-0.0413311
13.03,-0.0734027
13.04,-0.0721076
13.05,-0.0473394
13.06,-0.0155781
13.07,0.0200846
13.08,0.0481813
13.09,0.0643355
13.1,0.0691106
13.11,0.0694554
13.12,0.0713661
13.13,0.0716346
13.14,0.0957271
13.15,0.116778
13.16,0.0797829
13.17,0.0355601
13.18,0.03496
13.19,0.059411
13.2,0.0693166
13.21,0.0550728
13.22,0.0519588
13.23,0.0685446
13.24,0.0580169
13.25,0.020578
13.26,0.0112765
13.27,0.020124
13.28,0.0186644
13.29,0.00444735
13.3,-0.0221968
13.31,-0.0445402
13.32,-0.0545424
13.33,-0.0610357
13.34,-0.0784156
13.35,-0.101784
13.36,-0.123632
13.37,-0.139054
13.38,-0.154137
13.39,-0.215393
13.4,-0.280323
13.41,-0.264532
13.42,-0.189863
13.43,-0.115156
13.44,-0.0606711
13.45,-0.017348
13.46,0.0178542
13.47,0.0492639
13.48,0.0561759
13.49,0.0136629
13.5,-0.0437544
13.51,-0.0171287
13.52,0.0678908
13.53,0.0612068
13.54,0.0278846
13.55,0.0564239
13.56,0.0804184
13.57,0.0889125
13.58,0.0814645
13.59,0.0599586
13.6,0.0529931
13.61,0.0645211
13.62,0.0800584
13.63,0.0807779
13.64,0.0679089
13.65,0.0401529
13.66,0.00114168
13.67,-0.039566
13.68,-0.0654754
13.69,-0.0520739
13.7,-0.0174982
13.71,-0.00223379
13.72,-0.0286772
13.73,-0.0797437
13.74,-0.120915
13.75,-0.137535
13.76,-0.135941
13.77,-0.116575
13.78,-0.0837238
13.79,-0.058609
13.8,-0.0418091
13.81,-0.0358005
13.82,-0.0284263
13.83,-0.0062976
13.84,0.0168059
13.85,0.0272961
13.86,0.035503
13.87,0.0863152
13.88,0.14264
13.89,0.140534
13.9,0.123628
13.91,0.133201
13.92,0.151743
13.93,0.159602
13.94,0.153386
13.95,0.126604
13.96,0.0833266
13.97,0.0475964
13.98,0.0168161
13.99,-0.0184477
14.0,-0.0445227
14.01,-0.0590312
14.02,-0.084738
14.03,-0.11072
14.04,-0.0921609
14.05,-0.0472557
14.06,-0.0178645
14.07,-2.74691E-4
14.08,0.011013
14.09,0.012206
14.1,0.0130182
14.11,0.0192219
14.12,0.0347808
14.13,0.0635657
14.14,0.0824478
14.15,0.075945
14.16,0.0516003
14.17,0.0322497
14.18,0.0229271
14.19,5.99903E-4
14.2,-0.0243239
14.21,-0.0351828
14.22,-0.0333767
14.23,-0.0221855
14.24,-0.00885002
14.25,-0.00377356
14.26,-0.0148328
14.27,-0.0333313
14.28,-0.0493807
14.29,-0.0582468
14.3,-0.0524249
14.31,-0.0461935
14.32,-0.0538092
14.33,-0.0434459
14.34,-0.00936481
14.35,0.0211887
14.36,0.0486896
14.37,0.0657633
14.38,0.0677958
14.39,0.0636136
14.4,0.0632966
14.41,0.068226
14.42,0.0623299
14.43,0.048132
14.44,0.0369141
14.45,0.0538858
14.46,0.0980178
14.47,0.110074
14.48,0.0862227
14.49,0.0638137
14.5,0.045771
14.51,0.0368292
14.52,0.0395869
14.53,0.0411343
14.54,0.0383441
14.55,0.0312469
14.56,0.0216609
14.57,0.010014
14.58,-0.0218694
14.59,-0.0857606
14.6,-0.151488
14.61,-0.173137
14.62,-0.148287
14.63,-0.108531
14.64,-0.0852188
14.65,-0.0863756
14.66,-0.0911006
14.67,-0.0829881
14.68,-0.0573885
14.69,-0.0160398
14.7,0.0254151
14.71,0.0496559
14.72,0.0583692
14.73,0.0612973
14.74,0.0678308
14.75,0.081602
14.76,0.0890063
14.77,0.081904
14.78,0.0693354
14.79,0.0611129
14.8,0.0532559
14.81,0.0423514
14.82,0.0381872
14.83,0.0418133
14.84,0.0272241
14.85,-0.0206775
14.86,-0.0698475
14.87,-0.0943967
14.88,-0.0957013
14.89,-0.0756788
14.9,-0.0549119
14.91,-0.0536302
14.92,-0.0654166
14.93,-0.0823119
14.94,-0.0918968
14.95,-0.0905518
14.96,-0.0869822
14.97,-0.0802747
14.98,-0.0666316
14.99,-0.0510691
15.0,-0.0542945
15.01,-0.0772546
15.02,-0.0960088
15.03,-0.0859874
15.04,-0.0431781
15.05,0.0100447
15.06,0.0774315
15.07,0.147437
15.08,0.172873
15.09,0.167374
15.1,0.165939
15.11,0.151886
15.12,0.104664
15.13,0.0674546
15.14,0.0621887
15.15,0.0370523
15.16,-0.00746142
15.17,-0.0341719
15.18,-0.0385324
15.19,-0.0298694
15.2,-0.00688608
15.21,0.0187333
15.22,0.0268438
15.23,0.0239662
15.24,0.0047563
15.25,-0.0267264
15.26,-0.0598776
15.27,-0.0915202
15.28,-0.109386
15.29,-0.136177
15.3,-0.168495
15.31,-0.16716
15.32,-0.14257
15.33,-0.106542
15.34,-0.0556255
15.35,-0.00716341
15.36,0.0229594
15.37,0.0406426
15.38,0.0654894
15.39,0.107282
15.4,0.152543
15.41,0.168542
15.42,0.137481
15.43,0.0812818
15.44,0.0371616
15.45,0.0214642
15.46,0.0415249
15.47,0.0892457
15.48,0.125195
15.49,0.109624
15.5,0.0512062
15.51,0.00597107
15.52,0.00711189
15.53,0.00992381
15.54,-0.00227137
15.55,0.0764738
15.56,0.130635
15.57,0.0582094
15.58,0.0172156
15.59,-0.0798104
15.6,-0.190793
15.61,-0.194919
15.62,-0.199728
15.63,-0.10821
15.64,0.0322782
15.65,0.0404023
15.66,-0.0229737
15.67,-0.0782081
15.68,-0.104777
15.69,-0.0983524
15.7,-0.0730183
15.71,-0.0493914
15.72,-0.0291362
15.73,-0.00757315
15.74,0.0192336
15.75,0.0525509
15.76,0.0822145
15.77,0.102698
15.78,0.12194
15.79,0.139045
15.8,0.133506
15.81,0.116972
15.82,0.111906
15.83,0.112489
15.84,0.1153
15.85,0.157647
15.86,0.190236
15.87,0.12771
15.88,0.033935
15.89,-0.0447047
15.9,-0.100098
15.91,-0.130013
15.92,-0.164589
15.93,-0.184508
15.94,-0.156191
15.95,-0.0881664
15.96,-0.0541827
15.97,-0.0715496
15.98,-0.0692005
15.99,-0.0261949
16.0,0.0271908
16.01,0.0525043
16.02,0.0481169
16.03,0.0489627
16.04,0.0641518
16.05,0.0796116
16.06,0.0858675
16.07,0.091056
16.08,0.102605
16.09,0.108183
16.1,0.0820546
16.11,0.0299206
16.12,-0.00513901
16.13,-0.0222646
16.14,-0.0409588
16.15,-0.0609077
16.16,-0.0805315
16.17,-0.0918892
16.18,-0.0931306
16.19,-0.0918863
16.2,-0.0926141
16.21,-0.09366
16.22,-0.0941453
16.23,-0.0959668
16.24,-0.0989621
16.25,-0.0938934
16.26,-0.0715961
16.27,-0.0431495
16.28,-0.0130431
16.29,0.0272926
16.3,0.0643679
16.31,0.0842993
16.32,0.0931424
16.33,0.0960964
16.34,0.0987609
16.35,0.103636
16.36,0.105713
16.37,0.097187
16.38,0.0781577
16.39,0.0666548
16.4,0.0689479
16.41,0.0726137
16.42,0.0706517
16.43,0.0715941
16.44,0.0815661
16.45,0.0794101
16.46,0.0482682
16.47,0.0124134
16.48,-0.00733469
16.49,-0.0247907
16.5,-0.0451811
16.51,-0.0625854
16.52,-0.0726595
16.53,-0.0707148
16.54,-0.0616775
16.55,-0.0523037
16.56,-0.0530442
16.57,-0.0708718
16.58,-0.095897
16.59,-0.116926
16.6,-0.128053
16.61,-0.12919
16.62,-0.126875
16.63,-0.125131
16.64,-0.124986
16.65,-0.122218
16.66,-0.112783
16.67,-0.0894888
16.68,-0.0514644
16.69,-0.0150163
16.7,0.018693
16.71,0.0486091
16.72,0.0662264
16.73,0.0812253
16.74,0.102401
16.75,0.13161
16.76,0.16841
16.77,0.203074
16.78,0.225483
16.79,0.23468
16.8,0.233377
16.81,0.223713
16.82,0.199492
16.83,0.151944
16.84,0.0936336
16.85,0.0367879
16.86,-0.018414
16.87,-0.0626968
16.88,-0.0939463
16.89,-0.117938
16.9,-0.136366
16.91,-0.148256
16.92,-0.153143
16.93,-0.156278
16.94,-0.159994
16.95,-0.163842
16.96,-0.156378
16.97,-0.131417
16.98,-0.103661
16.99,-0.0787381
17.0,-0.0601474
17.01,-0.0535752
17.02,-0.0538367
17.03,-0.0543759
17.04,-0.0471196
17.05,-0.0303821
17.06,-0.00298581
17.07,0.0366176
17.08,0.0525501
17.09,0.0173716
17.1,-0.0274358
17.11,-0.041558
17.12,-0.0275273
17.13,-0.00752119
17.14,0.0205374
17.15,0.0786356
17.16,0.106191
17.17,0.0742859
17.18,0.0367171
17.19,-0.00294414
17.2,-0.0117243
17.21,0.0246459
17.22,0.0424966
17.23,0.0373757
17.24,0.0269969
17.25,0.0372102
17.26,0.0787274
17.27,0.0847156
17.28,0.0752275
17.29,0.0892106
17.3,0.0892988
17.31,0.0780261
17.32,0.059859
17.33,0.0377829
17.34,0.0259797
17.35,0.0188233
17.36,0.00618447
17.37,-0.0090412
17.38,-0.0235241
17.39,-0.0358467
17.4,-0.0458753
17.41,-0.0622238
17.42,-0.0805283
17.43,-0.0972636
17.44,-0.107578
17.45,-0.112503
17.46,-0.120447
17.47,-0.119562
17.48,-0.0971412
17.49,-0.0568996
17.5,-0.0208292
17.51,0.0131349
17.52,0.0445324
17.53,0.0681448
17.54,0.0858821
17.55,0.121343
17.56,0.183776
17.57,0.188947
17.58,0.1808
17.59,0.113578
17.6,-0.0308048
17.61,0.0476178
17.62,0.181456
17.63,0.0998056
17.64,0.0258544
17.65,0.0255047
17.66,0.0203844
17.67,0.00340233
17.68,-0.0344795
17.69,-0.0646428
17.7,-0.0712918
17.71,-0.0616179
17.72,-0.06417
17.73,-0.0811878
17.74,-0.0899955
17.75,-0.0934691
17.76,-0.093017
17.77,-0.0899827
17.78,-0.0854215
17.79,-0.071045
17.8,-0.0505316
17.81,-0.0353218
17.82,-0.0302718
17.83,-0.032054
17.84,-0.0287907
17.85,-0.0235839
17.86,-0.0245896
17.87,-0.0235416
17.88,-0.00982976
17.89,0.00533961
17.9,-0.00534177
17.91,-0.0184977
17.92,0.00217105
17.93,0.0341984
17.94,0.0590314
17.95,0.0718551
17.96,0.106124
17.97,0.14491
17.98,0.12974
17.99,0.0934993
18.0,-0.0043213
18.01,-0.0725402
18.02,0.0108016
18.03,0.0259349
18.04,-0.0794125
18.05,-0.115176
18.06,-0.066633
18.07,-0.00950006
18.08,0.0115473
18.09,-0.00468294
18.1,-0.0247495
18.11,-0.0145258
18.12,0.0218177
18.13,0.0417899
18.14,0.0474698
18.15,0.0570492
18.16,0.0623813
18.17,0.0493607
18.18,0.0110068
18.19,-0.0241969
18.2,-0.0457499
18.21,-0.0633165
18.22,-0.0729905
18.23,-0.079585
18.24,-0.0681078
18.25,-0.0394765
18.26,-0.00812943
18.27,0.0112462
18.28,-0.00367604
18.29,-0.0223973
18.3,-0.0228383
18.31,-0.00720411
18.32,0.00469287
18.33,-0.00635522
18.34,-0.00863276
18.35,0.00264508
18.36,0.0186797
18.37,0.0381863
18.38,0.0440725
18.39,0.0365005
18.4,0.0302615
18.41,0.0305034
18.42,0.0298675
18.43,0.0262445
18.44,0.0172273
18.45,0.00527513
18.46,-0.0060922
18.47,-0.0202471
18.48,-0.0274221
18.49,-0.0269109
18.5,-0.0236257
18.51,-0.0154101
18.52,-0.0117691
18.53,-0.0158637
18.54,-0.0215968
18.55,-0.027808
18.56,-0.0349208
18.57,-0.0394694
18.58,-0.0382311
18.59,-0.0260238
18.6,-0.00314863
18.61,0.0135075
18.62,0.015376
18.63,4.35326E-4
18.64,-0.0226956
18.65,-0.0326125
18.66,-0.0270909
18.67,-0.0215905
18.68,-0.024058
18.69,-0.0284023
18.7,-0.0320188
18.71,-0.0291247
18.72,-0.0205526
18.73,-0.0156824
18.74,-0.00789919
18.75,0.00347684
18.76,0.0164239
18.77,0.032771
18.78,0.0452293
18.79,0.0503668
18.8,0.0556858
18.81,0.0679096
18.82,0.0781074
18.83,0.070687
18.84,0.0384589
18.85,0.00711215
18.86,-8.13894E-4
18.87,-0.00753878
18.88,-0.0206718
18.89,-0.0325681
18.9,-0.0431613
18.91,-0.0522316
18.92,-0.0633938
18.93,-0.0724997
18.94,-0.077997
18.95,-0.0814008
18.96,-0.0807497
18.97,-0.0756125
18.98,-0.0663866
18.99,-0.0525723
19.0,-0.0342392
19.01,-0.0158453
19.02,0.00276646
19.03,0.0202109
19.04,0.0313091
19.05,0.0386602
19.06,0.0441596
19.07,0.0476481
19.08,0.0440285
19.09,0.0263058
19.1,0.00541437
19.11,-0.00185578
19.12,0.00355458
19.13,0.00843685
19.14,0.00597425
19.15,-8.57359E-4
19.16,-0.00835692
19.17,-0.0151944
19.18,-0.0185597
19.19,-0.0181573
19.2,-0.0181042
19.21,-0.0138971
19.22,-0.00240348
19.23,0.00850919
19.24,0.014034
19.25,0.0165161
19.26,0.02143
19.27,0.0268312
19.28,0.0283804
19.29,0.0268803
19.3,0.026732
19.31,0.0342001
19.32,0.0470475
19.33,0.0638401
19.34,0.0784505
19.35,0.0793452
19.36,0.0710244
19.37,0.0619467
19.38,0.0590305
19.39,0.0555263
19.4,0.0351564
19.41,0.00991926
19.42,-0.00731745
19.43,-0.0248994
19.44,-0.0448685
19.45,-0.0621179
19.46,-0.0682825
19.47,-0.0609434
19.48,-0.0510874
19.49,-0.0449546
19.5,-0.0426149
19.51,-0.0384121
19.52,-0.0259278
19.53,-0.0152044
19.54,-0.0128614
19.55,-0.0117723
19.56,-0.0107989
19.57,-0.0111326
19.58,-0.00647569
19.59,0.00633911
19.6,0.0177612
19.61,0.0227379
19.62,0.0303365
19.63,0.041262
19.64,0.0509236
19.65,0.0634952
19.66,0.0765962
19.67,0.0778398
19.68,0.0617036
19.69,0.0372998
19.7,0.018064
19.71,0.00960574
19.72,0.00562981
19.73,-0.00159003
19.74,-1.38337E-4
19.75,0.0170661
19.76,0.0235649
19.77,0.0103053
19.78,-0.0034178
19.79,-0.014777
19.8,-0.0272285
19.81,-0.0379148
19.82,-0.0441636
19.83,-0.0469104
19.84,-0.0469218
19.85,-0.0417591
19.86,-0.0286819
19.87,-0.00698525
19.88,0.00893611
19.89,0.013624
19.9,0.0201295
19.91,0.0305399
19.92,0.040536
19.93,0.0467698
19.94,0.0408025
19.95,0.0195488
19.96,-3.83868E-4
19.97,-0.00975686
19.98,-0.0173256
19.99,-0.0238584
20.0,-0.0288384
20.01,-0.0343119
20.02,-0.0399733
20.03,-0.0459616
20.04,-0.0526443
20.05,-0.0577662
20.06,-0.0563435
20.07,-0.0478592
20.08,-0.0320932
20.09,-0.0192487
20.1,-0.0201103
20.11,-0.0245552
20.12,-0.0286603
20.13,-0.0352202
20.14,-0.039449
20.15,-0.0370969
20.16,-0.0275659
20.17,-0.0114998
20.18,0.0102484
20.19,0.0311804
20.2,0.0466944
20.21,0.0498058
20.22,0.0313199
20.23,0.00608833
20.24,-0.0042224
20.25,-0.00155462
20.26,0.00437354
20.27,0.00817583
20.28,0.0134094
20.29,0.0267036
20.3,0.0399588
20.31,0.0459059
20.32,0.0435131
20.33,0.0323346
20.34,0.0163012
20.35,7.95447E-4
20.36,-0.0129661
20.37,-0.0264053
20.38,-0.0283693
20.39,-0.0215157
20.4,-0.0228175
20.41,-0.0247874
20.42,-0.0215836
20.43,-0.0191448
20.44,-0.015172
20.45,-0.00910016
20.46,-0.00502589
20.47,-0.00806445
20.48,-0.0169783
20.49,-0.0195723
20.5,-0.0125269
20.51,-0.0011629
20.52,0.0107532
20.53,0.0172756
20.54,0.0173908
20.55,0.0146364
20.56,0.00964678
20.57,8.41849E-4
20.58,-0.0097862
20.59,-0.0158892
20.6,-0.0171523
20.61,-0.0220624
20.62,-0.0308212
20.63,-0.0360427
20.64,-0.0342729
20.65,-0.0249234
20.66,-0.013108
20.67,3.61674E-4
20.68,0.0163066
20.69,0.0295746
20.7,0.0392375
20.71,0.0433818
20.72,0.0435147
20.73,0.0470536
20.74,0.0507613
20.75,0.0508632
20.76,0.046611
20.77,0.0344339
20.78,0.0222067
20.79,0.016777
20.8,0.0134944
20.81,0.0085107
20.82,-1.776E-5
20.83,-0.00669826
20.84,-0.00486241
20.85,0.00260475
20.86,0.0119076
20.87,0.0132045
20.88,0.00354054
20.89,-7.86223E-4
20.9,0.00280165
20.91,0.0025618
20.92,-0.00391164
20.93,-0.00813137
20.94,-0.00571543
20.95,0.00104939
20.96,0.00912336
20.97,0.0127341
20.98,0.0143333
20.99,0.0199838
21.0,0.0247223
21.01,0.0229518
21.02,0.0182485
21.03,0.00575175
21.04,-0.0087327
21.05,-0.012657
21.06,-0.0187388
21.07,-0.0266055
21.08,-0.025539
21.09,-0.0179681
21.1,-0.0114397
21.11,-0.00770746
21.12,-0.00168687
21.13,0.00236165
21.14,-7.05799E-4
21.15,-0.00959355
21.16,-0.0152433
21.17,-0.0121154
21.18,-0.00286978
21.19,0.0083349
21.2,0.0107192
21.21,0.00304425
21.22,-0.00393116
21.23,-0.00539545
21.24,-0.00774896
21.25,-0.0132057
21.26,-0.0107698
21.27,0.00131542
21.28,0.0146816
21.29,0.0248418
21.3,0.0302711
21.31,0.0321103
21.32,0.0306313
21.33,0.0257047
21.34,0.0135527
21.35,-0.0081992
21.36,-0.0339894
21.37,-0.0514988
21.38,-0.044041
21.39,-0.028799
21.4,-0.0303389
21.41,-0.0335322
21.42,-0.026848
21.43,-0.015105
21.44,-0.00349705
21.45,0.00335825
21.46,0.00547416
21.47,0.00704308
21.48,0.0099555
21.49,0.0132453
21.5,0.0217807
21.51,0.0334279
21.52,0.03368
21.53,0.0210855
21.54,0.0108699
21.55,0.00837288
21.56,0.00693869
21.57,0.00347328
21.58,-0.00109193
21.59,-0.00555707
21.6,-0.0107863
21.61,-0.0192832
21.62,-0.0354665
21.63,-0.0558711
21.64,-0.0695443
21.65,-0.0703174
21.66,-0.0596974
21.67,-0.0515725
21.68,-0.0510428
21.69,-0.0516694
21.7,-0.0512484
21.71,-0.0486015
21.72,-0.0474966
21.73,-0.0530158
21.74,-0.061967
21.75,-0.0598614
21.76,-0.0423536
21.77,-0.00965708
21.78,0.0352447
21.79,0.0666882
21.8,0.0806684
21.81,0.0909618
21.82,0.0886695
21.83,0.0646785
21.84,0.0273897
21.85,-0.00261585
21.86,-0.0160333
21.87,-0.0155663
21.88,-0.00486583
21.89,-0.0020661
21.9,-0.0171975
21.91,-0.0390387
21.92,-0.0538962
21.93,-0.0527011
21.94,-0.0407121
21.95,-0.0314199
21.96,-0.0272586
21.97,-0.0210149
21.98,-0.00987739
21.99,3.17782E-4
22.0,0.00585937
22.01,0.0097193
22.02,0.0163555
22.03,0.0251886
22.04,0.0257385
22.05,0.0140821
22.06,-5.38096E-4
22.07,-0.00210665
22.08,0.013375
22.09,0.0277581
22.1,0.034365
22.11,0.0399106
22.12,0.0472071
22.13,0.0537539
22.14,0.057601
22.15,0.0611788
22.16,0.0623078
22.17,0.0605195
22.18,0.0525877
22.19,0.0362144
22.2,0.020258
22.21,0.00811992
22.22,-0.00149663
22.23,-0.00993114
22.24,-0.0186134
22.25,-0.0254461
22.26,-0.0291699
22.27,-0.031232
22.28,-0.0349498
22.29,-0.0405381
22.3,-0.0440507
22.31,-0.0419946
22.32,-0.0327178
22.33,-0.0177258
22.34,-0.00431872
22.35,0.00649976
22.36,0.0194869
22.37,0.0289777
22.38,0.0317469
22.39,0.0343894
22.4,0.0409041
22.41,0.0456835
22.42,0.0440733
22.43,0.0405723
22.44,0.0364349
22.45,0.027234
22.46,0.0147677
22.47,0.00818506
22.48,0.00732335
22.49,0.00526794
22.5,2.12246E-4
22.51,-0.00914642
22.52,-0.0212598
22.53,-0.0336735
22.54,-0.0428578
22.55,-0.0459197
22.56,-0.0464171
22.57,-0.0440687
22.58,-0.0365383
22.59,-0.0226853
22.6,-0.00564757
22.61,0.0045355
22.62,0.00272435
22.63,-0.00742217
22.64,-0.0187628
22.65,-0.0274217
22.66,-0.0297074
22.67,-0.0264393
22.68,-0.0223748
22.69,-0.0181677
22.7,-0.0177583
22.71,-0.0202243
22.72,-0.0190366
22.73,-0.0168571
22.74,-0.0169679
22.75,-0.017323
22.76,-0.0164179
22.77,-0.0105067
22.78,-4.45315E-4
22.79,0.00949718
22.8,0.018705
22.81,0.0246112
22.82,0.027173
22.83,0.0261245
22.84,0.0186592
22.85,0.00854287
22.86,0.00225268
22.87,0.00124548
22.88,0.00309298
22.89,0.00484205
22.9,0.0050125
22.91,0.00104918
22.92,-0.00821283
22.93,-0.0167003
22.94,-0.0212654
22.95,-0.0231908
22.96,-0.0233016
22.97,-0.0201186
22.98,-0.00876882
22.99,0.00450706
23.0,0.00989222
23.01,0.00783683
23.02,0.00166125
23.03,-0.00497901
23.04,-0.00971529
23.05,-0.0122358
23.06,-0.0109794
23.07,-0.00583423
23.08,-6.78465E-4
23.09,0.00287257
23.1,0.00525244
23.11,0.00584817
23.12,0.00347634
23.13,-0.0011443
23.14,-0.00291705
23.15,-7.95004E-4
23.16,-0.00138124
23.17,-0.00677841
23.18,-0.00905523
23.19,-0.00140731
23.2,0.0123464
23.21,0.0222906
23.22,0.0253414
23.23,0.0270967
23.24,0.0307168
23.25,0.0334116
23.26,0.0338229
23.27,0.0319338
23.28,0.0276426
23.29,0.0251071
23.3,0.0251399
23.31,0.0248968
23.32,0.0243924
23.33,0.0215965
23.34,0.0147328
23.35,0.00666939
23.36,-2.22093E-4
23.37,-0.00495267
23.38,-0.00733674
23.39,-0.0117561
23.4,-0.0185161
23.41,-0.0220546
23.42,-0.0212786
23.43,-0.0163514
23.44,-0.00905565
23.45,-0.00460297
23.46,-0.00268873
23.47,8.84377E-4
23.48,0.00528522
23.49,0.00868431
23.5,0.0117153
23.51,0.0138623
23.52,0.0138241
23.53,0.0104847
23.54,0.00441875
23.55,-0.00244281
23.56,-0.00899515
23.57,-0.0140753
23.58,-0.0160349
23.59,-0.0156557
23.6,-0.0167789
23.61,-0.020134
23.62,-0.02063
23.63,-0.0167269
23.64,-0.00993239
23.65,0.00107969
23.66,0.0123338
23.67,0.020454
23.68,0.0263503
23.69,0.0284325
23.7,0.0270962
23.71,0.0227888
23.72,0.0166865
23.73,0.0124892
23.74,0.00889255
23.75,0.00511779
23.76,0.00412294
23.77,0.00277103
23.78,7.14298E-4
23.79,6.35548E-4
23.8,-1.58917E-4
23.81,-2.4553E-4
23.82,-0.00100877
23.83,-0.00357953
23.84,-0.00135802
23.85,0.00362817
23.86,0.00595364
23.87,0.00744613
23.88,0.0109719
23.89,0.0165002
23.9,0.0213885
23.91,0.0211252
23.92,0.014774
23.93,0.00944312
23.94,0.00860514
23.95,0.00833609
23.96,0.00253112
23.97,-0.00626793
23.98,-0.00539846
23.99,5.46048E-4
24.0,6.97243E-4
24.01,-0.00174959
24.02,-0.00460175
24.03,-0.00634519
24.04,-0.00376352
24.05,6.36431E-4
24.06,0.00211632
24.07,0.00117953
24.08,-3.77082E-4
24.09,-0.00282344
24.1,-0.00464742
24.11,-0.00322183
24.12,0.00147905
24.13,0.00669154
24.14,0.00922481
24.15,0.007288
24.16,0.00419776
24.17,0.00256118
24.18,0.00147177
24.19,0.00177411
24.2,0.00282831
24.21,0.0032619
24.22,0.00302306
24.23,0.00199976
24.24,-1.65919E-4
24.25,-0.00433939
24.26,-0.0111009
24.27,-0.0186029
24.28,-0.0204886
24.29,-0.0133739
24.3,-0.0040965
24.31,0.00187516
24.32,0.00716094
24.33,0.0118381
24.34,0.0149603
24.35,0.0188214
24.36,0.0245054
24.37,0.0305899
24.38,0.032846
24.39,0.024545
24.4,0.00741767
24.41,-0.00471154
24.42,-0.00981997
24.43,-0.0143567
24.44,-0.0147502
24.45,-0.00995941
24.46,-0.00796819
24.47,-0.0124161
24.48,-0.0188493
24.49,-0.0225157
24.5,-0.0210158
24.51,-0.0163704
24.52,-0.00925434
24.53,2.88861E-4
24.54,0.0078907
24.55,0.0120358
24.56,0.0110892
24.57,0.00549342
24.58,0.00336359
24.59,0.00580275
24.6,0.00710057
24.61,0.00843638
24.62,0.0123824
24.63,0.0185574
24.64,0.0227043
24.65,0.0196036
24.66,0.012918
24.67,0.00917155
24.68,0.00809225
24.69,0.00568543
24.7,2.59261E-4
24.71,-0.0054701
24.72,-0.00965452
24.73,-0.0127302
24.74,-0.0146172
24.75,-0.016283
24.76,-0.0162725
24.77,-0.0153129
24.78,-0.0138867
24.79,-0.00819684
24.8,-0.00329662
24.81,-0.00317461
24.82,-0.00528271
24.83,-0.00945216
24.84,-0.0123013
24.85,-0.0100193
24.86,-0.00320203
24.87,0.00672148
24.88,0.0162291
24.89,0.0221357
24.9,0.0264741
24.91,0.0313424
24.92,0.0344366
24.93,0.0310747
24.94,0.0231611
24.95,0.0171643
24.96,0.0130921
24.97,0.00902119
24.98,0.00387011
24.99,-9.78901E-4
25.0,-0.00108846
25.01,-1.19472E-4
25.02,-0.00253314
25.03,-0.00525974
25.04,-0.00824358
25.05,-0.0125186
25.06,-0.0172257
25.07,-0.0213888
25.08,-0.0227079
25.09,-0.0175104
25.1,-0.0074647
25.11,-0.00197276
25.12,-0.00137783
25.13,0.00239052
25.14,0.00979517
25.15,0.0145684
25.16,0.0139795
25.17,0.0126839
25.18,0.0150413
25.19,0.0197825
25.2,0.0236245
25.21,0.0249172
25.22,0.0242653
25.23,0.0221635
25.24,0.0145007
25.25,-7.13561E-4
25.26,-0.0144087
25.27,-0.0212326
25.28,-0.0250903
25.29,-0.0262274
25.3,-0.0251794
25.31,-0.0238763
25.32,-0.0217976
25.33,-0.0158904
25.34,-0.00503985
25.35,0.00306619
25.36,0.00535707
25.37,0.00664669
25.38,0.008146
25.39,0.00915621
25.4,0.0115654
25.41,0.0165613
25.42,0.0213659
25.43,0.0253865
25.44,0.0294359
25.45,0.033195
25.46,0.0377832
25.47,0.0398858
25.48,0.0353831
25.49,0.0277856
25.5,0.0199103
25.51,0.0111441
25.52,0.00153079
25.53,-0.00966667
25.54,-0.0192719
25.55,-0.0256832
25.56,-0.0310195
25.57,-0.0335067
25.58,-0.0325673
25.59,-0.028244
25.6,-0.0230207
25.61,-0.0168928
25.62,-0.00729526
25.63,8.55088E-4
25.64,0.00676698
25.65,0.0099645
25.66,0.00692922
25.67,0.00414491
25.68,0.00599363
25.69,0.00617497
25.7,0.00353882
25.71,0.00157496
25.72,-4.78604E-4
25.73,-0.0037042
25.74,-0.00684417
25.75,-0.00522725
25.76,0.00159324
25.77,0.00598548
25.78,0.00865223
25.79,0.0142211
25.8,0.0169499
25.81,0.0164077
25.82,0.0152348
25.83,0.0128402
25.84,0.0109553
25.85,0.00658923
25.86,2.54409E-4
25.87,-0.0056378
25.88,-0.010414
25.89,-0.0118377
25.9,-0.013635
25.91,-0.0160989
25.92,-0.015277
25.93,-0.0144293
25.94,-0.015911
25.95,-0.0144337
25.96,-0.00731294
25.97,0.0012232
25.98,0.0059923
25.99,0.00730054
26.0,0.00879561
26.01,0.00852575
26.02,0.00434169
26.03,-6.87724E-4
26.04,-0.00217801
26.05,-4.61043E-4
26.06,0.00158406
26.07,0.00288712
26.08,0.00241637
26.09,0.00292465
26.1,0.00378817
26.11,0.00327575
26.12,0.00491098
26.13,0.0071143
26.14,0.00642787
26.15,0.00382367
26.16,0.0019822
26.17,0.00114232
26.18,-0.00135849
26.19,-0.00697681
26.2,-0.0123532
26.21,-0.0140386
26.22,-0.0137519
26.23,-0.0128916
26.24,-0.0116605
26.25,-0.0101265
26.26,-0.00909652
26.27,-0.0111591
26.28,-0.0138934
26.29,-0.0127137
26.3,-0.00942245
26.31,-0.00693918
26.32,-0.00520625
26.33,-0.0038465
26.34,-0.00192581
26.35,3.08213E-4
26.36,6.80583E-4
26.37,2.75362E-4
26.38,0.00106045
26.39,0.00161972
26.4,0.00172117
26.41,0.00112935
26.42,1.29486E-4
26.43,4.94938E-4
26.44,-9.91841E-4
26.45,-0.0051146
26.46,-0.00755892
26.47,-0.00915648
26.48,-0.00986669
26.49,-0.00805977
26.5,-0.00643073
26.51,-0.00752194
26.52,-0.0115018
26.53,-0.0135483
26.54,-0.0104979
26.55,-0.0054006
26.56,5.3559E-5
26.57,0.00525736
26.58,0.00961562
26.59,0.0118793
26.6,0.0112875
26.61,0.0100218
26.62,0.00952725
26.63,0.0107343
26.64,0.0127785
26.65,0.0121788
26.66,0.00845552
26.67,0.00352514
26.68,-7.57143E-4
26.69,-0.00391893
26.7,-0.00769746
26.71,-0.0116321
26.72,-0.0138436
26.73,-0.0150421
26.74,-0.0154248
26.75,-0.0150517
26.76,-0.0146147
26.77,-0.0126366
26.78,-0.00770887
26.79,-6.99127E-4
26.8,0.0037485
26.81,0.00108215
26.82,-0.0061246
26.83,-0.0111741
26.84,-0.012108
26.85,-0.0123675
26.86,-0.0138472
26.87,-0.0146009
26.88,-0.0118807
26.89,-0.00697348
26.9,-0.00291545
26.91,0.00103277
26.92,0.00539081
26.93,0.00952663
26.94,0.0127266
26.95,0.0119309
26.96,0.00659258
26.97,-0.00272322
26.98,-0.01261
26.99,-0.0169936
27.0,-0.0178865
27.01,-0.016069
27.02,-0.0122984
27.03,-0.0103753
27.04,-0.00747305
27.05,-0.00404721
27.06,-0.00283113
27.07,-0.00403616
27.08,-0.00877767
27.09,-0.0137854
27.1,-0.0136
27.11,-0.00866147
27.12,-0.00566401
27.13,-0.00659202
27.14,-0.00394083
27.15,0.00384594
27.16,0.00868594
27.17,0.00746764
27.18,0.00465466
27.19,0.00569892
27.2,0.00985516
27.21,0.0122887
27.22,0.0128687
27.23,0.0149118
27.24,0.0175199
27.25,0.0158803
27.26,0.0119243
27.27,0.00961054
27.28,0.00924067
27.29,0.0093716
27.3,0.00762025
27.31,0.00628947
27.32,0.00454978
27.33,5.52944E-5
27.34,-0.00486719
27.35,-0.00821538
27.36,-0.0089705
27.37,-0.00992655
27.38,-0.0124112
27.39,-0.0147417
27.4,-0.0173287
27.41,-0.0196829
27.42,-0.0202632
27.43,-0.0186308
27.44,-0.0134063
27.45,-0.00525414
27.46,0.00135621
27.47,0.00582728
27.48,0.00907513
27.49,0.0103779
27.5,0.0102424
27.51,0.00948302
27.52,0.00993088
27.53,0.0127895
27.54,0.0174614
27.55,0.0218622
27.56,0.0223922
27.57,0.0186333
27.58,0.013506
27.59,0.00831772
27.6,0.0026577
27.61,-0.00415309
27.62,-0.0104785
27.63,-0.0143402
27.64,-0.0157531
27.65,-0.0156636
27.66,-0.0169545
27.67,-0.0190018
27.68,-0.0187928
27.69,-0.0151282
27.7,-0.00938999
27.71,-0.00535249
27.72,-0.00337611
27.73,-0.00199852
27.74,5.85804E-5
27.75,0.00176576
27.76,0.00122606
27.77,0.00133847
27.78,0.00429492
27.79,0.00738164
27.8,0.00752602
27.81,0.00710135
27.82,0.0092663
27.83,0.0116146
27.84,0.0102373
27.85,0.0050902
27.86,4.35549E-5
27.87,-0.00367468
27.88,-0.00596316
27.89,-0.0058971
27.9,-0.00461336
27.91,-0.00115874
27.92,0.0033181
27.93,0.00549384
27.94,0.00627999
27.95,0.00590256
27.96,0.00418351
27.97,8.17516E-4
27.98,-0.00507294
27.99,-0.00998517
28.0,-0.0112565
28.01,-0.0114254
28.02,-0.0130355
28.03,-0.0142726
28.04,-0.0119761
28.05,-0.00644482
28.06,-7.53482E-4
28.07,9.3426E-4
28.08,-6.0803E-4
28.09,0.00193492
28.1,0.00790914
28.11,0.00969506
28.12,0.00888606
28.13,0.0101045
28.14,0.0128188
28.15,0.0141741
28.16,0.0127118
28.17,0.0111669
28.18,0.00894522
28.19,0.00384818
28.2,-0.0011672
28.21,-0.00475885
28.22,-0.00699158
28.23,-0.00906725
28.24,-0.01182
28.25,-0.0120643
28.26,-0.0111091
28.27,-0.00918503
28.28,-0.00510244
28.29,-0.00268677
28.3,-0.00265516
28.31,-0.00330116
28.32,-0.00182707
28.33,4.804E-5
28.34,-0.0012127
28.35,-8.87783E-4
28.36,0.00294176
28.37,0.00726939
28.38,0.00982304
28.39,0.00775265
28.4,0.00118083
28.41,-0.00480237
28.42,-0.00610724
28.43,-0.00776658
28.44,-0.0134535
28.45,-0.0182127
28.46,-0.0203774
28.47,-0.0201351
28.48,-0.0181908
28.49,-0.0165085
28.5,-0.01481
28.51,-0.0131202
28.52,-0.00906658
28.53,-0.00208534
28.54,0.00353341
28.55,0.00637526
28.56,0.00792666
28.57,0.0101578
28.58,0.0127478
28.59,0.0139163
28.6,0.0153877
28.61,0.0161775
28.62,0.0120742
28.63,0.00610448
28.64,0.00355708
28.65,0.00448903
28.66,0.00609468
28.67,0.005726
28.68,0.00471972
28.69,0.00368831
28.7,0.00192734
28.71,2.77004E-4
28.72,-0.00174008
28.73,-0.00245891
28.74,-0.00210825
28.75,-0.00240169
28.76,-0.00299132
28.77,-0.00470321
28.78,-0.00617003
28.79,-0.00572757
28.8,-0.00362684
28.81,-0.00214098
28.82,-0.00322193
28.83,-0.00540111
28.84,-0.00802061
28.85,-0.00991
28.86,-0.00800955
28.87,-0.00231546
28.88,0.00495959
28.89,0.0125885
28.9,0.0192733
28.91,0.0227933
28.92,0.0211579
28.93,0.0154027
28.94,0.00806005
28.95,7.16653E-4
28.96,-0.00524421
28.97,-0.0103639
28.98,-0.0140676
28.99,-0.0151563
29.0,-0.0146862
29.01,-0.0123244
29.02,-0.00987475
29.03,-0.00881797
29.04,-0.00700615
29.05,-0.0052244
29.06,-0.00472879
29.07,-0.00569533
29.08,-0.00621236
29.09,-0.00359442
29.1,-9.0823E-4
29.11,-0.00159424
29.12,-0.00366216
29.13,-0.00333353
29.14,-9.66237E-4
29.15,0.00131484
29.16,0.00226931
29.17,0.00356936
29.18,0.00819825
29.19,0.0114964
29.2,0.0110563
29.21,0.0093055
29.22,0.00658403
29.23,0.00469166
29.24,0.00247267
29.25,2.37679E-4
29.26,0.00133012
29.27,0.00357529
29.28,0.00509115
29.29,0.00752975
29.3,0.00949784
29.31,0.0104691
29.32,0.0106957
29.33,0.0102095
29.34,0.00833262
29.35,0.00473812
29.36,0.0010813
29.37,-2.8276E-4
29.38,-8.48713E-4
29.39,-0.00303079
29.4,-0.00515644
29.41,-0.00669691
29.42,-0.00926614
29.43,-0.0130508
29.44,-0.0164366
29.45,-0.0174528
29.46,-0.0146103
29.47,-0.00786253
29.48,-6.57583E-4
29.49,0.00525782
29.5,0.0116212
29.51,0.0169585
29.52,0.0193487
29.53,0.0196088
29.54,0.0183029
29.55,0.0163539
29.56,0.0136827
29.57,0.0112636
29.58,0.010793
29.59,0.00992275
29.6,0.00721392
29.61,0.00366586
29.62,9.36855E-4
29.63,-4.87337E-4
29.64,-0.00301168
29.65,-0.00678203
29.66,-0.00989325
29.67,-0.0114953
29.68,-0.0115099
29.69,-0.0111544
29.7,-0.0116085
29.71,-0.0119462
29.72,-0.00916436
29.73,-0.00440592
29.74,-0.00129226
29.75,0.00130763
29.76,0.00395446
29.77,0.00540102
29.78,0.00555734
29.79,0.00562221
29.8,0.0066111
29.81,0.00714023
29.82,0.00610241
29.83,0.00449237
29.84,0.00356362
29.85,0.00318415
29.86,0.00326492
29.87,0.00332971
29.88,0.00301305
29.89,0.00277879
29.9,0.00178608
29.91,3.81996E-4
29.92,-2.58799E-4
29.93,-5.58166E-4
29.94,-8.75621E-4
29.95,-0.00148086
29.96,-0.00213488
29.97,-0.00213405
29.98,-0.00144425
29.99,-2.50044E-4
30.0,0.00120065
30.01,0.00299375
30.02,0.00478559
30.03,0.00595417
30.04,0.00643004
30.05,0.00600785
30.06,0.00514377
30.07,0.0041497
30.08,0.00280663
30.09,0.00164383
30.1,9.32651E-4
30.11,4.77415E-4
30.12,2.74186E-4
30.13,1.1087E-4
30.14,-5.60447E-5
30.15,-9.34842E-5
30.16,-5.15646E-4
30.17,-0.00120266
30.18,-0.00151663
30.19,-0.00189695
30.2,-0.00250564
30.21,-0.00299299
30.22,-0.00330708
30.23,-0.00334503
30.24,-0.00316711
30.25,-0.00281022
30.26,-0.00223424
30.27,-0.00143823
30.28,-5.6328E-4
30.29,1.06086E-4
30.3,6.00748E-4
30.31,8.98888E-4
30.32,0.00104593
30.33,0.00120915
30.34,0.00115938
30.35,8.09001E-4
30.36,3.66056E-4
30.37,4.43119E-5
30.38,-6.69007E-5
30.39,-1.72119E-4
30.4,-3.25368E-4
30.41,-3.24675E-4
30.42,-1.39555E-4
30.43,1.96783E-5
30.44,-4.57717E-5
30.45,-2.21201E-4
30.46,-3.45015E-4
30.47,-4.51109E-4
30.48,-5.77762E-4
30.49,-6.73795E-4
30.5,-6.65381E-4
30.51,-5.94356E-4
30.52,-4.93917E-4
30.53,-3.62009E-4
30.54,-2.36094E-4
30.55,-1.50436E-4
30.56,-1.39268E-4
30.57,-1.3799E-4
30.58,-1.04447E-4
30.59,-8.23564E-5
30.6,-8.29839E-5
30.61,-1.27478E-4
30.62,-1.86637E-4
30.63,-2.24996E-4
30.64,-2.49321E-4
30.65,-2.27965E-4
30.66,-1.68434E-4
30.67,-1.09522E-4
30.68,-6.44967E-5
30.69,-3.90197E-5
30.7,-3.22667E-5
30.71,-4.67865E-5
30.72,-6.93464E-5
30.73,-8.35929E-5
30.74,-1.04437E-4
30.75,-1.41013E-4
30.76,-1.69689E-4
