# Time Series: Nahanni, Canada 1985 - NS1-280
# Time (s),Acceleration (g's)
0.0,0.00711627
0.005,0.00833781
0.01,0.00848158
0.015,0.0065992
0.02,0.00662123
0.025,0.00657191
0.03,0.00653416
0.035,0.00650322
0.04,0.00648301
0.045,0.00647843
0.05,0.00648837
0.055,0.00650177
0.06,0.00650982
0.065,0.00652005
0.07,0.00653444
0.075,0.00653941
0.08,0.00653444
0.085,0.00652631
0.09,0.00649791
0.095,0.00641769
0.1,0.00619841
0.105,0.00588259
0.11,0.00575229
0.115,0.00585373
0.12,0.00606218
0.125,0.00636014
0.13,0.00660472
0.135,0.00669813
0.14,0.00669611
0.145,0.00656591
0.15,0.00626516
0.155,0.00597191
0.16,0.00585519
0.165,0.00587728
0.17,0.00607499
0.175,0.00638676
0.18,0.00653578
0.185,0.00645976
0.19,0.00624842
0.195,0.00572329
0.2,0.00496125
0.205,0.00457377
0.21,0.00480791
0.215,0.00555038
0.22,0.00657848
0.225,0.00740967
0.23,0.00780032
0.235,0.00788762
0.24,0.0077429
0.245,0.00732653
0.25,0.00670496
0.255,0.00618839
0.26,0.00619872
0.265,0.006658
0.27,0.00690156
0.275,0.00660982
0.28,0.00610004
0.285,0.00572673
0.29,0.00556719
0.295,0.00541097
0.3,0.00494596
0.305,0.00421997
0.31,0.00390753
0.315,0.00469487
0.32,0.00609307
0.325,0.0070393
0.33,0.00773366
0.335,0.00849287
0.34,0.0086206
0.345,0.00811669
0.35,0.00736147
0.355,0.0062316
0.36,0.00528447
0.365,0.00507839
0.37,0.00534229
0.375,0.0059052
0.38,0.00662069
0.385,0.00747073
0.39,0.00858875
0.395,0.00942852
0.4,0.00945715
0.405,0.00882079
0.41,0.00710253
0.415,0.00442669
0.42,0.00273143
0.425,0.00268686
0.43,0.00329861
0.435,0.00424449
0.44,0.00531933
0.445,0.00612335
0.45,0.00665433
0.455,0.00688702
0.46,0.006914
0.465,0.00714857
0.47,0.00760835
0.475,0.00774717
0.48,0.00713726
0.485,0.00579485
0.49,0.00378924
0.495,0.00165417
0.5,0.00155819
0.505,0.00402057
0.51,0.00603702
0.515,0.00720805
0.52,0.00940937
0.525,0.0130674
0.53,0.0167873
0.535,0.0177659
0.54,0.0164327
0.545,0.0146209
0.55,0.0110808
0.555,0.00510744
0.56,-4.87496E-4
0.565,-0.00317092
0.57,-0.00238873
0.575,0.00449345
0.58,0.0154753
0.585,0.019962
0.59,0.0172098
0.595,0.0152923
0.6,0.0104106
0.605,6.35066E-4
0.61,-0.00357131
0.615,-0.00190268
0.62,6.83202E-4
0.625,0.00904696
0.63,0.0202763
0.635,0.0251623
0.64,0.0260172
0.645,0.0258751
0.65,0.0215895
0.655,0.0102248
0.66,-0.00417991
0.665,-0.0110328
0.67,-0.00994307
0.675,-0.00643733
0.68,0.00287328
0.685,0.017024
0.69,0.0256035
0.695,0.0267243
0.7,0.0275134
0.705,0.0291713
0.71,0.0289295
0.715,0.0260528
0.72,0.0191725
0.725,0.00888102
0.73,6.6888E-4
0.735,-0.00106019
0.74,0.00273718
0.745,0.0121734
0.75,0.0232806
0.755,0.0260499
0.76,0.0223879
0.765,0.0177123
0.77,0.0100638
0.775,0.00618071
0.78,0.011121
0.785,0.0165135
0.79,0.0199277
0.795,0.0251823
0.8,0.0297954
0.805,0.0297356
0.81,0.0250983
0.815,0.0174326
0.82,0.00934876
0.825,0.00451817
0.83,0.00380651
0.835,0.00596451
0.84,0.0121501
0.845,0.0252457
0.85,0.0392933
0.855,0.0420733
0.86,0.0360457
0.865,0.0297044
0.87,0.0204794
0.875,0.0105276
0.88,0.00544267
0.885,0.00229619
0.89,0.00171374
0.895,0.00581776
0.9,0.0108286
0.905,0.0142332
0.91,0.0161997
0.915,0.0174441
0.92,0.0182634
0.925,0.0186269
0.93,0.0184214
0.935,0.0168474
0.94,0.0131198
0.945,0.00755679
0.95,0.00478608
0.955,0.00932477
0.96,0.0191024
0.965,0.0301471
0.97,0.0371346
0.975,0.0368612
0.98,0.0318944
0.985,0.0196818
0.99,0.00544275
0.995,0.00382513
1.0,0.00749656
1.005,0.00660959
1.01,0.0109064
1.015,0.0250457
1.02,0.0378188
1.025,0.0389815
1.03,0.0347383
1.035,0.0280539
1.04,0.0110782
1.045,-0.00751952
1.05,-0.0134519
1.055,-0.00967638
1.06,-4.62669E-4
1.065,0.0161849
1.07,0.0290237
1.075,0.0278693
1.08,0.0261631
1.085,0.0308145
1.09,0.032516
1.095,0.0247905
1.1,0.00637074
1.105,-0.00872671
1.11,-0.00809574
1.115,-0.00380334
1.12,-0.00100333
1.125,0.00982977
1.13,0.0256416
1.135,0.0353434
1.14,0.0376551
1.145,0.0391966
1.15,0.0393064
1.155,0.0332154
1.16,0.0246268
1.165,0.020746
1.17,0.0220755
1.175,0.0238999
1.18,0.0245492
1.185,0.0242086
1.19,0.0222121
1.195,0.0204944
1.2,0.021976
1.205,0.0267904
1.21,0.0308298
1.215,0.0298235
1.22,0.019133
1.225,-0.0083612
1.23,-0.0357982
1.235,-0.036187
1.24,-0.0240562
1.245,-0.0202222
1.25,-0.0177494
1.255,-0.016673
1.26,-0.023537
1.265,-0.0405975
1.27,-0.0651902
1.275,-0.0809585
1.28,-0.0822771
1.285,-0.0841686
1.29,-0.0916502
1.295,-0.100117
1.3,-0.114797
1.305,-0.13572
1.31,-0.149366
1.315,-0.152904
1.32,-0.156467
1.325,-0.159505
1.33,-0.155456
1.335,-0.149323
1.34,-0.149389
1.345,-0.156733
1.35,-0.175225
1.355,-0.200722
1.36,-0.210473
1.365,-0.210378
1.37,-0.199654
1.375,-0.1552
1.38,-0.128384
1.385,-0.144598
1.39,-0.14196
1.395,-0.119104
1.4,-0.113969
1.405,-0.11802
1.41,-0.115983
1.415,-0.10926
1.42,-0.101179
1.425,-0.0972366
1.43,-0.100462
1.435,-0.110872
1.44,-0.127887
1.445,-0.143981
1.45,-0.154318
1.455,-0.163396
1.46,-0.173915
1.465,-0.185349
1.47,-0.198085
1.475,-0.210167
1.48,-0.219142
1.485,-0.22549
1.49,-0.230069
1.495,-0.230547
1.5,-0.217765
1.505,-0.19156
1.51,-0.174021
1.515,-0.175578
1.52,-0.1792
1.525,-0.174243
1.53,-0.159833
1.535,-0.133841
1.54,-0.111731
1.545,-0.110031
1.55,-0.114826
1.555,-0.11253
1.56,-0.107082
1.565,-0.0927682
1.57,-0.0647501
1.575,-0.0345324
1.58,-0.00739239
1.585,0.0155692
1.59,0.0288375
1.595,0.0376115
1.6,0.0476499
1.605,0.056671
1.61,0.0640973
1.615,0.0711434
1.62,0.0801203
1.625,0.0915206
1.63,0.102484
1.635,0.112266
1.64,0.119972
1.645,0.124873
1.65,0.128941
1.655,0.131371
1.66,0.131099
1.665,0.128844
1.67,0.12442
1.675,0.119191
1.68,0.117875
1.685,0.122471
1.69,0.128656
1.695,0.133565
1.7,0.140686
1.705,0.158083
1.71,0.185374
1.715,0.208433
1.72,0.216695
1.725,0.21476
1.73,0.20759
1.735,0.180993
1.74,0.136453
1.745,0.0991647
1.75,0.0714697
1.755,0.0431167
1.76,0.013215
1.765,-0.0165719
1.77,-0.0429659
1.775,-0.0640268
1.78,-0.0836648
1.785,-0.0998134
1.79,-0.103428
1.795,-0.0891689
1.8,-0.0508626
1.805,-0.00226533
1.81,0.028044
1.815,0.0498307
1.82,0.0869685
1.825,0.132349
1.83,0.165275
1.835,0.177041
1.84,0.175312
1.845,0.151588
1.85,0.113596
1.855,0.106262
1.86,0.120681
1.865,0.124288
1.87,0.133038
1.875,0.158762
1.88,0.190924
1.885,0.229423
1.89,0.267947
1.895,0.288361
1.9,0.294447
1.905,0.27797
1.91,0.205048
1.915,0.106595
1.92,0.0260319
1.925,-0.0591965
1.93,-0.119133
1.935,-0.126116
1.94,-0.131556
1.945,-0.102575
1.95,-0.0305724
1.955,-0.0179505
1.96,-0.0384599
1.965,-0.0174092
1.97,-0.00557111
1.975,-0.0628166
1.98,-0.15062
1.985,-0.193239
1.99,-0.203091
1.995,-0.224704
2.0,-0.245679
2.005,-0.257556
2.01,-0.253169
2.015,-0.201789
2.02,-0.136722
2.025,-0.116622
2.03,-0.112041
2.035,-0.0881455
2.04,-0.0606336
2.045,-0.0358716
2.05,-0.0130552
2.055,7.55784E-4
2.06,0.00636894
2.065,0.0115656
2.07,0.00407337
2.075,-0.036029
2.08,-0.0832271
2.085,-0.107998
2.09,-0.13029
2.095,-0.158681
2.1,-0.175641
2.105,-0.183849
2.11,-0.194948
2.115,-0.202773
2.12,-0.173686
2.125,-0.0808954
2.13,-0.00100873
2.135,-0.0131014
2.14,-0.0370106
2.145,-0.0171838
2.15,-0.0129461
2.155,-0.0309911
2.16,-0.0335172
2.165,-0.0233656
2.17,-0.0154203
2.175,-0.00993633
2.18,-0.00833418
2.185,-0.0111323
2.19,-0.01351
2.195,-0.0132794
2.2,-0.012973
2.205,-0.0159839
2.21,-0.0262799
2.215,-0.0531848
2.22,-0.0916711
2.225,-0.117518
2.23,-0.126149
2.235,-0.132265
2.24,-0.140011
2.245,-0.14697
2.25,-0.161708
2.255,-0.192908
2.26,-0.232208
2.265,-0.268104
2.27,-0.294297
2.275,-0.306322
2.28,-0.311812
2.285,-0.321474
2.29,-0.316752
2.295,-0.258019
2.3,-0.16879
2.305,-0.113203
2.31,-0.0803068
2.315,-0.0432253
2.32,-0.0184949
2.325,-0.0103808
2.33,-0.0057225
2.335,0.00127121
2.34,-1.37037E-4
2.345,-0.0123629
2.35,-0.00429576
2.355,0.0413263
2.36,0.0838498
2.365,0.0834798
2.37,0.0700391
2.375,0.0822786
2.38,0.105609
2.385,0.126455
2.39,0.148602
2.395,0.163184
2.4,0.169447
2.405,0.181503
2.41,0.199478
2.415,0.212385
2.42,0.218691
2.425,0.224499
2.43,0.226281
2.435,0.192389
2.44,0.12471
2.445,0.0991055
2.45,0.117483
2.455,0.133195
2.46,0.18955
2.465,0.254168
2.47,0.246734
2.475,0.229312
2.48,0.228009
2.485,0.171695
2.49,0.0992212
2.495,0.07997
2.5,0.0643699
2.505,0.0248956
2.51,0.00417717
2.515,0.00660821
2.52,0.00859543
2.525,0.00858101
2.53,0.010722
2.535,0.00972325
2.54,0.00775027
2.545,0.0124597
2.55,0.0222351
2.555,0.0298253
2.56,0.03365
2.565,0.0358714
2.57,0.0376867
2.575,0.0411047
2.58,0.0473772
2.585,0.0524702
2.59,0.0551394
2.595,0.0628086
2.6,0.0765938
2.605,0.0878718
2.61,0.0893123
2.615,0.0789392
2.62,0.0643755
2.625,0.0616114
2.63,0.0722545
2.635,0.0847068
2.64,0.100405
2.645,0.124618
2.65,0.149422
2.655,0.161938
2.66,0.162975
2.665,0.163418
2.67,0.160805
2.675,0.139536
2.68,0.106953
2.685,0.0928986
2.69,0.0936578
2.695,0.0851638
2.7,0.0730567
2.705,0.0717004
2.71,0.0835401
2.715,0.111898
2.72,0.154046
2.725,0.199211
2.73,0.239565
2.735,0.261873
2.74,0.265362
2.745,0.265734
2.75,0.237702
2.755,0.17035
2.76,0.125023
2.765,0.119532
2.77,0.111547
2.775,0.137788
2.78,0.234367
2.785,0.291551
2.79,0.274814
2.795,0.281459
2.8,0.29767
2.805,0.254831
2.81,0.205319
2.815,0.219115
2.82,0.238174
2.825,0.206376
2.83,0.140286
2.835,0.0561888
2.84,-0.026884
2.845,-0.10164
2.85,-0.147641
2.855,-0.147222
2.86,-0.121479
2.865,-0.0243611
2.87,0.108816
2.875,0.121095
2.88,0.081245
2.885,0.107226
2.89,0.075693
2.895,-0.077258
2.9,-0.212274
2.905,-0.292609
2.91,-0.409402
2.915,-0.530338
2.92,-0.56801
2.925,-0.560826
2.93,-0.589546
2.935,-0.634815
2.94,-0.642172
2.945,-0.590131
2.95,-0.487867
2.955,-0.408577
2.96,-0.376036
2.965,-0.319176
2.97,-0.242048
2.975,-0.206607
2.98,-0.200918
2.985,-0.180224
2.99,-0.145164
2.995,-0.116757
3.0,-0.0997838
3.005,-0.0867803
3.01,-0.0648
3.015,-0.0254821
3.02,0.0361469
3.025,0.115424
3.03,0.196804
3.035,0.270555
3.04,0.321503
3.045,0.341041
3.05,0.347032
3.055,0.309972
3.06,0.205145
3.065,0.140483
3.07,0.159949
3.075,0.167982
3.08,0.152112
3.085,0.15544
3.09,0.16187
3.095,0.150796
3.1,0.127151
3.105,0.104735
3.11,0.0988573
3.115,0.100625
3.12,0.0967204
3.125,0.0958116
3.13,0.100379
3.135,0.101931
3.14,0.0992648
3.145,0.0965906
3.15,0.0930916
3.155,0.0856565
3.16,0.0767044
3.165,0.0656109
3.17,0.042608
3.175,0.00826505
3.18,-0.0252569
3.185,-0.0527694
3.19,-0.0690946
3.195,-0.0712066
3.2,-0.0646361
3.205,-0.0491964
3.21,-0.0297197
3.215,-0.020997
3.22,-0.021218
3.225,-0.0210237
3.23,-0.0287389
3.235,-0.0606145
3.24,-0.102199
3.245,-0.125108
3.25,-0.141702
3.255,-0.167035
3.26,-0.19178
3.265,-0.207809
3.27,-0.210373
3.275,-0.206983
3.28,-0.206699
3.285,-0.20796
3.29,-0.210013
3.295,-0.209363
3.3,-0.191252
3.305,-0.149149
3.31,-0.102899
3.315,-0.0672884
3.32,-0.0341776
3.325,5.61491E-4
3.33,0.0318389
3.335,0.0555557
3.34,0.0688289
3.345,0.0728624
3.35,0.0742868
3.355,0.0747763
3.36,0.0715047
3.365,0.069895
3.37,0.0752188
3.375,0.0849795
3.38,0.0994373
3.385,0.122373
3.39,0.151757
3.395,0.181545
3.4,0.207509
3.405,0.229334
3.41,0.251358
3.415,0.277851
3.42,0.307266
3.425,0.329686
3.43,0.344844
3.435,0.367694
3.44,0.390612
3.445,0.397554
3.45,0.392353
3.455,0.366993
3.46,0.316254
3.465,0.259766
3.47,0.206347
3.475,0.138218
3.48,0.0379386
3.485,-0.0588428
3.49,-0.0890926
3.495,-0.082395
3.5,-0.100161
3.505,-0.102507
3.51,-0.0637205
3.515,-0.0447928
3.52,-0.0654631
3.525,-0.0846999
3.53,-0.0900136
3.535,-0.0835852
3.54,-0.0630735
3.545,-0.0506587
3.55,-0.05538
3.555,-0.0777999
3.56,-0.121499
3.565,-0.146653
3.57,-0.138532
3.575,-0.136402
3.58,-0.138241
3.585,-0.113236
3.59,-0.0647278
3.595,-0.0123117
3.6,0.0387415
3.605,0.084159
3.61,0.11672
3.615,0.143814
3.62,0.178825
3.625,0.219689
3.63,0.25659
3.635,0.278729
3.64,0.283002
3.645,0.279689
3.65,0.258321
3.655,0.220079
3.66,0.199248
3.665,0.192595
3.67,0.180349
3.675,0.167063
3.68,0.168283
3.685,0.20404
3.69,0.238599
3.695,0.231146
3.7,0.215763
3.705,0.182971
3.71,0.100904
3.715,0.0336463
3.72,0.00134305
3.725,-0.0531306
3.73,-0.11085
3.735,-0.135759
3.74,-0.147974
3.745,-0.15913
3.75,-0.155902
3.755,-0.118232
3.76,-0.0595044
3.765,-0.0329105
3.77,-0.0281653
3.775,0.00767783
3.78,0.0559659
3.785,0.0825331
3.79,0.0903531
3.795,0.0889661
3.8,0.0770746
3.805,0.0353942
3.81,-0.00707586
3.815,-0.00653854
3.82,-0.00590136
3.825,-0.0241291
3.83,-0.0173282
3.835,0.00589037
3.84,0.0123211
3.845,0.00766674
3.85,0.0054823
3.855,0.0030952
3.86,-0.00661897
3.865,-0.025343
3.87,-0.0484363
3.875,-0.0696477
3.88,-0.0873032
3.885,-0.0986849
3.89,-0.100414
3.895,-0.0956207
3.9,-0.0873597
3.905,-0.0785127
3.91,-0.0723292
3.915,-0.0672888
3.92,-0.0601253
3.925,-0.0524762
3.93,-0.0467876
3.935,-0.0428308
3.94,-0.0405242
3.945,-0.040682
3.95,-0.0460889
3.955,-0.062361
3.96,-0.0828986
3.965,-0.082529
3.97,-0.0435728
3.975,0.0114489
3.98,0.0328892
3.985,0.0240129
3.99,0.0260271
3.995,0.0335941
4.0,0.0221333
4.005,-0.00528874
4.01,-0.0337575
4.015,-0.0628778
4.02,-0.100369
4.025,-0.144449
4.03,-0.18165
4.035,-0.203471
4.04,-0.215276
4.045,-0.219304
4.05,-0.219156
4.055,-0.218545
4.06,-0.215531
4.065,-0.212793
4.07,-0.212472
4.075,-0.210189
4.08,-0.200228
4.085,-0.17892
4.09,-0.149857
4.095,-0.131473
4.1,-0.13096
4.105,-0.132409
4.11,-0.130377
4.115,-0.130035
4.12,-0.123169
4.125,-0.0938155
4.13,-0.0496496
4.135,-0.0169069
4.14,-0.00285349
4.145,0.00119216
4.15,9.57559E-4
4.155,-0.0131265
4.16,-0.043269
4.165,-0.0635387
4.17,-0.0652745
4.175,-0.0656794
4.18,-0.0683137
4.185,-0.0598883
4.19,-0.0322554
4.195,0.00849025
4.2,0.0458693
4.205,0.0615044
4.21,0.0619802
4.215,0.0584096
4.22,0.0225434
4.225,-0.0325864
4.23,-0.0508067
4.235,-0.0503007
4.24,-0.0662432
4.245,-0.0784928
4.25,-0.0589275
4.255,-0.0246463
4.26,-0.0171492
4.265,-0.0240223
4.27,-0.0150458
4.275,-0.00267908
4.28,0.00149833
4.285,0.00331984
4.29,-0.00673968
4.295,-0.0309554
4.3,-0.0466362
4.305,-0.0543042
4.31,-0.0709771
4.315,-0.0868193
4.32,-0.0929874
4.325,-0.0979928
4.33,-0.101724
4.335,-0.0980184
4.34,-0.0853752
4.345,-0.0660687
4.35,-0.0468538
4.355,-0.0393118
4.36,-0.0393295
4.365,-0.0385919
4.37,-0.0559534
4.375,-0.0847392
4.38,-0.08907
4.385,-0.0785076
4.39,-0.0727012
4.395,-0.0590117
4.4,-0.0433623
4.405,-0.0408974
4.41,-0.0376048
4.415,-0.0232404
4.42,-0.00713224
4.425,0.00687864
4.43,0.0213014
4.435,0.0286592
4.44,0.0283918
4.445,0.0310178
4.45,0.0341742
4.455,0.0322276
4.46,0.0299664
4.465,0.0349593
4.47,0.0488858
4.475,0.0674483
4.48,0.0842073
4.485,0.09767
4.49,0.108177
4.495,0.112866
4.5,0.113863
4.505,0.112961
4.51,0.106283
4.515,0.0971786
4.52,0.0951464
4.525,0.101413
4.53,0.110798
4.535,0.11767
4.54,0.118796
4.545,0.117702
4.55,0.11877
4.555,0.120494
4.56,0.120513
4.565,0.120178
4.57,0.119723
4.575,0.12173
4.58,0.130303
4.585,0.14076
4.59,0.145997
4.595,0.139597
4.6,0.12464
4.605,0.1116
4.61,0.0966162
4.615,0.0729807
4.62,0.0466344
4.625,0.0302792
4.63,0.0223051
4.635,0.00442655
4.64,-0.0273967
4.645,-0.057552
4.65,-0.0701589
4.655,-0.0659915
4.66,-0.0545857
4.665,-0.0387985
4.67,-0.0268332
4.675,-0.0258102
4.68,-0.0269308
4.685,-0.0257389
4.69,-0.0299728
4.695,-0.0382676
4.7,-0.0424102
4.705,-0.0445476
4.71,-0.0500069
4.715,-0.0513342
4.72,-0.0369708
4.725,-0.00218019
4.73,0.0421877
4.735,0.0738344
4.74,0.0912996
4.745,0.1012
4.75,0.103539
4.755,0.0986835
4.76,0.079527
4.765,0.0504409
4.77,0.0228442
4.775,-0.00627873
4.78,-0.0364141
4.785,-0.0621686
4.79,-0.0782925
4.795,-0.0828506
4.8,-0.0863869
4.805,-0.0908079
4.81,-0.0896497
4.815,-0.0884783
4.82,-0.0929047
4.825,-0.0976867
4.83,-0.0998741
4.835,-0.102536
4.84,-0.108593
4.845,-0.122618
4.85,-0.14093
4.855,-0.150989
4.86,-0.151368
4.865,-0.148863
4.87,-0.142468
4.875,-0.130847
4.88,-0.12101
4.885,-0.113196
4.89,-0.100578
4.895,-0.0817741
4.9,-0.0630307
4.905,-0.0522434
4.91,-0.0480493
4.915,-0.0442595
4.92,-0.0355692
4.925,-0.0155128
4.93,0.0134123
4.935,0.0371789
4.94,0.049252
4.945,0.0558898
4.95,0.0641402
4.955,0.0716138
4.96,0.0740361
4.965,0.0748469
4.97,0.0744867
4.975,0.0691731
4.98,0.0554344
4.985,0.0330279
4.99,0.00378872
4.995,-0.0297686
5.0,-0.0607743
5.005,-0.0853615
5.01,-0.0989344
5.015,-0.103707
5.02,-0.110125
5.025,-0.116196
5.03,-0.117286
5.035,-0.118071
5.04,-0.122727
5.045,-0.129012
5.05,-0.131204
5.055,-0.125058
5.06,-0.114726
5.065,-0.108477
5.07,-0.10754
5.075,-0.10845
5.08,-0.109254
5.085,-0.111608
5.09,-0.116149
5.095,-0.116125
5.1,-0.101127
5.105,-0.0718214
5.11,-0.0378906
5.115,-0.00249804
5.12,0.0293972
5.125,0.0515771
5.13,0.0684382
5.135,0.0846113
5.14,0.096538
5.145,0.101203
5.15,0.101011
5.155,0.0941291
5.16,0.0707147
5.165,0.0429934
5.17,0.0385426
5.175,0.050432
5.18,0.0707299
5.185,0.109356
5.19,0.136208
5.195,0.132264
5.2,0.13115
5.205,0.137334
5.21,0.125218
5.215,0.0991636
5.22,0.0888786
5.225,0.0980166
5.23,0.108116
5.235,0.119893
5.24,0.128595
5.245,0.125323
5.25,0.122023
5.255,0.120489
5.26,0.111779
5.265,0.0970215
5.27,0.076154
5.275,0.0508914
5.28,0.0293337
5.285,0.0195826
5.29,0.0204294
5.295,0.0250753
5.3,0.0371474
5.305,0.0579308
5.31,0.0743003
5.315,0.077676
5.32,0.0759264
5.325,0.0733838
5.33,0.0502056
5.335,0.00170995
5.34,-0.0381754
5.345,-0.0602674
5.35,-0.0833684
5.355,-0.102735
5.36,-0.107638
5.365,-0.108564
5.37,-0.112271
5.375,-0.113284
5.38,-0.112759
5.385,-0.11293
5.39,-0.11035
5.395,-0.10324
5.4,-0.0980043
5.405,-0.0985355
5.41,-0.100208
5.415,-0.102734
5.42,-0.107871
5.425,-0.118869
5.43,-0.13316
5.435,-0.141653
5.44,-0.146131
5.445,-0.150121
5.45,-0.153605
5.455,-0.157136
5.46,-0.164311
5.465,-0.173454
5.47,-0.171536
5.475,-0.150888
5.48,-0.107918
5.485,-0.0494982
5.49,0.00860321
5.495,0.057439
5.5,0.089279
5.505,0.105772
5.51,0.115516
5.515,0.114642
5.52,0.0949188
5.525,0.0727436
5.53,0.0640087
5.535,0.0600323
5.54,0.0571181
5.545,0.0582235
5.55,0.0633069
5.555,0.0678944
5.56,0.0676407
5.565,0.0635714
5.57,0.0481196
5.575,0.0194811
5.58,6.49764E-4
5.585,0.00204209
5.59,0.00746414
5.595,0.0159588
5.6,0.0364883
5.605,0.055848
5.61,0.0647398
5.615,0.0695956
5.62,0.0730394
5.625,0.0750434
5.63,0.0738514
5.635,0.0623972
5.64,0.0371847
5.645,0.00720855
5.65,-0.017914
5.655,-0.038399
5.66,-0.0522247
5.665,-0.0448893
5.67,-0.0015242
5.675,0.0569589
5.68,0.0840281
5.685,0.0838297
5.69,0.0931155
5.695,0.108792
5.7,0.117758
5.705,0.125519
5.71,0.132352
5.715,0.134871
5.72,0.133644
5.725,0.129253
5.73,0.122637
5.735,0.116678
5.74,0.110306
5.745,0.0989186
5.75,0.0876059
5.755,0.0848453
5.76,0.0860845
5.765,0.0834104
5.77,0.0789926
5.775,0.074908
5.78,0.067581
5.785,0.0525542
5.79,0.0287508
5.795,-2.74641E-4
5.8,-0.0325225
5.805,-0.0632653
5.81,-0.0891966
5.815,-0.109273
5.82,-0.110882
5.825,-0.0761241
5.83,-0.00610576
5.835,0.0515632
5.84,0.0560863
5.845,0.0484243
5.85,0.0699477
5.855,0.0815706
5.86,0.0503676
5.865,0.0111957
5.87,-0.00430899
5.875,-0.0125813
5.88,-0.0282629
5.885,-0.0403719
5.89,-0.0450834
5.895,-0.0512839
5.9,-0.0581584
5.905,-0.0607343
5.91,-0.0623632
5.915,-0.0650403
5.92,-0.0747307
5.925,-0.103141
5.93,-0.151024
5.935,-0.203687
5.94,-0.263137
5.945,-0.338143
5.95,-0.408277
5.955,-0.451234
5.96,-0.463516
5.965,-0.468857
5.97,-0.458222
5.975,-0.380876
5.98,-0.29212
5.985,-0.277513
5.99,-0.280735
5.995,-0.251994
6.0,-0.229199
6.005,-0.210812
6.01,-0.168014
6.015,-0.112147
6.02,-0.0612597
6.025,-0.0142757
6.03,0.0273544
6.035,0.0651606
6.04,0.108702
6.045,0.160097
6.05,0.212666
6.055,0.263512
6.06,0.305761
6.065,0.335528
6.07,0.360423
6.075,0.377175
6.08,0.387667
6.085,0.403977
6.09,0.421156
6.095,0.433137
6.1,0.443229
6.105,0.432163
6.11,0.391729
6.115,0.364779
6.12,0.364069
6.125,0.335563
6.13,0.24148
6.135,0.117066
6.14,0.0180129
6.145,-0.0426226
6.15,-0.073858
6.155,-0.0827745
6.16,-0.0299839
6.165,0.0893621
6.17,0.151833
6.175,0.131533
6.18,0.133303
6.185,0.145651
6.19,0.112571
6.195,0.0830761
6.2,0.0882811
6.205,0.0899504
6.21,0.0805352
6.215,0.0806246
6.22,0.0881983
6.225,0.0908671
6.23,0.0882277
6.235,0.0728393
6.24,0.0349386
6.245,-0.00399017
6.25,-0.024761
6.255,-0.0323048
6.26,-0.0281115
6.265,-0.013065
6.27,0.00881693
6.275,0.021373
6.28,0.016036
6.285,0.00866828
6.29,-0.00768804
6.295,-0.0397042
6.3,-0.0646055
6.305,-0.0808774
6.31,-0.0972022
6.315,-0.106768
6.32,-0.114132
6.325,-0.122451
6.33,-0.117851
6.335,-0.0949537
6.34,-0.0659937
6.345,-0.0465859
6.35,-0.0332757
6.355,-0.0192777
6.36,-0.0137133
6.365,-0.0155848
6.37,-0.0183638
6.375,-0.0314574
6.38,-0.058681
6.385,-0.0822681
6.39,-0.0962614
6.395,-0.11297
6.4,-0.130956
6.405,-0.141758
6.41,-0.148459
6.415,-0.139806
6.42,-0.0998693
6.425,-0.0635545
6.43,-0.0535815
6.435,-0.0326797
6.44,0.00734413
6.445,0.0413621
6.45,0.0622454
6.455,0.070697
6.46,0.0744141
6.465,0.0780622
6.47,0.0601739
6.475,0.0151808
6.48,-0.0204533
6.485,-0.038782
6.49,-0.0620877
6.495,-0.0797198
6.5,-0.070925
6.505,-0.00940139
6.51,0.0897829
6.515,0.145125
6.52,0.161465
6.525,0.190792
6.53,0.208875
6.535,0.196535
6.54,0.154191
6.545,0.0973543
6.55,0.0638305
6.555,0.0444125
6.56,0.0187649
6.565,3.59567E-4
6.57,-0.0102185
6.575,-0.0192515
6.58,-0.0103036
6.585,0.0270308
6.59,0.0602009
6.595,0.0577338
6.6,0.0488355
6.605,0.0514657
6.61,0.0291212
6.615,-0.016828
6.62,-0.0495122
6.625,-0.0716
6.63,-0.0946268
6.635,-0.111657
6.64,-0.122626
6.645,-0.132093
6.65,-0.13917
6.655,-0.142992
6.66,-0.142621
6.665,-0.135814
6.67,-0.127922
6.675,-0.126063
6.68,-0.128476
6.685,-0.136853
6.69,-0.159287
6.695,-0.188274
6.7,-0.207823
6.705,-0.218414
6.71,-0.226096
6.715,-0.229948
6.72,-0.226581
6.725,-0.212917
6.73,-0.189037
6.735,-0.163744
6.74,-0.148052
6.745,-0.138211
6.75,-0.127925
6.755,-0.117964
6.76,-0.109431
6.765,-0.104644
6.77,-0.104293
6.775,-0.106511
6.78,-0.109777
6.785,-0.110796
6.79,-0.101359
6.795,-0.0788818
6.8,-0.053124
6.805,-0.036717
6.81,-0.0309432
6.815,-0.0255951
6.82,-0.0159236
6.825,-0.00634069
6.83,-5.77835E-4
6.835,0.00268737
6.84,0.00451081
6.845,0.00401453
6.85,0.00206602
6.855,2.40946E-4
6.86,5.60052E-4
6.865,0.00577328
6.87,0.0173418
6.875,0.0307716
6.88,0.0382808
6.885,0.0403031
6.89,0.0428078
6.895,0.0445368
6.9,0.0432563
6.905,0.0415712
6.91,0.0411603
6.915,0.0469118
6.92,0.0627598
6.925,0.0885509
6.93,0.115695
6.935,0.132463
6.94,0.144315
6.945,0.155847
6.95,0.161304
6.955,0.162021
6.96,0.158474
6.965,0.145779
6.97,0.129894
6.975,0.119223
6.98,0.110562
6.985,0.0981934
6.99,0.081684
6.995,0.0650506
7.0,0.0504453
7.005,0.035282
7.01,0.0134855
7.015,-0.0205757
7.02,-0.0614374
7.025,-0.095006
7.03,-0.120341
7.035,-0.137725
7.04,-0.139624
7.045,-0.128295
7.05,-0.100814
7.055,-0.0536639
7.06,-0.00599757
7.065,0.0228326
7.07,0.0359145
7.075,0.0427796
7.08,0.0466798
7.085,0.0431794
7.09,0.0295573
7.095,0.0183585
7.1,0.0155613
7.105,0.0125095
7.11,0.00720269
7.115,0.00680598
7.12,0.0116098
7.125,0.0141525
7.13,0.014491
7.135,0.0145114
7.14,0.0128764
7.145,0.00980776
7.15,0.00868584
7.155,0.0162646
7.16,0.0405347
7.165,0.0745787
7.17,0.0988645
7.175,0.112365
7.18,0.121651
7.185,0.126316
7.19,0.128346
7.195,0.127629
7.2,0.121873
7.205,0.111722
7.21,0.098207
7.215,0.0827604
7.22,0.0723853
7.225,0.0676837
7.23,0.0617007
7.235,0.0559934
7.24,0.052531
7.245,0.0489206
7.25,0.0423593
7.255,0.0299362
7.26,0.014942
7.265,0.00491702
7.27,0.00250033
7.275,0.00557789
7.28,0.0158652
7.285,0.0323845
7.29,0.0419853
7.295,0.0411421
7.3,0.0408889
7.305,0.0413506
7.31,0.0384122
7.315,0.0359671
7.32,0.0389692
7.325,0.0474158
7.33,0.0539084
7.335,0.0539706
7.34,0.052199
7.345,0.0496845
7.35,0.0388682
7.355,0.0208449
7.36,0.00938358
7.365,0.00675738
7.37,0.00341332
7.375,-3.55076E-4
7.38,-2.631E-4
7.385,0.00136463
7.39,0.00126493
7.395,-3.15064E-4
7.4,-0.00274133
7.405,-0.006488
7.41,-0.010933
7.415,-0.0145104
7.42,-0.0144808
7.425,-0.00875133
7.43,0.00160619
7.435,0.0106385
7.44,0.0137875
7.445,0.0142607
7.45,0.0163395
7.455,0.020227
7.46,0.0225066
7.465,0.0218294
7.47,0.0194061
7.475,0.0135839
7.48,0.00456535
7.485,-0.00122202
7.49,-0.00156874
7.495,-0.00197166
7.5,-0.00367877
7.505,-0.0057832
7.51,-0.0063647
7.515,0.00523911
7.52,0.0378606
7.525,0.0787447
7.53,0.107767
7.535,0.124771
7.54,0.137039
7.545,0.144874
7.55,0.149606
7.555,0.153277
7.56,0.154012
7.565,0.150729
7.57,0.14235
7.575,0.12804
7.58,0.111401
7.585,0.0887854
7.59,0.05587
7.595,0.0264789
7.6,0.0106963
7.605,4.80622E-4
7.61,-0.00929731
7.615,-0.00480415
7.62,0.0195011
7.625,0.0372329
7.63,0.0365061
7.635,0.0350427
7.64,0.0384065
7.645,0.0344301
7.65,0.0177318
7.655,0.00408036
7.66,0.0048679
7.665,0.00656617
7.67,0.0033368
7.675,0.00264925
7.68,0.00161886
7.685,-0.00314525
7.69,-0.00771147
7.695,-0.0128853
7.7,-0.0208088
7.705,-0.0274353
7.71,-0.0306376
7.715,-0.033318
7.72,-0.0366803
7.725,-0.036023
7.73,-0.0304045
7.735,-0.0261375
7.74,-0.0222206
7.745,-0.0134588
7.75,-2.01927E-4
7.755,0.0120337
7.76,0.019624
7.765,0.0254194
7.77,0.0289229
7.775,0.0288043
7.78,0.0276521
7.785,0.0161061
7.79,-0.0204481
7.795,-0.062745
7.8,-0.0829124
7.805,-0.09178
7.81,-0.10432
7.815,-0.108497
7.82,-0.093673
7.825,-0.0701197
7.83,-0.0552675
7.835,-0.0522365
7.84,-0.0449126
7.845,-0.0314309
7.85,-0.0254928
7.855,-0.0271078
7.86,-0.0343425
7.865,-0.0519731
7.87,-0.0716235
7.875,-0.0806831
7.88,-0.0843064
7.885,-0.0903297
7.89,-0.0981104
7.895,-0.110127
7.9,-0.130746
7.905,-0.147969
7.91,-0.148421
7.915,-0.138502
7.92,-0.120152
7.925,-0.0934662
7.93,-0.0750217
7.935,-0.0702465
7.94,-0.0688008
7.945,-0.0701953
7.95,-0.0864047
7.955,-0.112854
7.96,-0.126727
7.965,-0.134397
7.97,-0.15204
7.975,-0.168285
7.98,-0.177929
7.985,-0.177851
7.99,-0.143039
7.995,-0.0763843
8.0,-0.0197599
8.005,0.020149
8.01,0.067958
8.015,0.111302
8.02,0.123822
8.025,0.122199
8.03,0.127517
8.035,0.118522
8.04,0.0924379
8.045,0.0773573
8.05,0.0648535
8.055,0.0329733
8.06,-0.010926
8.065,-0.0573165
8.07,-0.112714
8.075,-0.167903
8.08,-0.202772
8.085,-0.220918
8.09,-0.233723
8.095,-0.246076
8.1,-0.238517
8.105,-0.183626
8.11,-0.112728
8.115,-0.0759828
8.12,-0.0635555
8.125,-0.0471537
8.13,-0.029568
8.135,-0.016923
8.14,-0.00599552
8.145,0.00522902
8.15,0.0166416
8.155,0.0215104
8.16,0.0166292
8.165,-0.00342502
8.17,-0.0442502
8.175,-0.0849077
8.18,-0.106585
8.185,-0.116092
8.19,-0.123117
8.195,-0.121534
8.2,-0.0865557
8.205,-0.0277214
8.21,0.00947263
8.215,0.0359271
8.22,0.0826854
8.225,0.128718
8.23,0.150714
8.235,0.155803
8.24,0.155215
8.245,0.118695
8.25,0.0520044
8.255,0.0305847
8.26,0.0425899
8.265,0.0308768
8.27,0.0144357
8.275,0.0369848
8.28,0.0943521
8.285,0.129351
8.29,0.127678
8.295,0.133916
8.3,0.150023
8.305,0.150657
8.31,0.136861
8.315,0.109708
8.32,0.0650998
8.325,0.0229156
8.33,-0.00579054
8.335,-0.038098
8.34,-0.0641309
8.345,-0.0736151
8.35,-0.083466
8.355,-0.0856389
8.36,-0.0676195
8.365,-0.0530901
8.37,-0.0521008
8.375,-0.0499933
8.38,-0.050631
8.385,-0.0616343
8.39,-0.0809188
8.395,-0.0975465
8.4,-0.103204
8.405,-0.105252
8.41,-0.103242
8.415,-0.0838424
8.42,-0.0468638
8.425,-0.0180774
8.43,-0.0123949
8.435,-0.011612
8.44,-0.00380645
8.445,-0.0216037
8.45,-0.0821391
8.455,-0.124597
8.46,-0.121914
8.465,-0.124235
8.47,-0.13577
8.475,-0.118854
8.48,-0.0731777
8.485,-0.035705
8.49,-0.0210027
8.495,2.68656E-4
8.5,0.0251164
8.505,0.0312283
8.51,0.0317608
8.515,0.0376527
8.52,0.0460356
8.525,0.062199
8.53,0.0918432
8.535,0.121172
8.54,0.131404
8.545,0.132105
8.55,0.140999
8.555,0.152948
8.56,0.156737
8.565,0.1368
8.57,0.0840126
8.575,0.0247633
8.58,-0.0247465
8.585,-0.0858476
8.59,-0.148678
8.595,-0.193107
8.6,-0.231266
8.605,-0.261167
8.61,-0.28541
8.615,-0.313095
8.62,-0.334246
8.625,-0.346465
8.63,-0.358807
8.635,-0.358299
8.64,-0.314488
8.645,-0.238765
8.65,-0.182117
8.655,-0.15171
8.66,-0.112881
8.665,-0.0706994
8.67,-0.0412814
8.675,-0.0112917
8.68,0.0374073
8.685,0.11468
8.69,0.176399
8.695,0.180761
8.7,0.176361
8.705,0.19961
8.71,0.241693
8.715,0.298042
8.72,0.331753
8.725,0.328526
8.73,0.335056
8.735,0.324363
8.74,0.169673
8.745,-0.106871
8.75,-0.293841
8.755,-0.312876
8.76,-0.293093
8.765,-0.30025
8.77,-0.218278
8.775,-0.0710045
8.78,-0.031669
8.785,-0.0379888
8.79,0.0104106
8.795,0.0441036
8.8,0.0405549
8.805,0.0210586
8.81,-0.022512
8.815,-0.0594535
8.82,-0.0664096
8.825,-0.0666888
8.83,-0.0549396
8.835,-0.00997309
8.84,0.0407809
8.845,0.0731093
8.85,0.112358
8.855,0.168107
8.86,0.211853
8.865,0.241889
8.87,0.27697
8.875,0.302585
8.88,0.305578
8.885,0.285906
8.89,0.243564
8.895,0.197553
8.9,0.152666
8.905,0.0878897
8.91,0.00909664
8.915,-0.0361312
8.92,-0.0438948
8.925,-0.0593189
8.93,-0.0640907
8.935,-0.043391
8.94,-0.118561
8.945,-0.347353
8.95,-0.562974
8.955,-0.69316
8.96,-0.825029
8.965,-0.881353
8.97,-0.72558
8.975,-0.458481
8.98,-0.306045
8.985,-0.319207
8.99,-0.346085
8.995,-0.312286
9.0,-0.339228
9.005,-0.432371
9.01,-0.44719
9.015,-0.417856
9.02,-0.400873
9.025,-0.294081
9.03,-0.124727
9.035,-0.0318005
9.04,0.030323
9.045,0.138312
9.05,0.225864
9.055,0.272321
9.06,0.324577
9.065,0.364892
9.07,0.380049
9.075,0.408045
9.08,0.444414
9.085,0.472383
9.09,0.506297
9.095,0.54091
9.1,0.567547
9.105,0.621212
9.11,0.761313
9.115,0.920078
9.12,0.943972
9.125,0.82087
9.13,0.551131
9.135,0.19645
9.14,-0.0723916
9.145,-0.314866
9.15,-0.63597
9.155,-0.95859
9.16,-1.09568
9.165,-0.857323
9.17,-0.48437
9.175,-0.324118
9.18,-0.188823
9.185,0.0936101
9.19,0.370301
9.195,0.520946
9.2,0.509046
9.205,0.452217
9.21,0.475046
9.215,0.484916
9.22,0.43111
9.225,0.350458
9.23,0.223047
9.235,0.0873301
9.24,-0.00877891
9.245,-0.100209
9.25,-0.197144
9.255,-0.258983
9.26,-0.280685
9.265,-0.298188
9.27,-0.29539
9.275,-0.219964
9.28,-0.127822
9.285,-0.106598
9.29,-0.103685
9.295,-0.0722806
9.3,-0.0563865
9.305,-0.0543703
9.31,-0.0398045
9.315,-0.0180518
9.32,0.00848964
9.325,0.0381932
9.33,0.0568508
9.335,0.0628366
9.34,0.0720166
9.345,0.084958
9.35,0.0912946
9.355,0.0910933
9.36,0.0885252
9.365,0.0780938
9.37,0.0477227
9.375,0.00874259
9.38,-0.0124592
9.385,-0.0165194
9.39,-0.0199121
9.395,-0.00645303
9.4,0.0340413
9.405,0.0581424
9.41,0.0516463
9.415,0.0508859
9.42,0.0606173
9.425,0.0657993
9.43,0.0759771
9.435,0.0991385
9.44,0.123697
9.445,0.136855
9.45,0.14362
9.455,0.15301
9.46,0.158983
9.465,0.155638
9.47,0.13085
9.475,0.075613
9.48,0.0204468
9.485,-0.0152173
9.49,-0.05177
9.495,-0.0900439
9.5,-0.119251
9.505,-0.146201
9.51,-0.176309
9.515,-0.203812
9.52,-0.218984
9.525,-0.223206
9.53,-0.227144
9.535,-0.232109
9.54,-0.234602
9.545,-0.238951
9.55,-0.242216
9.555,-0.233764
9.56,-0.207377
9.565,-0.162568
9.57,-0.108643
9.575,-0.0586524
9.58,-0.00895841
9.585,0.0554947
9.59,0.115842
9.595,0.14267
9.6,0.150507
9.605,0.160472
9.61,0.166061
9.615,0.162691
9.62,0.156861
9.625,0.153004
9.63,0.152799
9.635,0.156269
9.64,0.162536
9.645,0.166827
9.65,0.164135
9.655,0.152485
9.66,0.130242
9.665,0.110543
9.67,0.106184
9.675,0.103773
9.68,0.0959685
9.685,0.0935122
9.69,0.104889
9.695,0.135191
9.7,0.176021
9.705,0.198722
9.71,0.197086
9.715,0.200652
9.72,0.209134
9.725,0.199322
9.73,0.182942
9.735,0.179017
9.74,0.18334
9.745,0.190996
9.75,0.201646
9.755,0.210274
9.76,0.211396
9.765,0.172463
9.77,0.0801064
9.775,0.0296339
9.78,0.0619381
9.785,0.103614
9.79,0.137588
9.795,0.168473
9.8,0.193403
9.805,0.217237
9.81,0.228075
9.815,0.224473
9.82,0.19184
9.825,0.129884
9.83,0.0864232
9.835,0.0698418
9.84,0.0526803
9.845,0.0372286
9.85,0.0384
9.855,0.0714924
9.86,0.113975
9.865,0.123652
9.87,0.100055
9.875,0.0591729
9.88,0.0338994
9.885,0.0417602
9.89,0.0485358
9.895,0.0445764
9.9,0.048546
9.905,0.0549726
9.91,0.0526695
9.915,0.0453299
9.92,0.0308139
9.925,0.00423822
9.93,-0.0123985
9.935,-0.014535
9.94,-0.0241304
9.945,-0.0387302
9.95,-0.0517256
9.955,-0.0719327
9.96,-0.0990389
9.965,-0.122974
9.97,-0.142183
9.975,-0.161455
9.98,-0.183179
9.985,-0.207064
9.99,-0.228143
9.995,-0.23737
10.0,-0.235301
10.005,-0.226673
10.01,-0.206878
10.015,-0.176407
10.02,-0.153038
10.025,-0.146794
10.03,-0.143729
10.035,-0.136833
10.04,-0.132689
10.045,-0.13085
10.05,-0.125882
10.055,-0.118045
10.06,-0.112832
10.065,-0.112376
10.07,-0.114225
10.075,-0.11882
10.08,-0.127843
10.085,-0.139915
10.09,-0.150501
10.095,-0.157575
10.1,-0.166726
10.105,-0.176296
10.11,-0.177252
10.115,-0.165957
10.12,-0.140441
10.125,-0.104455
10.13,-0.0737207
10.135,-0.051624
10.14,-0.0290878
10.145,-0.0096679
10.15,0.00360894
10.155,0.0154628
10.16,0.0250625
10.165,0.0312764
10.17,0.0353206
10.175,0.0371851
10.18,0.0362387
10.185,0.0302739
10.19,0.0196165
10.195,0.00724407
10.2,-6.07301E-4
10.205,-0.00402808
10.21,-0.00975587
10.215,-0.0145476
10.22,-0.0132738
10.225,-0.00990499
10.23,-0.00894778
10.235,-0.00755461
10.24,-6.26417E-4
10.245,0.0104254
10.25,0.0182877
10.255,0.018894
10.26,0.0170863
10.265,0.0167253
10.27,0.0137624
10.275,0.00682916
10.28,0.00308049
10.285,0.0105733
10.29,0.0240691
10.295,0.0324715
10.3,0.0353224
10.305,0.0351549
10.31,0.0334381
10.315,0.0263367
10.32,0.00700368
10.325,-0.0145757
10.33,-0.0271295
10.335,-0.0388268
10.34,-0.0536923
10.345,-0.0644606
10.35,-0.0681463
10.355,-0.0657944
10.36,-0.0584944
10.365,-0.0442333
10.37,-0.0260955
10.375,-0.0131504
10.38,-0.00715659
10.385,-0.00424628
10.39,-0.00236969
10.395,-0.00310558
10.4,-0.00967735
10.405,-0.0230884
10.41,-0.0350293
10.415,-0.0373583
10.42,-0.0330903
10.425,-0.0248781
10.43,-0.0106592
10.435,0.00582065
10.44,0.0189191
10.445,0.0319706
10.45,0.0440355
10.455,0.0516632
10.46,0.0588959
10.465,0.0652779
10.47,0.0688089
10.475,0.0699848
10.48,0.0670625
10.485,0.0511833
10.49,0.0249731
10.495,0.0110551
10.5,0.00956814
10.505,0.0101625
10.51,0.0188218
10.515,0.0412415
10.52,0.0780557
10.525,0.11333
10.53,0.125653
10.535,0.122965
10.54,0.125509
10.545,0.126966
10.55,0.110404
10.555,0.088401
10.56,0.0843168
10.565,0.0857932
10.57,0.0785727
10.575,0.0733114
10.58,0.0697085
10.585,0.0531984
10.59,0.0210621
10.595,-0.0117256
10.6,-0.0432708
10.605,-0.0764496
10.61,-0.0985438
10.615,-0.108282
10.62,-0.112489
10.625,-0.109215
10.63,-0.0947384
10.635,-0.0700895
10.64,-0.0428568
10.645,-0.0197694
10.65,-0.00434447
10.655,0.00241487
10.66,0.00660755
10.665,0.0116366
10.67,0.0130287
10.675,0.0105599
10.68,0.00789684
10.685,0.00409501
10.69,2.18915E-4
10.695,-8.51811E-4
10.7,-0.00173514
10.705,-0.0048012
10.71,-0.0101357
10.715,-0.0156586
10.72,-0.018835
10.725,-0.021439
10.73,-0.0218179
10.735,-0.0146189
10.74,-0.0032705
10.745,0.0113501
10.75,0.030385
10.755,0.0448608
10.76,0.0578798
10.765,0.0734859
10.77,0.0820188
10.775,0.0858218
10.78,0.0915576
10.785,0.0950683
10.79,0.0943431
10.795,0.091491
10.8,0.08594
10.805,0.0748757
10.81,0.061824
10.815,0.0566259
10.82,0.0558929
10.825,0.0558321
10.83,0.0608346
10.835,0.0668849
10.84,0.0702907
10.845,0.0710438
10.85,0.0711265
10.855,0.070412
10.86,0.0636049
10.865,0.0539492
10.87,0.0481425
10.875,0.0446353
10.88,0.0409662
10.885,0.0371358
10.89,0.03206
10.895,0.0249669
10.9,0.0167574
10.905,0.00557309
10.91,-0.00597702
10.915,-0.0122588
10.92,-0.0142131
10.925,-0.00924
10.93,0.00135619
10.935,0.00925889
10.94,0.0139186
10.945,0.0153627
10.95,0.0129799
10.955,0.00481136
10.96,-0.016001
10.965,-0.039343
10.97,-0.0512436
10.975,-0.0588528
10.98,-0.0680783
10.985,-0.0724369
10.99,-0.0690601
10.995,-0.0569649
11.0,-0.0338646
11.005,-0.0105261
11.01,0.00324813
11.015,0.0109004
11.02,0.0135622
11.025,0.0097287
11.03,-0.0119412
11.035,-0.0470648
11.04,-0.058724
11.045,-0.0492912
11.05,-0.0451197
11.055,-0.0342934
11.06,-0.0123445
11.065,-9.373E-4
11.07,-0.00196411
11.075,-2.865E-4
11.08,0.00317689
11.085,3.78964E-4
11.09,-0.00902915
11.095,-0.0226441
11.1,-0.0324439
11.105,-0.0344121
11.11,-0.0366301
11.115,-0.0385982
11.12,-0.0325252
11.125,-0.0234029
11.13,-0.0196784
11.135,-0.0188364
11.14,-0.0163324
11.145,-0.0133175
11.15,-0.00915669
11.155,-0.00155843
11.16,0.00886937
11.165,0.01909
11.17,0.0285533
11.175,0.0381165
11.18,0.0437685
11.185,0.0426672
11.19,0.0345251
11.195,0.0194104
11.2,0.00146482
11.205,-0.0166518
11.21,-0.0309317
11.215,-0.0319176
11.22,-0.0223333
11.225,-0.00580499
11.23,0.0139889
11.235,0.0224546
11.24,0.023581
11.245,0.0284541
11.25,0.0333008
11.255,0.0350592
11.26,0.0354149
11.265,0.0351009
11.27,0.0329561
11.275,0.029372
11.28,0.026051
11.285,0.0189785
11.29,0.00263273
11.295,-0.0169922
11.3,-0.0345624
11.305,-0.0534067
11.31,-0.0706007
11.315,-0.0837203
11.32,-0.0928234
11.325,-0.0935778
11.33,-0.0879155
11.335,-0.0800506
11.34,-0.0711845
11.345,-0.0633791
11.35,-0.0606465
11.355,-0.0627507
11.36,-0.0668765
11.365,-0.077463
11.37,-0.0899764
11.375,-0.0936965
11.38,-0.0920785
11.385,-0.0881437
11.39,-0.0798681
11.395,-0.0725033
11.4,-0.0669214
11.405,-0.0586313
11.41,-0.0493878
11.415,-0.0430427
11.42,-0.039246
11.425,-0.036141
11.43,-0.0355155
11.435,-0.0375867
11.44,-0.0409153
11.445,-0.0439761
11.45,-0.0440366
11.455,-0.0415569
11.46,-0.0381817
11.465,-0.0343244
11.47,-0.0309413
11.475,-0.0292522
11.48,-0.0276336
11.485,-0.0257725
11.49,-0.0251956
11.495,-0.0250779
11.5,-0.0270483
11.505,-0.0306325
11.51,-0.033554
11.515,-0.0369228
11.52,-0.0387354
11.525,-0.0385053
11.53,-0.0382073
11.535,-0.0386374
11.54,-0.0389036
11.545,-0.0369187
11.55,-0.0341848
11.555,-0.0303876
11.56,-0.0251419
11.565,-0.0199203
11.57,-0.0153859
11.575,-0.0128754
11.58,-0.0124714
11.585,-0.0140498
11.59,-0.0178464
11.595,-0.0232506
11.6,-0.0279156
11.605,-0.0298028
11.61,-0.0320747
11.615,-0.0393777
11.62,-0.0490758
11.625,-0.0552584
11.63,-0.0544873
11.635,-0.0453826
11.64,-0.0319791
11.645,-0.0228141
11.65,-0.0209408
11.655,-0.0201566
11.66,-0.013671
11.665,-0.00298561
11.67,0.00539518
11.675,0.00914124
11.68,0.0102652
11.685,0.0117685
11.69,0.0136095
11.695,0.0148695
11.7,0.017417
11.705,0.0211526
11.71,0.0234321
11.715,0.0242157
11.72,0.0247809
11.725,0.0244908
11.73,0.0235877
11.735,0.0222647
11.74,0.0219534
11.745,0.0258856
11.75,0.0350927
11.755,0.0470408
11.76,0.0599313
11.765,0.0727289
11.77,0.0838199
11.775,0.0955612
11.78,0.109262
11.785,0.121482
11.79,0.128743
11.795,0.13093
11.8,0.128452
11.805,0.115941
11.81,0.0919714
11.815,0.0709409
11.82,0.0612821
11.825,0.0553581
11.83,0.0498096
11.835,0.0464942
11.84,0.045145
11.845,0.0447021
11.85,0.0444539
11.855,0.0454614
11.86,0.0461684
11.865,0.0444043
11.87,0.0413552
11.875,0.0364028
11.88,0.0297923
11.885,0.0242758
11.89,0.022112
11.895,0.0225419
11.9,0.0235362
11.905,0.0247953
11.91,0.0241904
11.915,0.0196976
11.92,0.009868
11.925,-0.00192583
11.93,-0.00697182
11.935,-0.00612629
11.94,-0.00560845
11.945,-0.00514719
11.95,-0.00387352
11.955,-0.00386061
11.96,-0.00460287
11.965,-0.00445507
11.97,-0.00433032
11.975,-0.00370024
11.98,-0.00143178
11.985,3.04437E-4
11.99,0.00103927
11.995,0.00150493
12.0,1.64019E-4
12.005,-0.00208328
12.01,-0.00401883
12.015,-0.00413216
12.02,8.00827E-4
12.025,0.00767033
12.03,0.0116947
12.035,0.0132333
12.04,0.0122552
12.045,0.00634641
12.05,-0.0101725
12.055,-0.0353186
12.06,-0.0558318
12.065,-0.0689765
12.07,-0.0778928
12.075,-0.0796696
12.08,-0.0740335
12.085,-0.0658738
12.09,-0.0610396
12.095,-0.0599339
12.1,-0.0596924
12.105,-0.0608839
12.11,-0.0645111
12.115,-0.0686377
12.12,-0.072923
12.125,-0.0763402
12.13,-0.0737655
12.135,-0.0640176
12.14,-0.0514623
12.145,-0.0414545
12.15,-0.0351997
12.155,-0.029865
12.16,-0.0246887
12.165,-0.018976
12.17,-0.0137927
12.175,-0.0102431
12.18,-0.00697264
12.185,-0.00563162
12.19,-0.00626416
12.195,-0.00737265
12.2,-0.00986
12.205,-0.0131771
12.21,-0.0160677
12.215,-0.0174808
12.22,-0.0159266
12.225,-0.0119383
12.23,-0.00763932
12.235,-0.0046433
12.24,-0.00328545
12.245,-0.00197582
12.25,0.00239411
12.255,0.00939234
12.26,0.014457
12.265,0.0165185
12.27,0.0183238
12.275,0.0205032
12.28,0.0224141
12.285,0.0248877
12.29,0.0281287
12.295,0.0316448
12.3,0.0366502
12.305,0.043467
12.31,0.0515378
12.315,0.0615202
12.32,0.0695989
12.325,0.0727356
12.33,0.0731743
12.335,0.0715138
12.34,0.0626187
12.345,0.0458583
12.35,0.0332658
12.355,0.0290688
12.36,0.0258154
12.365,0.0212789
12.37,0.0181197
12.375,0.0162148
12.38,0.013072
12.385,0.00841094
12.39,0.00465403
12.395,0.00348628
12.4,0.00355707
12.405,0.00163701
12.41,-0.00737274
12.415,-0.026662
12.42,-0.0503831
12.425,-0.0662536
12.43,-0.069156
12.435,-0.0661947
12.44,-0.059271
12.445,-0.0446111
12.45,-0.0299065
12.455,-0.0222633
12.46,-0.0178252
12.465,-0.0135705
12.47,-0.0108033
12.475,-0.0101868
12.48,-0.0109885
12.485,-0.0134086
12.49,-0.0168594
12.495,-0.0194061
12.5,-0.0207458
12.505,-0.0218177
12.51,-0.0202684
12.515,-0.0152711
12.52,-0.0111677
12.525,-0.00856857
12.53,-0.00662883
12.535,-0.00481368
12.54,-2.44621E-4
12.545,0.0071753
12.55,0.0143017
12.555,0.0193526
12.56,0.0215492
12.565,0.0209824
12.57,0.0179825
12.575,0.00901088
12.58,-0.00864787
12.585,-0.0302242
12.59,-0.0481892
12.595,-0.0601383
12.6,-0.0683113
12.605,-0.0719674
12.61,-0.0668539
12.615,-0.053238
12.62,-0.0359955
12.625,-0.021305
12.63,-0.0110545
12.635,-0.00253657
12.64,0.00289652
12.645,0.00335189
12.65,8.35479E-4
12.655,-0.00412509
12.66,-0.0128677
12.665,-0.02141
12.67,-0.025152
12.675,-0.0262492
12.68,-0.0258405
12.685,-0.0227348
12.69,-0.0194768
12.695,-0.0188019
12.7,-0.0198236
12.705,-0.02163
12.71,-0.0237894
12.715,-0.0260369
12.72,-0.027816
12.725,-0.0291209
12.73,-0.0292074
12.735,-0.0250189
12.74,-0.0161294
12.745,-0.0064383
12.75,-0.00126818
12.755,6.22092E-4
12.76,0.00442946
12.765,0.0101079
12.77,0.0155236
12.775,0.0195443
12.78,0.0214256
12.785,0.0218827
12.79,0.0216021
12.795,0.0218448
12.8,0.0248418
12.805,0.0291134
12.81,0.031829
12.815,0.0312394
12.82,0.0283073
12.825,0.0253119
12.83,0.0234922
12.835,0.0258166
12.84,0.0305761
12.845,0.0328633
12.85,0.0327443
12.855,0.0313799
12.86,0.0297268
12.865,0.0300096
12.87,0.0347343
12.875,0.0462418
12.88,0.0622296
12.885,0.0741587
12.89,0.0767065
12.895,0.0755616
12.9,0.074115
12.905,0.0640496
12.91,0.0457765
12.915,0.0354492
12.92,0.0355082
12.925,0.0367867
12.93,0.0411028
12.935,0.0478098
12.94,0.0518843
12.945,0.0542845
12.95,0.0566091
12.955,0.0589228
12.96,0.0604809
12.965,0.0600311
12.97,0.0569132
12.975,0.0462332
12.98,0.0261965
12.985,0.00682868
12.99,-0.0063791
12.995,-0.0150286
13.0,-0.0184694
13.005,-0.0165875
13.01,-0.00953253
13.015,3.86401E-4
13.02,0.00879534
13.025,0.0149632
13.03,0.0204705
13.035,0.026269
13.04,0.0309437
13.045,0.0313724
13.05,0.0273948
13.055,0.019654
13.06,0.00912843
13.065,0.00265719
13.07,0.00657477
13.075,0.0173415
13.08,0.0288253
13.085,0.0412983
13.09,0.0530767
13.095,0.0576081
13.1,0.0561839
13.105,0.0547639
13.11,0.0527466
13.115,0.0494481
13.12,0.0483049
13.125,0.0484453
13.13,0.04591
13.135,0.0400535
13.14,0.0308114
13.145,0.0205462
13.15,0.015516
13.155,0.0150001
13.16,0.0138938
13.165,0.0123424
13.17,0.00889448
13.175,8.17631E-4
13.18,-0.0066662
13.185,-0.00593384
13.19,0.00188027
13.195,0.0113088
13.2,0.020987
13.205,0.0305429
13.21,0.0370656
13.215,0.040348
13.22,0.041885
13.225,0.0401851
13.23,0.0343646
13.235,0.0238152
13.24,0.00986256
13.245,-0.00240846
13.25,-0.0126486
13.255,-0.021942
13.26,-0.02468
13.265,-0.0176217
13.27,-0.0028373
13.275,0.0170953
13.28,0.0361555
13.285,0.0485587
13.29,0.0546882
13.295,0.0570346
13.3,0.0564942
13.305,0.0486905
13.31,0.0277095
13.315,0.00566938
13.32,-0.00477807
13.325,-0.0131018
13.33,-0.0223714
13.335,-0.0273406
13.34,-0.0292075
13.345,-0.0289211
13.35,-0.0266153
13.355,-0.0249971
13.36,-0.0260824
13.365,-0.0270464
13.37,-0.0278812
13.375,-0.0303515
13.38,-0.032577
13.385,-0.0329763
13.39,-0.0305847
13.395,-0.0238716
13.4,-0.0140116
13.405,-0.00405392
13.41,0.00263416
13.415,0.00394729
13.42,0.00246003
13.425,-0.00112639
13.43,-0.00987153
13.435,-0.0196294
13.44,-0.021493
13.445,-0.0169365
13.45,-0.0119936
13.455,-0.00849306
13.46,-0.00628284
13.465,-0.00416743
13.47,-0.00328257
13.475,-0.00528026
13.48,-0.00899837
13.485,-0.0118887
13.49,-0.0127536
13.495,-0.013051
13.5,-0.0146419
13.505,-0.0172103
13.51,-0.0197295
13.515,-0.0175515
13.52,-0.00853656
13.525,0.00308235
13.53,0.0131766
13.535,0.018067
13.54,0.0203978
13.545,0.0231291
13.55,0.024571
13.555,0.0239036
13.56,0.0194712
13.565,0.0068262
13.57,-0.0109787
13.575,-0.0210451
13.58,-0.0238209
13.585,-0.0280523
13.59,-0.0303122
13.595,-0.0262698
13.6,-0.0181579
13.605,-0.00931621
13.61,-7.49917E-4
13.615,0.00914505
13.62,0.0172301
13.625,0.0212635
13.63,0.0238203
13.635,0.0258672
13.64,0.0282828
13.645,0.0307902
13.65,0.0328104
13.655,0.0342148
13.66,0.0341242
13.665,0.0319153
13.67,0.0280065
13.675,0.0207794
13.68,0.0109181
13.685,0.00541948
13.69,0.00403334
13.695,0.00289443
13.7,0.00250614
13.705,0.00285763
13.71,0.00270987
13.715,9.26277E-4
13.72,-0.00199774
13.725,-0.00638179
13.73,-0.0149032
13.735,-0.0262332
13.74,-0.0324189
13.745,-0.0311976
13.75,-0.026042
13.755,-0.0168094
13.76,-0.00465171
13.765,0.00454308
13.77,0.0104352
13.775,0.0189035
13.78,0.0297751
13.785,0.0386368
13.79,0.043188
13.795,0.0456044
13.8,0.047751
13.805,0.0479933
13.81,0.0464844
13.815,0.0425316
13.82,0.0360759
13.825,0.0296759
13.83,0.024118
13.835,0.0207655
13.84,0.0201804
13.845,0.0213803
13.85,0.0240563
13.855,0.0264175
13.86,0.0275377
13.865,0.0273634
13.87,0.0256511
13.875,0.021611
13.88,0.0139856
13.885,0.00627434
13.89,0.00287811
13.895,0.0024783
13.9,0.00325296
13.905,0.00455824
13.91,0.00354077
13.915,9.8959E-5
13.92,-0.00569265
13.925,-0.0147705
13.93,-0.0238405
13.935,-0.0310731
13.94,-0.0363436
13.945,-0.0401212
13.95,-0.043762
13.955,-0.0455516
13.96,-0.0445855
13.965,-0.0416316
13.97,-0.0356142
13.975,-0.0279999
13.98,-0.0201759
13.985,-0.01313
13.99,-0.0103681
13.995,-0.00967116
14.0,-0.00914854
14.005,-0.0118427
14.01,-0.016766
14.015,-0.0222027
14.02,-0.0268067
14.025,-0.0291016
14.03,-0.0303342
14.035,-0.0312329
14.04,-0.0320519
14.045,-0.0335419
14.05,-0.0363385
14.055,-0.0409844
14.06,-0.0479146
14.065,-0.0563299
14.07,-0.0624333
14.075,-0.0643725
14.08,-0.0652135
14.085,-0.0657221
14.09,-0.0626625
14.095,-0.05487
14.1,-0.0457409
14.105,-0.0390521
14.11,-0.0344159
14.115,-0.0309485
14.12,-0.0289402
14.125,-0.0273383
14.13,-0.0264295
14.135,-0.0263434
14.14,-0.0261407
14.145,-0.027109
14.15,-0.030692
14.155,-0.0361827
14.16,-0.0398939
14.165,-0.0390305
14.17,-0.0345956
14.175,-0.0284813
14.18,-0.022174
14.185,-0.0153683
14.19,-0.00769958
14.195,1.29085E-5
14.2,0.00795481
14.205,0.0173998
14.21,0.0279354
14.215,0.0350764
14.22,0.0357127
14.225,0.0324021
14.23,0.0240289
14.235,0.00503972
14.24,-0.0136526
14.245,-0.0179077
14.25,-0.0159888
14.255,-0.0141357
14.26,-0.00808487
14.265,-0.00102289
14.27,0.00184822
14.275,0.00188075
14.28,0.00212813
14.285,0.00223662
14.29,-3.97761E-4
14.295,-0.00405086
14.3,-0.00486571
14.305,-0.00415816
14.31,-0.00345938
14.315,-0.00294507
14.32,-0.00311726
14.325,-0.00439781
14.33,-0.00728628
14.335,-0.0107747
14.34,-0.0141542
14.345,-0.0179211
14.35,-0.0238373
14.355,-0.0324304
14.36,-0.0406013
14.365,-0.0468618
14.37,-0.0512236
14.375,-0.0519907
14.38,-0.0478864
14.385,-0.0412391
14.39,-0.0365213
14.395,-0.0342991
14.4,-0.0325222
14.405,-0.0320484
14.41,-0.0334425
14.415,-0.0360392
14.42,-0.0395465
14.425,-0.0416323
14.43,-0.0417287
14.435,-0.0398231
14.44,-0.0346888
14.445,-0.0284019
14.45,-0.0236956
14.455,-0.018138
14.46,-0.0092307
14.465,-0.00128211
14.47,0.0031632
14.475,0.00524161
14.48,0.00583503
14.485,0.00568029
14.49,0.00519423
14.495,0.00537734
14.5,0.00568313
14.505,0.00500444
14.51,0.00292346
14.515,-5.99603E-4
14.52,-0.00571463
14.525,-0.0133452
14.53,-0.021917
14.535,-0.0271027
14.54,-0.0278654
14.545,-0.0270218
14.55,-0.0260722
14.555,-0.0257708
14.56,-0.026558
14.565,-0.0267599
14.57,-0.0270986
14.575,-0.0273848
14.58,-0.0251369
14.585,-0.0201313
14.59,-0.0138328
14.595,-0.00956867
14.6,-0.00770296
14.605,-0.00757464
14.61,-0.00887893
14.615,-0.00974306
14.62,-0.0113886
14.625,-0.0123709
14.63,-0.0100841
14.635,-0.00705569
14.64,-0.00506632
14.645,-0.00366851
14.65,-0.00279797
14.655,-0.00325716
14.66,-0.00442242
14.665,-0.00474868
14.67,-0.00331713
14.675,3.30265E-4
14.68,0.00540198
14.685,0.00987805
14.69,0.0130655
14.695,0.0157856
14.7,0.016956
14.705,0.0164279
14.71,0.0164687
14.715,0.0164704
14.72,0.0152319
14.725,0.0139556
14.73,0.0127619
14.735,0.00918734
14.74,5.14429E-4
14.745,-0.012812
14.75,-0.0266594
14.755,-0.0350351
14.76,-0.0377656
14.765,-0.0385727
14.77,-0.0365405
14.775,-0.0325611
14.78,-0.0302133
14.785,-0.0274499
14.79,-0.0212107
14.795,-0.0122184
14.8,-0.00165993
14.805,0.00878015
14.81,0.0162675
14.815,0.0196846
14.82,0.0209224
14.825,0.0216198
14.83,0.0215387
14.835,0.019325
14.84,0.0155193
14.845,0.0128852
14.85,0.0113139
14.855,0.00952011
14.86,0.00813665
14.865,0.008083
14.87,0.010105
14.875,0.0131553
14.88,0.0164804
14.885,0.0192773
14.89,0.0201091
14.895,0.0197059
14.9,0.017952
14.905,0.0135116
14.91,0.00614304
14.915,-0.00153809
14.92,-0.00630218
14.925,-0.0093153
14.93,-0.0113401
14.935,-0.0105364
14.94,-0.00892777
14.945,-0.00892324
14.95,-0.00879118
14.955,-0.00682281
14.96,-0.00193152
14.965,0.00497068
14.97,0.0102906
14.975,0.0129377
14.98,0.0140047
14.985,0.0133073
14.99,0.0106731
14.995,0.00641299
15.0,0.00274604
15.005,0.00271232
15.01,0.00370084
15.015,0.00362612
15.02,0.00436209
15.025,0.00532548
15.03,0.00632509
15.035,0.00993307
15.04,0.0165688
15.045,0.0232554
15.05,0.0278861
15.055,0.0299465
15.06,0.0304509
15.065,0.0300219
15.07,0.0282273
15.075,0.0263541
15.08,0.0253695
15.085,0.025457
15.09,0.0267685
15.095,0.0291215
15.1,0.0322609
15.105,0.0353805
15.11,0.0375173
15.115,0.0392614
15.12,0.0407718
15.125,0.0403726
15.13,0.0387345
15.135,0.0359049
15.14,0.0308189
15.145,0.0270327
15.15,0.0240652
15.155,0.017699
15.16,0.0121381
15.165,0.0101331
15.17,0.00865089
15.175,0.00803877
15.18,0.00962337
15.185,0.0135574
15.19,0.018183
15.195,0.0211607
15.2,0.0239687
15.205,0.0281078
15.21,0.0314005
15.215,0.0328705
15.22,0.0329645
15.225,0.0323981
15.23,0.0321815
15.235,0.0329981
15.24,0.0354013
15.245,0.0364778
15.25,0.0347048
15.255,0.0335378
15.26,0.0352145
15.265,0.039261
15.27,0.0435021
15.275,0.0458104
15.28,0.0462392
15.285,0.0468621
15.29,0.0485571
15.295,0.0481649
15.3,0.045542
15.305,0.042447
15.31,0.0382091
15.315,0.0342215
15.32,0.0319068
15.325,0.0298773
15.33,0.0268511
15.335,0.0234817
15.34,0.0191152
15.345,0.0142271
15.35,0.0108372
15.355,0.00990943
15.36,0.0124579
15.365,0.016158
15.37,0.0170738
15.375,0.0162338
15.38,0.0152689
15.385,0.0118022
15.39,0.00688054
15.395,0.00323318
15.4,2.51203E-4
15.405,-0.00231837
15.41,-0.0043067
15.415,-0.00521435
15.42,-0.00512644
15.425,-0.00320498
15.43,0.0013384
15.435,0.00554147
15.44,0.00769263
15.445,0.00918445
15.45,0.0106358
15.455,0.0119201
15.46,0.0132108
15.465,0.0133704
15.47,0.0125153
15.475,0.0133857
15.48,0.0154909
15.485,0.016734
15.49,0.0181126
15.495,0.0193118
15.5,0.0186945
15.505,0.0179864
15.51,0.0172535
15.515,0.0146171
15.52,0.0124898
15.525,0.0119301
15.53,0.0121594
15.535,0.0145967
15.54,0.0191002
15.545,0.0234019
15.55,0.0260867
15.555,0.0272495
15.56,0.0263159
15.565,0.022091
15.57,0.0131898
15.575,0.00220874
15.58,-0.00526581
15.585,-0.0110332
15.59,-0.0178377
15.595,-0.0221912
15.6,-0.0231776
15.605,-0.0222702
15.61,-0.0200682
15.615,-0.0175154
15.62,-0.0144285
15.625,-0.0101857
15.63,-0.00427056
15.635,0.00225129
15.64,0.00805077
15.645,0.0116247
15.65,0.0119098
15.655,0.0100469
15.66,0.00439657
15.665,-0.00316283
15.67,-0.00540885
15.675,-0.00426774
15.68,-0.00444586
15.685,-0.00274456
15.69,6.29345E-4
15.695,0.00208018
15.7,0.00194797
15.705,0.00128649
15.71,3.70475E-4
15.715,-2.03058E-4
15.72,3.74783E-4
15.725,0.00348881
15.73,0.00749426
15.735,0.00911202
15.74,0.0100881
15.745,0.0111275
15.75,0.0104299
15.755,0.00868003
15.76,0.0057595
15.765,0.00177501
15.77,-0.00106654
15.775,-0.00266817
15.78,-0.00385451
15.785,-0.00368133
15.79,-0.00198449
15.795,-0.00117146
15.8,-0.00145562
15.805,-0.00206972
15.81,-0.0046638
15.815,-0.00907179
15.82,-0.0128588
15.825,-0.0136914
15.83,-0.0129768
15.835,-0.0131777
15.84,-0.0134095
15.845,-0.0115433
15.85,-0.00805968
15.855,-0.00496715
15.86,-0.00188693
15.865,3.70192E-4
15.87,4.57546E-4
15.875,-2.30807E-4
15.88,-0.00203056
15.885,-0.00596499
15.89,-0.00975842
15.895,-0.00969208
15.9,-0.00566061
15.905,-0.00271231
15.91,-0.00248848
15.915,-0.00175409
15.92,-8.41782E-4
15.925,-0.00154553
15.93,-0.00334619
15.935,-0.00611558
15.94,-0.00911154
15.945,-0.0113265
15.95,-0.0125687
15.955,-0.0135449
15.96,-0.0147815
15.965,-0.0160153
15.97,-0.0161521
15.975,-0.0134991
15.98,-0.0101383
15.985,-0.00842478
15.99,-0.00851611
15.995,-0.00981176
16.0,-0.011691
16.005,-0.014522
16.01,-0.0166303
16.015,-0.01629
16.02,-0.0149249
16.025,-0.01405
16.03,-0.0129374
16.035,-0.0118545
16.04,-0.0120546
16.045,-0.0130062
16.05,-0.0138027
16.055,-0.0148291
16.06,-0.015353
16.065,-0.0149839
16.07,-0.0155139
16.075,-0.0176782
16.08,-0.0204554
16.085,-0.0226817
16.09,-0.0222128
16.095,-0.0152595
16.1,-0.00594703
16.105,-0.00250928
16.11,-0.00279844
16.115,-0.0022293
16.12,-0.00282096
16.125,-0.00578759
16.13,-0.0106734
16.135,-0.0178435
16.14,-0.0256809
16.145,-0.0314929
16.15,-0.0342888
16.155,-0.0365774
16.16,-0.0388264
16.165,-0.0397817
16.17,-0.0396149
16.175,-0.038701
16.18,-0.0383097
16.185,-0.0385306
16.19,-0.0393363
16.195,-0.0406864
16.2,-0.0418731
16.205,-0.0425123
16.21,-0.0428059
16.215,-0.0431007
16.22,-0.0437901
16.225,-0.0438492
16.23,-0.0425092
16.235,-0.0418943
16.24,-0.0419464
16.245,-0.0419083
16.25,-0.0424877
16.255,-0.0429216
16.26,-0.0429675
16.265,-0.0429661
16.27,-0.0422951
16.275,-0.0414592
16.28,-0.0411857
16.285,-0.0404424
16.29,-0.0387303
16.295,-0.0367423
16.3,-0.0351166
16.305,-0.0339496
16.31,-0.0328723
16.315,-0.0314829
16.32,-0.0300637
16.325,-0.0288821
16.33,-0.0267031
16.335,-0.0237407
16.34,-0.021766
16.345,-0.0205673
16.35,-0.0194051
16.355,-0.0187167
16.36,-0.01902
16.365,-0.0193325
16.37,-0.0194834
16.375,-0.0205723
16.38,-0.0219362
16.385,-0.0227182
16.39,-0.0227953
16.395,-0.0221436
16.4,-0.0208885
16.405,-0.0188987
16.41,-0.0165535
16.415,-0.0142859
16.42,-0.0114636
16.425,-0.00852977
16.43,-0.00691131
16.435,-0.0062796
16.44,-0.00497063
16.445,-0.00230534
16.45,0.00190009
16.455,0.00728658
16.46,0.0106194
16.465,0.0116897
16.47,0.0135729
16.475,0.0153367
16.48,0.0155086
16.485,0.0149742
16.49,0.014721
16.495,0.014679
16.5,0.0148641
16.505,0.0157348
16.51,0.0169405
16.515,0.0172027
16.52,0.0156006
16.525,0.0132519
16.53,0.0104412
16.535,0.00774716
16.54,0.00748336
16.545,0.00959032
16.55,0.012039
16.555,0.0132419
16.56,0.0140134
16.565,0.0165472
16.57,0.0203788
16.575,0.0237789
16.58,0.0261742
16.585,0.0265289
16.59,0.0244617
16.595,0.0195696
16.6,0.0106806
16.605,0.00131976
16.61,-0.00404813
16.615,-0.00719208
16.62,-0.0100249
16.625,-0.0108444
16.63,-0.00802736
16.635,-0.00265321
16.64,0.00186108
16.645,0.00418497
16.65,0.00595473
16.655,0.00716629
16.66,0.0068386
16.665,0.00521382
16.67,0.00242998
16.675,-6.09482E-4
16.68,-0.00239004
16.685,-0.00185182
16.69,5.7708E-4
16.695,0.0030191
16.7,0.00485054
16.705,0.00678121
16.71,0.00924714
16.715,0.0125114
16.72,0.0173685
16.725,0.0221364
16.73,0.0235638
16.735,0.0238331
16.74,0.0240806
16.745,0.0226787
16.75,0.0208462
16.755,0.0188066
16.76,0.0171077
16.765,0.0154952
16.77,0.0123794
16.775,0.00929994
16.78,0.00793159
16.785,0.00704161
16.79,0.00427555
16.795,8.07945E-4
16.8,-1.0851E-4
16.805,4.11777E-4
16.81,-2.2746E-4
16.815,-0.00190547
16.82,-0.0037347
16.825,-0.00620058
16.83,-0.00771389
16.835,-0.00412257
16.84,0.00492521
16.845,0.0140716
16.85,0.0189358
16.855,0.0204718
16.86,0.0205535
16.865,0.0200623
16.87,0.019195
16.875,0.0179816
16.88,0.0173845
16.885,0.0177384
16.89,0.0175967
16.895,0.016468
16.9,0.0144371
16.905,0.0117219
16.91,0.0100633
16.915,0.009005
16.92,0.00892412
16.925,0.0116656
16.93,0.0157241
16.935,0.0197604
16.94,0.023337
16.945,0.0247246
16.95,0.0242423
16.955,0.023762
16.96,0.022748
16.965,0.0199472
16.97,0.0148982
16.975,0.0100604
16.98,0.00759018
16.985,0.00528134
16.99,0.00248776
16.995,7.9527E-4
17.0,-2.96836E-4
17.005,-0.00165641
17.01,-0.00264866
17.015,-0.00238018
17.02,0.00194273
17.025,0.0109525
17.03,0.0209152
17.035,0.0278007
17.04,0.0309142
17.045,0.033382
17.05,0.0350828
17.055,0.0349278
17.06,0.0341039
17.065,0.0314883
17.07,0.0259609
17.075,0.0191716
17.08,0.0143446
17.085,0.0118725
17.09,0.00867034
17.095,0.00515689
17.1,0.00306421
17.105,0.00296109
17.11,0.00467666
17.115,0.00568432
17.12,0.00581714
17.125,0.00588322
17.13,0.0055847
17.135,0.00557232
17.14,0.00499484
17.145,0.00378954
17.15,0.00356697
17.155,0.00502337
17.16,0.00797463
17.165,0.00952444
17.17,0.00971528
17.175,0.0111336
17.18,0.0116733
17.185,0.0108578
17.19,0.0106556
17.195,0.0105784
17.2,0.01094
17.205,0.0124965
17.21,0.0140011
17.215,0.0143546
17.22,0.0135784
17.225,0.0118897
17.23,0.00839
17.235,0.00212469
17.24,-0.00418693
17.245,-0.00729066
17.25,-0.0072203
17.255,-0.00420257
17.26,2.596E-4
17.265,0.00375335
17.27,0.00636393
17.275,0.00886803
17.28,0.0107375
17.285,0.0115257
17.29,0.0121561
17.295,0.0127519
17.3,0.0120073
17.305,0.0102722
17.31,0.00804175
17.315,0.00493063
17.32,0.00237251
17.325,5.13177E-4
17.33,-0.00174663
17.335,-0.00401176
17.34,-0.00661605
17.345,-0.00961969
17.35,-0.0122378
17.355,-0.0142106
17.36,-0.0146129
17.365,-0.0135003
17.37,-0.0118893
17.375,-0.0100987
17.38,-0.00902589
17.385,-0.00887671
17.39,-0.00837771
17.395,-0.0079221
17.4,-0.00852559
17.405,-0.00943968
17.41,-0.0105611
17.415,-0.011832
17.42,-0.0122221
17.425,-0.012227
17.43,-0.0134362
17.435,-0.0150678
17.44,-0.0157825
17.445,-0.0163781
17.45,-0.0171271
17.455,-0.0191333
17.46,-0.0228866
17.465,-0.0264353
17.47,-0.0289886
17.475,-0.0286794
17.48,-0.0250384
17.485,-0.0217079
17.49,-0.0203309
17.495,-0.0201684
17.5,-0.0210511
17.505,-0.0232332
17.51,-0.0265086
17.515,-0.0297127
17.52,-0.0297692
17.525,-0.0242207
17.53,-0.0159462
17.535,-0.0090948
17.54,-0.00393025
17.545,-8.1882E-5
17.55,0.00157658
17.555,0.0016103
17.56,6.92426E-4
17.565,-0.00168438
17.57,-0.00584175
17.575,-0.0105178
17.58,-0.0138806
17.585,-0.0162634
17.59,-0.0181868
17.595,-0.017626
17.6,-0.0138517
17.605,-0.0098257
17.61,-0.00700016
17.615,-0.00498208
17.62,-0.00448542
17.625,-0.00525612
17.63,-0.00621681
17.635,-0.00795918
17.64,-0.0114124
17.645,-0.0159184
17.65,-0.021109
17.655,-0.0271349
17.66,-0.0317706
17.665,-0.0343983
17.67,-0.0363681
17.675,-0.034701
17.68,-0.0286756
17.685,-0.0222146
17.69,-0.0167012
17.695,-0.0129097
17.7,-0.0112411
17.705,-0.011764
17.71,-0.0140195
17.715,-0.0179338
17.72,-0.0238095
17.725,-0.0272697
17.73,-0.0279899
17.735,-0.0287673
17.74,-0.0279713
17.745,-0.0261255
17.75,-0.0238999
17.755,-0.02101
17.76,-0.0186542
17.765,-0.0168626
17.77,-0.0147599
17.775,-0.0123108
17.78,-0.00970344
17.785,-0.00617687
17.79,-0.00177873
17.795,0.00152133
17.8,0.00265915
17.805,0.00257096
17.81,0.00165267
17.815,-0.00110976
17.82,-0.00754104
17.825,-0.0153484
17.83,-0.0189871
17.835,-0.0192882
17.84,-0.0187017
17.845,-0.0169089
17.85,-0.0155389
17.855,-0.0150692
17.86,-0.0140618
17.865,-0.0118699
17.87,-0.00925432
17.875,-0.00679937
17.88,-0.00510285
17.885,-0.00485181
17.89,-0.0055
17.895,-0.00623663
17.9,-0.00660799
17.905,-0.00641108
17.91,-0.00526674
17.915,-0.00443156
17.92,-0.00490795
17.925,-0.00614592
17.93,-0.0076028
17.935,-0.0088087
17.94,-0.00869089
17.945,-0.00508214
17.95,-0.00119772
17.955,-0.00102383
17.96,-0.00146619
17.965,-9.46853E-4
17.97,-9.09369E-4
17.975,-0.00167436
17.98,-0.00270119
17.985,-0.00356922
17.99,-0.00388776
17.995,-0.00195853
18.0,0.00117271
18.005,0.0027631
18.01,0.0042345
18.015,0.00733878
18.02,0.0100026
18.025,0.0105194
18.03,0.00939238
18.035,0.00695608
18.04,0.00333629
18.045,6.959E-4
18.05,4.3903E-4
18.055,0.00203985
18.06,0.00530932
18.065,0.0082637
18.07,0.00983426
18.075,0.0108001
18.08,0.0113416
18.085,0.0113432
18.09,0.0111787
18.095,0.0110062
18.1,0.0106337
18.105,0.0100797
18.11,0.00924561
18.115,0.00782274
18.12,0.00612271
18.125,0.00496216
18.13,0.00436353
18.135,0.00536503
18.14,0.00823773
18.145,0.0111074
18.15,0.0124059
18.155,0.0120279
18.16,0.0110029
18.165,0.00898198
18.17,0.00529241
18.175,0.00123372
18.18,-0.00148481
18.185,-0.00251266
18.19,-0.00200505
18.195,-1.06908E-4
18.2,0.00234571
18.205,0.00469924
18.21,0.00649571
18.215,0.00728583
18.22,0.00723282
18.225,0.00667634
18.23,0.00498754
18.235,0.00252942
18.24,4.13791E-4
18.245,-0.00111684
18.25,-0.00264245
18.255,-0.00531741
18.26,-0.0087974
18.265,-0.0122361
18.27,-0.0152103
18.275,-0.0178137
18.28,-0.0199969
18.285,-0.0207549
18.29,-0.0202932
18.295,-0.0202709
18.3,-0.0200259
18.305,-0.0181927
18.31,-0.0156971
18.315,-0.0121629
18.32,-0.00813417
18.325,-0.00573518
18.33,-0.00402182
18.335,-0.00223078
18.34,-0.00201574
18.345,-0.00309676
18.35,-0.00398466
18.355,-0.00519517
18.36,-0.00620712
18.365,-0.00437769
18.37,3.9183E-4
18.375,0.00520802
18.38,0.00743301
18.385,0.00738068
18.39,0.00606095
18.395,0.00297362
18.4,-0.00171881
18.405,-0.00747409
18.41,-0.0114746
18.415,-0.0134335
18.42,-0.015279
18.425,-0.016183
18.43,-0.0159145
18.435,-0.0145148
18.44,-0.0127842
18.445,-0.011488
18.45,-0.010805
18.455,-0.0104639
18.46,-0.00987748
18.465,-0.00915369
18.47,-0.00867393
18.475,-0.00921569
18.48,-0.0107464
18.485,-0.0130156
18.49,-0.0155394
18.495,-0.0169378
18.5,-0.0162294
18.505,-0.0141523
18.51,-0.0124607
18.515,-0.00877862
18.52,-0.00283994
18.525,0.0034247
18.53,0.00748141
18.535,0.00876617
18.54,0.00958142
18.545,0.0103204
18.55,0.0100155
18.555,0.00891545
18.56,0.00737459
18.565,0.00662927
18.57,0.00872805
18.575,0.013547
18.58,0.017071
18.585,0.0193068
18.59,0.0225333
18.595,0.0244558
18.6,0.0238959
18.605,0.0219363
18.61,0.0201971
18.615,0.0185275
18.62,0.0166372
18.625,0.0168884
18.63,0.0191233
18.635,0.0210278
18.64,0.0216473
18.645,0.0215697
18.65,0.0215526
18.655,0.0207678
18.66,0.0187438
18.665,0.0158313
18.67,0.0131785
18.675,0.0109524
18.68,0.00827506
18.685,0.00678028
18.69,0.00676135
18.695,0.00703177
18.7,0.0077085
18.705,0.00924344
18.71,0.0106153
18.715,0.00907745
18.72,0.00641093
18.725,0.00538689
18.73,0.00307918
18.735,0.00121776
18.74,0.00455235
18.745,0.0101933
18.75,0.0153623
18.755,0.0190602
18.76,0.0195
18.765,0.0189106
18.77,0.0190862
18.775,0.0185472
18.78,0.0171624
18.785,0.0163445
18.79,0.0155682
18.795,0.0147132
18.8,0.0143364
18.805,0.0132893
18.81,0.0120391
18.815,0.0113063
18.82,0.0110095
18.825,0.0109338
18.83,0.0106575
18.835,0.0104176
18.84,0.00973974
18.845,0.00884845
18.85,0.009063
18.855,0.00958658
18.86,0.010036
18.865,0.010398
18.87,0.00971455
18.875,0.00811091
18.88,0.00633511
18.885,0.00560719
18.89,0.00587272
18.895,0.00662478
18.9,0.00804539
18.905,0.00916507
18.91,0.00981591
18.915,0.00971682
18.92,0.0084879
18.925,0.00852871
18.93,0.0107597
18.935,0.014822
18.94,0.0202028
18.945,0.0241774
18.95,0.0252149
18.955,0.0249656
18.96,0.025225
18.965,0.0255366
18.97,0.0250649
18.975,0.0234493
18.98,0.0200992
18.985,0.0164489
18.99,0.0132037
18.995,0.00988309
19.0,0.00842718
19.005,0.00874405
19.01,0.00935183
19.015,0.0103336
19.02,0.0107174
19.025,0.00951534
19.03,0.00786976
19.035,0.00691427
19.04,0.00742471
19.045,0.0103395
19.05,0.0133754
19.055,0.0140966
19.06,0.0140376
19.065,0.0146082
19.07,0.0147158
19.075,0.0139691
19.08,0.0136882
19.085,0.0141561
19.09,0.0141191
19.095,0.0135563
19.1,0.0128442
19.105,0.0112334
19.11,0.00945336
19.115,0.00770926
19.12,0.00578629
19.125,0.00475927
19.13,0.00410577
19.135,0.00333265
19.14,0.00277487
19.145,0.00194151
19.15,2.64463E-4
19.155,-0.00132422
19.16,-0.00134624
19.165,-0.00148476
19.17,-0.00295478
19.175,-0.00500985
19.18,-0.00757692
19.185,-0.00969123
19.19,-0.0115577
19.195,-0.0127799
19.2,-0.0115807
19.205,-0.0102309
19.21,-0.0103663
19.215,-0.0102162
19.22,-0.0096668
19.225,-0.00882221
19.23,-0.00777235
19.235,-0.00761921
19.24,-0.00813729
19.245,-0.00883195
19.25,-0.00996217
19.255,-0.0113036
19.26,-0.0121155
19.265,-0.0123324
19.27,-0.0125358
19.275,-0.0127558
19.28,-0.0128491
19.285,-0.0126176
19.29,-0.0112119
19.295,-0.00874466
19.3,-0.00706455
19.305,-0.00650558
19.31,-0.00646836
19.315,-0.00704122
19.32,-0.00826646
19.325,-0.009895
19.33,-0.0110962
19.335,-0.0117478
19.34,-0.0123583
19.345,-0.0130013
19.35,-0.0134278
19.355,-0.0137791
19.36,-0.0144459
19.365,-0.0153417
19.37,-0.0157404
19.375,-0.014593
19.38,-0.0119204
19.385,-0.0093263
19.39,-0.00777462
19.395,-0.00670461
19.4,-0.00609614
19.405,-0.00636529
19.41,-0.00689664
19.415,-0.0072766
19.42,-0.00735513
19.425,-0.0067388
19.43,-0.00527146
19.435,-0.00334683
19.44,-0.00222619
19.445,-0.0017405
19.45,-5.90767E-4
19.455,8.24527E-4
19.46,0.00175136
19.465,0.0024179
19.47,0.00287648
19.475,0.00208826
19.48,-3.65847E-4
19.485,-0.00348026
19.49,-0.0059156
19.495,-0.00685797
19.5,-0.0061806
19.505,-0.00432664
19.51,-0.00291233
19.515,-0.00197619
19.52,-3.19852E-4
19.525,0.00154565
19.53,0.00306592
19.535,0.00433128
19.54,0.00499661
19.545,0.00506749
19.55,0.00491214
19.555,0.00408664
19.56,0.00288725
19.565,0.00218206
19.57,0.00161637
19.575,0.0011156
19.58,8.83596E-4
19.585,3.60781E-4
19.59,-9.8792E-5
19.595,5.29262E-4
19.6,0.00201712
19.605,0.00393541
19.61,0.00624258
19.615,0.00809846
19.62,0.0089815
19.625,0.00947711
19.63,0.00998318
19.635,0.0102423
19.64,0.00987563
19.645,0.0091092
19.65,0.00826881
19.655,0.00725106
19.66,0.00572117
19.665,0.00372036
19.67,0.00204786
19.675,0.00130994
19.68,0.0015285
19.685,0.0022434
19.69,0.0028522
19.695,0.0033626
19.7,0.00366735
19.705,0.00361887
19.71,0.00378324
19.715,0.00435154
19.72,0.00482542
19.725,0.0049008
19.73,0.00489236
19.735,0.00494451
19.74,0.00483611
19.745,0.00455506
19.75,0.00429378
19.755,0.00421982
19.76,0.00401992
19.765,0.00386594
19.77,0.00399802
19.775,0.00393785
19.78,0.00366826
19.785,0.00337427
19.79,0.00318638
19.795,0.00292162
19.8,0.0025075
19.805,0.00230021
19.81,0.00223786
19.815,0.00213219
19.82,0.00178959
19.825,0.00116557
19.83,6.0E-4
19.835,1.17853E-4
19.84,-2.68524E-4
19.845,-1.89489E-4
19.85,2.36828E-4
19.855,5.2675E-4
19.86,5.77816E-4
19.865,6.6419E-4
19.87,7.75613E-4
19.875,8.18355E-4
19.88,7.67282E-4
19.885,5.95743E-4
19.89,4.26617E-4
19.895,7.65053E-5
19.9,-4.32407E-4
19.905,-8.81509E-4
19.91,-0.00118569
19.915,-0.00120672
19.92,-9.16859E-4
19.925,-4.72283E-4
19.93,-4.60242E-5
19.935,3.01202E-4
19.94,5.29826E-4
19.945,7.30923E-4
19.95,0.00107855
19.955,0.00149537
19.96,0.00177536
19.965,0.00185605
19.97,0.00173989
19.975,0.00158018
19.98,0.00147535
19.985,0.00136928
19.99,0.00121587
19.995,0.0010023
20.0,8.6733E-4
20.005,7.82434E-4
20.01,5.9359E-4
20.015,2.99819E-4
20.02,3.27279E-6
20.025,-4.00605E-5
20.03,1.04037E-4
20.035,1.82451E-4
20.04,2.77227E-4
20.045,3.52449E-4
20.05,3.75119E-4
20.055,4.28936E-4
20.06,3.76259E-4
20.065,2.5763E-4
20.07,1.90175E-4
20.075,8.66445E-5
20.08,-2.1007E-5
20.085,-2.93699E-5
20.09,-1.11249E-5
20.095,2.4858E-5
20.1,9.00754E-5
20.105,9.90768E-5
20.11,9.52553E-5
20.115,7.84545E-5
20.12,3.48294E-5
20.125,2.61097E-6
20.13,-1.73638E-5
20.135,-3.19123E-5
20.14,-4.16323E-5
20.145,-4.26408E-5
20.15,3.45232E-6
20.155,4.66842E-5
20.16,-3.06881E-5
20.165,-1.1887E-4
20.17,-1.3422E-4
20.175,-1.52824E-4
20.18,-2.24873E-4
20.185,-3.22289E-4
20.19,-3.77887E-4
20.195,-4.25126E-4
20.2,-4.88715E-4
20.205,-5.2861E-4
20.21,-5.57387E-4
20.215,-5.85476E-4
20.22,-6.17095E-4
20.225,-6.63133E-4
20.23,-7.13654E-4
20.235,-7.69701E-4
20.24,-8.26058E-4
20.245,-8.8385E-4
20.25,-9.35078E-4
20.255,-9.62857E-4
20.26,-9.85485E-4
20.265,-0.00101247
20.27,-0.00103986
20.275,-0.00108351
20.28,-0.00111884
20.285,-0.00114773
20.29,-0.00120018
20.295,-0.00124141
20.3,-0.0012693
20.305,-0.00131072
20.31,-0.00136603
20.315,-0.00141251
20.32,-0.0014528
20.325,-0.00149718
20.33,-0.0015402
20.335,-0.00158713
20.34,-0.00162926
20.345,-0.00167229
20.35,-0.00171475
20.355,-0.00175564
20.36,-0.00180035
20.365,-0.00184654
20.37,-0.0018903
20.375,-0.00193034
20.38,-0.00197068
20.385,-0.00200896
20.39,-0.0020519
20.395,-0.00209202
20.4,-0.00212768
20.405,-0.0021701
20.41,-0.00221098
20.415,-0.00224706
20.42,-0.00228418
20.425,-0.00232361
20.43,-0.00236158
20.435,-0.00239938
20.44,-0.0024378
20.445,-0.00247363
20.45,-0.0025106
20.455,-0.00254875
20.46,-0.00258469
20.465,-0.0026204
20.47,-0.00265629
20.475,-0.00269196
20.48,-0.00272759
20.485,-0.00276233
20.49,-0.00279728
20.495,-0.00283215
20.5,-0.00286596
20.505,-0.00289964
20.51,-0.00293345
20.515,-0.00296666
20.52,-0.00299942
20.525,-0.00303202
20.53,-0.0030643
20.535,-0.00309621
20.54,-0.00312771
20.545,-0.00315885
20.55,-0.00318966
20.555,-0.00322011
20.56,-0.00325017
