# Time Series: Kobe, Japan 1995 - TAK-090
# Time (s),Acceleration (g's)
0.0,1.36409E-4
0.01,7.44843E-5
0.02,-2.41948E-6
0.03,-2.48463E-5
0.04,4.47083E-5
0.05,1.1314E-4
0.06,1.66605E-4
0.07,1.70257E-4
0.08,1.34213E-4
0.09,1.158E-4
0.1,1.3735E-4
0.11,7.34513E-5
0.12,-6.17838E-5
0.13,9.88531E-5
0.14,4.69934E-4
0.15,5.91231E-4
0.16,1.77968E-4
0.17,-3.37907E-4
0.18,-3.13414E-4
0.19,2.2742E-4
0.2,4.94335E-4
0.21,4.71201E-5
0.22,1.60852E-4
0.23,6.64761E-4
0.24,7.18686E-4
0.25,1.09313E-4
0.26,-3.3728E-4
0.27,2.88202E-4
0.28,0.00106742
0.29,8.18465E-4
0.3,2.43573E-5
0.31,-6.96487E-6
0.32,7.64388E-4
0.33,0.00102612
0.34,9.90807E-4
0.35,0.00141266
0.36,0.00177207
0.37,0.00123052
0.38,-1.75544E-4
0.39,-0.00130678
0.4,-0.00128323
0.41,-8.46755E-4
0.42,2.74874E-4
0.43,0.00131035
0.44,8.7748E-4
0.45,-8.1077E-5
0.46,-5.90964E-4
0.47,-5.06121E-4
0.48,3.0032E-4
0.49,0.001332
0.5,0.00332249
0.51,0.00545238
0.52,0.0055214
0.53,0.00260313
0.54,-1.60875E-4
0.55,0.00210438
0.56,0.00552767
0.57,0.00548267
0.58,0.0028878
0.59,4.75285E-4
0.6,0.00160318
0.61,0.0037605
0.62,0.00302671
0.63,0.00237166
0.64,0.00365467
0.65,0.0029365
0.66,-5.76579E-4
0.67,-0.00398935
0.68,-0.00159189
0.69,0.00489957
0.7,0.00641523
0.71,0.00287567
0.72,0.00271354
0.73,0.0167212
0.74,0.0261211
0.75,0.0222019
0.76,0.00913253
0.77,4.06716E-4
0.78,0.00139069
0.79,0.00964718
0.8,0.0123476
0.81,0.00356426
0.82,-0.00503127
0.83,-0.00631771
0.84,0.00323804
0.85,0.0148252
0.86,0.0151629
0.87,0.010093
0.88,0.00655004
0.89,0.00628389
0.9,0.0085759
0.91,0.00279997
0.92,-0.00429258
0.93,-0.0027827
0.94,0.00543483
0.95,0.00588897
0.96,-0.00714165
0.97,-0.0184388
0.98,-0.0155184
0.99,-0.00148856
1.0,0.00426031
1.01,-0.00633682
1.02,-0.0213103
1.03,-0.0256196
1.04,-0.0199886
1.05,-0.0190748
1.06,-0.0312599
1.07,-0.044698
1.08,-0.0487797
1.09,-0.043446
1.1,-0.0385845
1.11,-0.0360738
1.12,-0.0340115
1.13,-0.0248848
1.14,-0.0046261
1.15,0.00939107
1.16,0.00789616
1.17,0.00240824
1.18,-0.00243279
1.19,-0.00146021
1.2,0.00750279
1.21,0.0102744
1.22,0.00999524
1.23,0.012925
1.24,0.0206055
1.25,0.032317
1.26,0.0421611
1.27,0.033165
1.28,0.0117305
1.29,-0.00962026
1.3,-0.0321005
1.31,-0.0491725
1.32,-0.0568706
1.33,-0.0484415
1.34,-0.0223508
1.35,0.00326653
1.36,0.0177755
1.37,0.0192539
1.38,0.00261497
1.39,-0.0176046
1.4,-0.0277581
1.41,-0.0316168
1.42,-0.0321423
1.43,-0.0183478
1.44,-0.0029026
1.45,0.00510928
1.46,0.00453935
1.47,2.68561E-5
1.48,-0.0106602
1.49,-0.0187542
1.5,-0.00916119
1.51,0.0157056
1.52,0.0451077
1.53,0.0622854
1.54,0.0574555
1.55,0.0423426
1.56,0.0336821
1.57,0.0366858
1.58,0.0389726
1.59,0.0280892
1.6,0.00394674
1.61,-0.0210423
1.62,-0.0302401
1.63,-0.0145986
1.64,0.00908328
1.65,0.023924
1.66,0.0185456
1.67,-0.00292458
1.68,-0.0193695
1.69,-0.0214925
1.7,-0.0274272
1.71,-0.0442113
1.72,-0.059618
1.73,-0.0713381
1.74,-0.0762145
1.75,-0.0746097
1.76,-0.0739214
1.77,-0.0585828
1.78,-0.0312241
1.79,-0.0213933
1.8,-0.0316066
1.81,-0.0520627
1.82,-0.0738681
1.83,-0.0829367
1.84,-0.0849728
1.85,-0.0942423
1.86,-0.108686
1.87,-0.128919
1.88,-0.155797
1.89,-0.181604
1.9,-0.204061
1.91,-0.217223
1.92,-0.202792
1.93,-0.160844
1.94,-0.121459
1.95,-0.106876
1.96,-0.1172
1.97,-0.132632
1.98,-0.138916
1.99,-0.134988
2.0,-0.131893
2.01,-0.134664
2.02,-0.133576
2.03,-0.128689
2.04,-0.118472
2.05,-0.0997431
2.06,-0.0670044
2.07,-0.0148079
2.08,0.0619552
2.09,0.170837
2.1,0.291892
2.11,0.397978
2.12,0.478798
2.13,0.536021
2.14,0.560484
2.15,0.517971
2.16,0.394107
2.17,0.198517
2.18,-0.0234685
2.19,-0.224946
2.2,-0.378056
2.21,-0.475127
2.22,-0.533624
2.23,-0.557873
2.24,-0.533157
2.25,-0.467403
2.26,-0.383017
2.27,-0.309929
2.28,-0.256828
2.29,-0.199449
2.3,-0.111394
2.31,0.0138686
2.32,0.154878
2.33,0.283906
2.34,0.376208
2.35,0.42035
2.36,0.425381
2.37,0.408426
2.38,0.387611
2.39,0.369074
2.4,0.348409
2.41,0.332893
2.42,0.33318
2.43,0.352717
2.44,0.387273
2.45,0.429382
2.46,0.47636
2.47,0.521672
2.48,0.54469
2.49,0.522561
2.5,0.461378
2.51,0.388897
2.52,0.325531
2.53,0.270998
2.54,0.213536
2.55,0.144739
2.56,0.0609964
2.57,-0.038077
2.58,-0.144198
2.59,-0.249428
2.6,-0.342089
2.61,-0.394102
2.62,-0.386469
2.63,-0.315787
2.64,-0.193148
2.65,-0.0439233
2.66,0.108276
2.67,0.249224
2.68,0.373309
2.69,0.483637
2.7,0.57286
2.71,0.615515
2.72,0.575069
2.73,0.470645
2.74,0.360858
2.75,0.29466
2.76,0.28632
2.77,0.317238
2.78,0.34781
2.79,0.354427
2.8,0.332041
2.81,0.282057
2.82,0.215867
2.83,0.149791
2.84,0.0964161
2.85,0.0608635
2.86,0.0369202
2.87,0.0135792
2.88,-0.0177827
2.89,-0.054081
2.9,-0.0891178
2.91,-0.124373
2.92,-0.16304
2.93,-0.201858
2.94,-0.239508
2.95,-0.280014
2.96,-0.324066
2.97,-0.368501
2.98,-0.408758
2.99,-0.442894
3.0,-0.475253
3.01,-0.507187
3.02,-0.525581
3.03,-0.533181
3.04,-0.545356
3.05,-0.559546
3.06,-0.570364
3.07,-0.563845
3.08,-0.50937
3.09,-0.394505
3.1,-0.249475
3.11,-0.114312
3.12,-0.0158122
3.13,0.0361412
3.14,0.0416834
3.15,0.00296462
3.16,-0.0694068
3.17,-0.152104
3.18,-0.219094
3.19,-0.261506
3.2,-0.283292
3.21,-0.291418
3.22,-0.295898
3.23,-0.307261
3.24,-0.325698
3.25,-0.344548
3.26,-0.358519
3.27,-0.375075
3.28,-0.401352
3.29,-0.431861
3.3,-0.440663
3.31,-0.397926
3.32,-0.310287
3.33,-0.206317
3.34,-0.12273
3.35,-0.0797351
3.36,-0.074527
3.37,-0.109469
3.38,-0.178086
3.39,-0.241248
3.4,-0.25789
3.41,-0.224998
3.42,-0.148082
3.43,-0.0419264
3.44,0.0692631
3.45,0.152407
3.46,0.199509
3.47,0.224702
3.48,0.244122
3.49,0.267681
3.5,0.298046
3.51,0.332858
3.52,0.360404
3.53,0.370727
3.54,0.369213
3.55,0.370129
3.56,0.390309
3.57,0.437014
3.58,0.498783
3.59,0.544437
3.6,0.549563
3.61,0.50988
3.62,0.434095
3.63,0.341002
3.64,0.250338
3.65,0.176164
3.66,0.12556
3.67,0.100137
3.68,0.0912642
3.69,0.0878937
3.7,0.0859645
3.71,0.0827937
3.72,0.0780721
3.73,0.0791099
3.74,0.0958404
3.75,0.13055
3.76,0.173524
3.77,0.210309
3.78,0.229565
3.79,0.226254
3.8,0.198327
3.81,0.154955
3.82,0.118144
3.83,0.108548
3.84,0.120269
3.85,0.123877
3.86,0.112883
3.87,0.0972198
3.88,0.0827974
3.89,0.0736576
3.9,0.0657721
3.91,0.0487608
3.92,0.0108371
3.93,-0.0440162
3.94,-0.10183
3.95,-0.15354
3.96,-0.195879
3.97,-0.226614
3.98,-0.242663
3.99,-0.242734
4.0,-0.232974
4.01,-0.226808
4.02,-0.229486
4.03,-0.24469
4.04,-0.276232
4.05,-0.320502
4.06,-0.367194
4.07,-0.406089
4.08,-0.428003
4.09,-0.430534
4.1,-0.416116
4.11,-0.389146
4.12,-0.353226
4.13,-0.311481
4.14,-0.275333
4.15,-0.250617
4.16,-0.235716
4.17,-0.21628
4.18,-0.183972
4.19,-0.140873
4.2,-0.0896806
4.21,-0.0399933
4.22,-5.37399E-4
4.23,0.026916
4.24,0.0465374
4.25,0.0583904
4.26,0.0597607
4.27,0.0495411
4.28,0.0318474
4.29,0.0162389
4.3,0.00608621
4.31,3.83897E-5
4.32,0.00462465
4.33,0.025669
4.34,0.0569211
4.35,0.0852025
4.36,0.0989246
4.37,0.0956119
4.38,0.0864244
4.39,0.0839892
4.4,0.0935099
4.41,0.10997
4.42,0.127176
4.43,0.144174
4.44,0.161894
4.45,0.177194
4.46,0.186025
4.47,0.183726
4.48,0.167487
4.49,0.133058
4.5,0.0798267
4.51,0.00863705
4.52,-0.0751754
4.53,-0.163237
4.54,-0.254295
4.55,-0.335179
4.56,-0.377149
4.57,-0.371282
4.58,-0.334135
4.59,-0.286762
4.6,-0.243903
4.61,-0.211624
4.62,-0.171518
4.63,-0.0948651
4.64,0.00602471
4.65,0.109258
4.66,0.211344
4.67,0.316378
4.68,0.412064
4.69,0.471618
4.7,0.484485
4.71,0.462482
4.72,0.430075
4.73,0.411451
4.74,0.417549
4.75,0.436177
4.76,0.438729
4.77,0.403655
4.78,0.332207
4.79,0.244708
4.8,0.169728
4.81,0.131342
4.82,0.134898
4.83,0.158576
4.84,0.174758
4.85,0.176741
4.86,0.173356
4.87,0.170404
4.88,0.165903
4.89,0.163302
4.9,0.166994
4.91,0.175799
4.92,0.185657
4.93,0.193328
4.94,0.197642
4.95,0.19906
4.96,0.200786
4.97,0.204484
4.98,0.207452
4.99,0.201684
5.0,0.180806
5.01,0.146844
5.02,0.110296
5.03,0.0842091
5.04,0.0733519
5.05,0.0745046
5.06,0.0796753
5.07,0.0796652
5.08,0.0699826
5.09,0.0514488
5.1,0.0316447
5.11,0.0159034
5.12,0.00488094
5.13,-0.00740627
5.14,-0.0254197
5.15,-0.0470837
5.16,-0.0723168
5.17,-0.101792
5.18,-0.128351
5.19,-0.147676
5.2,-0.162621
5.21,-0.175116
5.22,-0.183064
5.23,-0.185247
5.24,-0.18849
5.25,-0.197003
5.26,-0.209473
5.27,-0.224424
5.28,-0.239163
5.29,-0.248015
5.3,-0.246911
5.31,-0.239107
5.32,-0.228235
5.33,-0.219809
5.34,-0.220206
5.35,-0.232358
5.36,-0.251943
5.37,-0.27119
5.38,-0.285952
5.39,-0.296293
5.4,-0.301925
5.41,-0.306587
5.42,-0.313182
5.43,-0.322343
5.44,-0.332927
5.45,-0.342712
5.46,-0.349092
5.47,-0.353998
5.48,-0.359937
5.49,-0.364902
5.5,-0.369075
5.51,-0.374446
5.52,-0.38022
5.53,-0.387973
5.54,-0.399893
5.55,-0.41307
5.56,-0.424285
5.57,-0.429714
5.58,-0.422946
5.59,-0.400213
5.6,-0.366582
5.61,-0.330757
5.62,-0.302798
5.63,-0.288593
5.64,-0.287829
5.65,-0.296999
5.66,-0.309383
5.67,-0.316348
5.68,-0.315268
5.69,-0.306772
5.7,-0.292235
5.71,-0.273311
5.72,-0.248902
5.73,-0.215576
5.74,-0.177596
5.75,-0.147504
5.76,-0.131455
5.77,-0.129819
5.78,-0.142331
5.79,-0.166603
5.8,-0.194616
5.81,-0.216367
5.82,-0.227669
5.83,-0.22113
5.84,-0.188489
5.85,-0.132846
5.86,-0.0688026
5.87,-0.0113724
5.88,0.0318075
5.89,0.0633426
5.9,0.0929576
5.91,0.130488
5.92,0.176114
5.93,0.223581
5.94,0.264161
5.95,0.294546
5.96,0.314782
5.97,0.32817
5.98,0.339556
5.99,0.35098
6.0,0.362689
6.01,0.37635
6.02,0.391117
6.03,0.405655
6.04,0.421329
6.05,0.438009
6.06,0.454673
6.07,0.472112
6.08,0.49115
6.09,0.505059
6.1,0.507224
6.11,0.499956
6.12,0.489854
6.13,0.47865
6.14,0.466006
6.15,0.458024
6.16,0.461442
6.17,0.472566
6.18,0.483436
6.19,0.487574
6.2,0.482268
6.21,0.465686
6.22,0.438504
6.23,0.407761
6.24,0.380692
6.25,0.359291
6.26,0.341577
6.27,0.323149
6.28,0.301125
6.29,0.275111
6.3,0.247149
6.31,0.218823
6.32,0.193643
6.33,0.17546
6.34,0.167134
6.35,0.16712
6.36,0.17033
6.37,0.170852
6.38,0.165338
6.39,0.154792
6.4,0.141628
6.41,0.127728
6.42,0.113876
6.43,0.103129
6.44,0.0954567
6.45,0.0898199
6.46,0.0874604
6.47,0.0878371
6.48,0.0911816
6.49,0.099317
6.5,0.111842
6.51,0.123597
6.52,0.127648
6.53,0.115386
6.54,0.0850962
6.55,0.0441495
6.56,0.00329944
6.57,-0.032061
6.58,-0.0584497
6.59,-0.0754126
6.6,-0.085777
6.61,-0.0922662
6.62,-0.096776
6.63,-0.100756
6.64,-0.107694
6.65,-0.119602
6.66,-0.13519
6.67,-0.149645
6.68,-0.159013
6.69,-0.159031
6.7,-0.151278
6.71,-0.142868
6.72,-0.140955
6.73,-0.149398
6.74,-0.162651
6.75,-0.174035
6.76,-0.182118
6.77,-0.187628
6.78,-0.191589
6.79,-0.196127
6.8,-0.204007
6.81,-0.216109
6.82,-0.229321
6.83,-0.240198
6.84,-0.246247
6.85,-0.244193
6.86,-0.232152
6.87,-0.210657
6.88,-0.179866
6.89,-0.141378
6.9,-0.0988396
6.91,-0.0588452
6.92,-0.0271703
6.93,-0.00416917
6.94,0.0117765
6.95,0.0205842
6.96,0.0207058
6.97,0.0144797
6.98,0.00974142
6.99,0.0132302
7.0,0.0294623
7.01,0.0567503
7.02,0.0882528
7.03,0.121822
7.04,0.165265
7.05,0.229115
7.06,0.312118
7.07,0.39324
7.08,0.455453
7.09,0.497906
7.1,0.523743
7.11,0.529913
7.12,0.507998
7.13,0.454467
7.14,0.377644
7.15,0.291357
7.16,0.206507
7.17,0.127867
7.18,0.0614211
7.19,0.010638
7.2,-0.0257921
7.21,-0.0527729
7.22,-0.0773654
7.23,-0.102645
7.24,-0.128812
7.25,-0.15277
7.26,-0.169475
7.27,-0.176075
7.28,-0.173091
7.29,-0.163981
7.3,-0.152686
7.31,-0.141674
7.32,-0.12971
7.33,-0.111303
7.34,-0.0846033
7.35,-0.0518314
7.36,-0.0174688
7.37,0.0112809
7.38,0.0286192
7.39,0.0330685
7.4,0.0272104
7.41,0.0149929
7.42,0.00270678
7.43,-0.00339149
7.44,4.55271E-4
7.45,0.0138694
7.46,0.0273215
7.47,0.0244487
7.48,2.8733E-4
7.49,-0.0408162
7.5,-0.0891817
7.51,-0.134278
7.52,-0.168791
7.53,-0.192535
7.54,-0.207253
7.55,-0.213583
7.56,-0.212678
7.57,-0.20923
7.58,-0.207281
7.59,-0.208303
7.6,-0.210807
7.61,-0.213146
7.62,-0.213441
7.63,-0.208892
7.64,-0.199969
7.65,-0.191171
7.66,-0.190856
7.67,-0.202073
7.68,-0.219484
7.69,-0.241435
7.7,-0.265942
7.71,-0.285187
7.72,-0.295291
7.73,-0.301334
7.74,-0.310192
7.75,-0.32785
7.76,-0.353082
7.77,-0.382721
7.78,-0.42085
7.79,-0.467124
7.8,-0.515401
7.81,-0.552748
7.82,-0.574927
7.83,-0.581047
7.84,-0.566301
7.85,-0.52321
7.86,-0.453446
7.87,-0.364764
7.88,-0.270047
7.89,-0.184505
7.9,-0.118006
7.91,-0.0764577
7.92,-0.0620307
7.93,-0.0699248
7.94,-0.0897558
7.95,-0.109867
7.96,-0.120796
7.97,-0.117064
7.98,-0.0980753
7.99,-0.0685791
8.0,-0.0350869
8.01,-0.00121229
8.02,0.0305649
8.03,0.055147
8.04,0.0689859
8.05,0.0730988
8.06,0.0727427
8.07,0.0725573
8.08,0.0699331
8.09,0.0676441
8.1,0.0709269
8.11,0.0836223
8.12,0.103706
8.13,0.126396
8.14,0.145901
8.15,0.158101
8.16,0.161779
8.17,0.158403
8.18,0.151028
8.19,0.143524
8.2,0.138717
8.21,0.138549
8.22,0.143456
8.23,0.151084
8.24,0.158694
8.25,0.166569
8.26,0.175091
8.27,0.182246
8.28,0.184551
8.29,0.183059
8.3,0.181531
8.31,0.182133
8.32,0.182454
8.33,0.180623
8.34,0.177098
8.35,0.172576
8.36,0.168964
8.37,0.16638
8.38,0.162743
8.39,0.155618
8.4,0.145856
8.41,0.135555
8.42,0.126783
8.43,0.118934
8.44,0.108779
8.45,0.0954023
8.46,0.0822005
8.47,0.0723667
8.48,0.06466
8.49,0.0543361
8.5,0.0407147
8.51,0.0288918
8.52,0.02352
8.53,0.0226351
8.54,0.0216681
8.55,0.0190725
8.56,0.0167468
8.57,0.0168331
8.58,0.0208288
8.59,0.0261229
8.6,0.0300257
8.61,0.0314034
8.62,0.030113
8.63,0.024268
8.64,0.0138859
8.65,3.85057E-4
8.66,-0.0132278
8.67,-0.0229178
8.68,-0.0285902
8.69,-0.0337798
8.7,-0.0399521
8.71,-0.0464057
8.72,-0.0509384
8.73,-0.050614
8.74,-0.0461058
8.75,-0.0387466
8.76,-0.0251521
8.77,-0.00466728
8.78,0.0196426
8.79,0.0422757
8.8,0.0584898
8.81,0.0657066
8.82,0.0681788
8.83,0.0707065
8.84,0.0706903
8.85,0.0674655
8.86,0.0667241
8.87,0.0718744
8.88,0.0814921
8.89,0.0914731
8.9,0.0968423
8.91,0.0944424
8.92,0.0838295
8.93,0.0685208
8.94,0.0538962
8.95,0.0423024
8.96,0.0347071
8.97,0.0347139
8.98,0.041911
8.99,0.050214
9.0,0.0545537
9.01,0.0521085
9.02,0.043137
9.03,0.0339498
9.04,0.029506
9.05,0.0308271
9.06,0.0381156
9.07,0.0487544
9.08,0.0587111
9.09,0.0632829
9.1,0.0585585
9.11,0.0472615
9.12,0.034636
9.13,0.0256969
9.14,0.0243023
9.15,0.0304441
9.16,0.0364361
9.17,0.0362629
9.18,0.0315859
9.19,0.0250455
9.2,0.0175023
9.21,0.0090785
9.22,0.00187635
9.23,-0.00378615
9.24,-0.0118691
9.25,-0.0235487
9.26,-0.0330598
9.27,-0.0356804
9.28,-0.0307136
9.29,-0.0221287
9.3,-0.013741
9.31,-0.00976256
9.32,-0.0134922
9.33,-0.0235487
9.34,-0.0369554
9.35,-0.047207
9.36,-0.0463011
9.37,-0.0314576
9.38,-0.00700432
9.39,0.0192853
9.4,0.0416695
9.41,0.0594832
9.42,0.070723
9.43,0.0745237
9.44,0.0729064
9.45,0.0690649
9.46,0.0666229
9.47,0.0684907
9.48,0.0748325
9.49,0.0860329
9.5,0.100379
9.51,0.115282
9.52,0.128439
9.53,0.136556
9.54,0.137364
9.55,0.128608
9.56,0.110915
9.57,0.0895787
9.58,0.072686
9.59,0.0648578
9.6,0.0667627
9.61,0.0755139
9.62,0.0858407
9.63,0.0900511
9.64,0.0835819
9.65,0.0673942
9.66,0.0491467
9.67,0.0376325
9.68,0.0374202
9.69,0.0456324
9.7,0.0564069
9.71,0.0634732
9.72,0.0630225
9.73,0.0544369
9.74,0.0418994
9.75,0.0289797
9.76,0.019283
9.77,0.0127361
9.78,0.00642414
9.79,8.89751E-4
9.8,-0.00156595
9.81,0.00177317
9.82,0.0101225
9.83,0.0192858
9.84,0.0247823
9.85,0.0248737
9.86,0.0213432
9.87,0.0199311
9.88,0.0250825
9.89,0.0342372
9.9,0.0428626
9.91,0.0513025
9.92,0.0587089
9.93,0.0605803
9.94,0.0582026
9.95,0.0565345
9.96,0.059124
9.97,0.0652356
9.98,0.0710128
9.99,0.0731868
10.0,0.0731471
10.01,0.0753576
10.02,0.0831151
10.03,0.0972275
10.04,0.10963
10.05,0.107995
10.06,0.0902535
10.07,0.0643511
10.08,0.0377302
10.09,0.00750493
10.1,-0.0260712
10.11,-0.0570693
10.12,-0.0794381
10.13,-0.0927922
10.14,-0.0986389
10.15,-0.0983857
10.16,-0.0953951
10.17,-0.0958427
10.18,-0.104363
10.19,-0.120131
10.2,-0.138863
10.21,-0.154548
10.22,-0.16067
10.23,-0.154594
10.24,-0.141497
10.25,-0.133028
10.26,-0.13466
10.27,-0.145605
10.28,-0.164476
10.29,-0.187935
10.3,-0.211278
10.31,-0.227769
10.32,-0.237406
10.33,-0.244202
10.34,-0.251346
10.35,-0.262233
10.36,-0.277822
10.37,-0.296428
10.38,-0.315686
10.39,-0.332296
10.4,-0.339294
10.41,-0.32901
10.42,-0.300038
10.43,-0.254808
10.44,-0.199294
10.45,-0.145604
10.46,-0.105967
10.47,-0.0836143
10.48,-0.0738153
10.49,-0.0691799
10.5,-0.0642057
10.51,-0.0535168
10.52,-0.0366188
10.53,-0.0139775
10.54,0.0107389
10.55,0.0318802
10.56,0.0453156
10.57,0.0508382
10.58,0.049475
10.59,0.0425351
10.6,0.0330207
10.61,0.0246088
10.62,0.0201674
10.63,0.0215514
10.64,0.0270175
10.65,0.0336396
10.66,0.0388246
10.67,0.0401293
10.68,0.0360688
10.69,0.0256022
10.7,0.0127573
10.71,0.00430763
10.72,0.00104508
10.73,2.00025E-4
10.74,-0.00218118
10.75,-0.00823101
10.76,-0.018779
10.77,-0.0321001
10.78,-0.0439373
10.79,-0.0511576
10.8,-0.0530054
10.81,-0.0500688
10.82,-0.0454195
10.83,-0.0419634
10.84,-0.0404074
10.85,-0.0404274
10.86,-0.0384163
10.87,-0.0349677
10.88,-0.0296296
10.89,-0.0244058
10.9,-0.0194057
10.91,-0.0169193
10.92,-0.0170594
10.93,-0.0191476
10.94,-0.0218277
10.95,-0.025605
10.96,-0.0296429
10.97,-0.0318101
10.98,-0.033342
10.99,-0.0337643
11.0,-0.0323917
11.01,-0.0281946
11.02,-0.0195824
11.03,-0.0066144
11.04,0.0110211
11.05,0.0303893
11.06,0.0475239
11.07,0.0605697
11.08,0.0694432
11.09,0.0753474
11.1,0.0791308
11.11,0.0817641
11.12,0.0844392
11.13,0.0872903
11.14,0.0902956
11.15,0.0934183
11.16,0.0963567
11.17,0.0988349
11.18,0.100028
11.19,0.100421
11.2,0.100905
11.21,0.101591
11.22,0.101295
11.23,0.0985639
11.24,0.0944341
11.25,0.0910327
11.26,0.0906335
11.27,0.0944214
11.28,0.102181
11.29,0.112769
11.3,0.12217
11.31,0.12517
11.32,0.119406
11.33,0.107143
11.34,0.0956336
11.35,0.0931715
11.36,0.103605
11.37,0.124641
11.38,0.150458
11.39,0.174024
11.4,0.18893
11.41,0.191291
11.42,0.181968
11.43,0.164042
11.44,0.143786
11.45,0.127356
11.46,0.114212
11.47,0.098502
11.48,0.0771183
11.49,0.0502634
11.5,0.0236462
11.51,4.15659E-4
11.52,-0.0169728
11.53,-0.0253091
11.54,-0.0242463
11.55,-0.0160598
11.56,-0.00480313
11.57,0.00751407
11.58,0.0180601
11.59,0.0257957
11.6,0.0320275
11.61,0.0390532
11.62,0.0485161
11.63,0.0586186
11.64,0.0663194
11.65,0.067031
11.66,0.0598403
11.67,0.0488331
11.68,0.0396362
11.69,0.0357063
11.7,0.0364891
11.71,0.0381517
11.72,0.0370377
11.73,0.0313367
11.74,0.0230295
11.75,0.0157386
11.76,0.0119409
11.77,0.0122983
11.78,0.0149089
11.79,0.0174067
11.8,0.0172064
11.81,0.0135258
11.82,0.00810446
11.83,0.00320696
11.84,6.78487E-4
11.85,2.85582E-4
11.86,9.72114E-4
11.87,6.10386E-4
11.88,-0.00166433
11.89,-0.00576346
11.9,-0.0120403
11.91,-0.020818
11.92,-0.0317925
11.93,-0.0418566
11.94,-0.0473654
11.95,-0.04849
11.96,-0.0481848
11.97,-0.0489246
11.98,-0.0520787
11.99,-0.0588932
12.0,-0.0694818
12.01,-0.0811106
12.02,-0.0902933
12.03,-0.0957671
12.04,-0.100786
12.05,-0.108971
12.06,-0.122461
12.07,-0.140717
12.08,-0.162548
12.09,-0.184743
12.1,-0.205303
12.11,-0.224232
12.12,-0.238161
12.13,-0.245397
12.14,-0.246416
12.15,-0.239228
12.16,-0.220403
12.17,-0.188436
12.18,-0.1465
12.19,-0.101595
12.2,-0.0619537
12.21,-0.0331423
12.22,-0.0152198
12.23,-0.00517213
12.24,0.00144446
12.25,0.00929965
12.26,0.0208682
12.27,0.0353418
12.28,0.0504121
12.29,0.0634386
12.3,0.0737625
12.31,0.0825421
12.32,0.0906606
12.33,0.0973377
12.34,0.100037
12.35,0.0970318
12.36,0.0903484
12.37,0.0825296
12.38,0.0751405
12.39,0.0679717
12.4,0.0615054
12.41,0.0547506
12.42,0.045538
12.43,0.0333658
12.44,0.0199611
12.45,0.00879945
12.46,0.00318768
12.47,0.00507803
12.48,0.0125372
12.49,0.0220273
12.5,0.0301421
12.51,0.0349375
12.52,0.0376068
12.53,0.0401434
12.54,0.0433577
12.55,0.0490503
12.56,0.05731
12.57,0.0681449
12.58,0.0807021
12.59,0.0943804
12.6,0.10818
12.61,0.121076
12.62,0.130762
12.63,0.13462
12.64,0.127991
12.65,0.109872
12.66,0.0829447
12.67,0.0524334
12.68,0.022748
12.69,-0.0039422
12.7,-0.0258535
12.71,-0.0421175
12.72,-0.0532752
12.73,-0.0594952
12.74,-0.061504
12.75,-0.0620433
12.76,-0.0628767
12.77,-0.0635073
12.78,-0.0625295
12.79,-0.0583121
12.8,-0.0516346
12.81,-0.045309
12.82,-0.0411683
12.83,-0.0385352
12.84,-0.0361174
12.85,-0.0315593
12.86,-0.0229124
12.87,-0.00920009
12.88,0.00899154
12.89,0.0261722
12.9,0.0357977
12.91,0.0372756
12.92,0.0340709
12.93,0.0292874
12.94,0.025186
12.95,0.0238723
12.96,0.0241843
12.97,0.0241392
12.98,0.0230233
12.99,0.0206161
13.0,0.015886
13.01,0.00938357
13.02,0.00259447
13.03,-0.00250548
13.04,-0.00642136
13.05,-0.00999172
13.06,-0.0131695
13.07,-0.0147477
13.08,-0.0141126
13.09,-0.0124184
13.1,-0.0101944
13.11,-0.0091165
13.12,-0.0110143
13.13,-0.0158954
13.14,-0.0224446
13.15,-0.028519
13.16,-0.0331783
13.17,-0.0362716
13.18,-0.0378501
13.19,-0.0378968
13.2,-0.0373946
13.21,-0.0375314
13.22,-0.0395483
13.23,-0.0433437
13.24,-0.0478482
13.25,-0.0507566
13.26,-0.0492645
13.27,-0.041055
13.28,-0.0246956
13.29,-0.00374623
13.3,0.0162365
13.31,0.0276271
13.32,0.0266411
13.33,0.0165549
13.34,0.00737267
13.35,0.00535615
13.36,0.0098766
13.37,0.0174122
13.38,0.0260405
13.39,0.034668
13.4,0.043722
13.41,0.0529595
13.42,0.0611244
13.43,0.0661769
13.44,0.0664521
13.45,0.0633336
13.46,0.0573845
13.47,0.0481265
13.48,0.0358023
13.49,0.0209742
13.5,0.00518711
13.51,-0.0103797
13.52,-0.0241664
13.53,-0.0354793
13.54,-0.0434816
13.55,-0.0490074
13.56,-0.0517716
13.57,-0.0517477
13.58,-0.0503931
13.59,-0.0475372
13.6,-0.0425179
13.61,-0.0371905
13.62,-0.0329501
13.63,-0.0287033
13.64,-0.023996
13.65,-0.0198273
13.66,-0.0169203
13.67,-0.0163643
13.68,-0.018329
13.69,-0.0220977
13.7,-0.0277567
13.71,-0.0336395
13.72,-0.0369091
13.73,-0.0362253
13.74,-0.0325169
13.75,-0.0279637
13.76,-0.0236587
13.77,-0.0191489
13.78,-0.014912
13.79,-0.0118351
13.8,-0.0115728
13.81,-0.0142969
13.82,-0.0180435
13.83,-0.0211737
13.84,-0.0225228
13.85,-0.0221432
13.86,-0.0210565
13.87,-0.020259
13.88,-0.0214354
13.89,-0.0259167
13.9,-0.0340818
13.91,-0.0448729
13.92,-0.0557624
13.93,-0.06484
13.94,-0.0718781
13.95,-0.077523
13.96,-0.084465
13.97,-0.0938561
13.98,-0.105688
13.99,-0.11792
14.0,-0.128582
14.01,-0.138387
14.02,-0.145722
14.03,-0.150175
14.04,-0.152858
14.05,-0.155998
14.06,-0.16048
14.07,-0.165594
14.08,-0.167708
14.09,-0.163156
14.1,-0.150963
14.11,-0.132632
14.12,-0.108848
14.13,-0.0814457
14.14,-0.0540518
14.15,-0.0319711
14.16,-0.0184634
14.17,-0.0121518
14.18,-0.00994548
14.19,-0.00918104
14.2,-0.0066035
14.21,-0.00157084
14.22,0.00610268
14.23,0.0150248
14.24,0.023574
14.25,0.0302998
14.26,0.034792
14.27,0.0369732
14.28,0.0371428
14.29,0.0354901
14.3,0.032807
14.31,0.0311251
14.32,0.0311473
14.33,0.032217
14.34,0.0335231
14.35,0.0346123
14.36,0.0354571
14.37,0.0365302
14.38,0.0361272
14.39,0.0332736
14.4,0.0288131
14.41,0.0242105
14.42,0.0209268
14.43,0.0213549
14.44,0.026587
14.45,0.0353382
14.46,0.0440251
14.47,0.0491786
14.48,0.0504514
14.49,0.0491848
14.5,0.0472703
14.51,0.0467663
14.52,0.0496131
14.53,0.0562716
14.54,0.064832
14.55,0.0713623
14.56,0.0746054
14.57,0.0751857
14.58,0.0741398
14.59,0.072676
14.6,0.0721359
14.61,0.0737575
14.62,0.0781897
14.63,0.0831986
14.64,0.0873163
14.65,0.0900509
14.66,0.092332
14.67,0.0950433
14.68,0.0979624
14.69,0.100576
14.7,0.10298
14.71,0.105454
14.72,0.108178
14.73,0.110915
14.74,0.111859
14.75,0.109282
14.76,0.102462
14.77,0.092192
14.78,0.0796833
14.79,0.0681186
14.8,0.0594847
14.81,0.05388
14.82,0.0499215
14.83,0.0452095
14.84,0.0397648
14.85,0.0340158
14.86,0.0274716
14.87,0.0206113
14.88,0.013979
14.89,0.00896739
14.9,0.00579336
14.91,0.00557398
14.92,0.00757958
14.93,0.0093731
14.94,0.009459
14.95,0.0090483
14.96,0.0106452
14.97,0.0146898
14.98,0.019636
14.99,0.0234703
15.0,0.0251099
15.01,0.0247837
15.02,0.0227608
15.03,0.0203192
15.04,0.0204349
15.05,0.0245522
15.06,0.0320257
15.07,0.0397017
15.08,0.043538
15.09,0.0414482
15.1,0.0335154
15.11,0.0212566
15.12,0.00710389
15.13,-0.00579762
15.14,-0.0153609
15.15,-0.0209352
15.16,-0.0240166
15.17,-0.0257914
15.18,-0.0282805
15.19,-0.0319438
15.2,-0.035726
15.21,-0.0384146
15.22,-0.0396161
15.23,-0.0394654
15.24,-0.0377127
15.25,-0.0347758
15.26,-0.0312484
15.27,-0.027879
15.28,-0.0247583
15.29,-0.0203295
15.3,-0.0130415
15.31,-0.00323092
15.32,0.00731755
15.33,0.0158483
15.34,0.0219132
15.35,0.0223235
15.36,0.0178462
15.37,0.0101538
15.38,0.00308855
15.39,-0.00202825
15.4,-0.00348366
15.41,-0.00152292
15.42,0.00158343
15.43,0.00372075
15.44,0.00339725
15.45,0.0012174
15.46,-0.00162061
15.47,-0.0024787
15.48,-0.00133088
15.49,0.00127653
15.5,0.00502655
15.51,0.0079745
15.52,0.00866728
15.53,0.00747411
15.54,0.00518889
15.55,0.00232573
15.56,7.53476E-4
15.57,0.00142803
15.58,0.00364887
15.59,0.00593682
15.6,0.0071783
15.61,0.00517234
15.62,0.00113587
15.63,-0.00309119
15.64,-0.0055072
15.65,-0.00504194
15.66,-0.0018415
15.67,0.00339987
15.68,0.00875064
15.69,0.0133919
15.7,0.0165134
15.71,0.0172779
15.72,0.0163241
15.73,0.0148859
15.74,0.0152984
15.75,0.0201267
15.76,0.0292133
15.77,0.0402036
15.78,0.0487229
15.79,0.0507976
15.8,0.0447252
15.81,0.0326209
15.82,0.0187247
15.83,0.00684473
15.84,-0.00155283
15.85,-0.00615795
15.86,-0.00880449
15.87,-0.0118339
15.88,-0.0164322
15.89,-0.0223255
15.9,-0.0283571
15.91,-0.0327434
15.92,-0.0346737
15.93,-0.0343077
15.94,-0.0342465
15.95,-0.0349343
15.96,-0.0363907
15.97,-0.0374974
15.98,-0.0373865
15.99,-0.0356862
16.0,-0.0326195
16.01,-0.0284207
16.02,-0.0230046
16.03,-0.0166149
16.04,-0.00944101
16.05,-0.00302302
16.06,0.00123503
16.07,0.00222514
16.08,-5.32207E-4
16.09,-0.00532304
16.1,-0.00961009
16.11,-0.0114162
16.12,-0.0101585
16.13,-0.00756254
16.14,-0.0047257
16.15,-0.00463515
16.16,-0.0080272
16.17,-0.0139353
16.18,-0.0210467
16.19,-0.0279912
16.2,-0.0339016
16.21,-0.0387815
16.22,-0.0428054
16.23,-0.0456958
16.24,-0.0473254
16.25,-0.0474417
16.26,-0.0467771
16.27,-0.0461939
16.28,-0.046185
16.29,-0.0469193
16.3,-0.048006
16.31,-0.0492288
16.32,-0.0498878
16.33,-0.0492051
16.34,-0.0477412
16.35,-0.0473944
16.36,-0.0480983
16.37,-0.0504248
16.38,-0.0541566
16.39,-0.0589213
16.4,-0.0637351
16.41,-0.0687765
16.42,-0.074182
16.43,-0.0793999
16.44,-0.0841688
16.45,-0.0894849
16.46,-0.0958149
16.47,-0.102198
16.48,-0.106614
16.49,-0.109072
16.5,-0.108579
16.51,-0.106028
16.52,-0.101726
16.53,-0.0973902
16.54,-0.0931051
16.55,-0.0887762
16.56,-0.0853149
16.57,-0.0818866
16.58,-0.0776522
16.59,-0.0716126
16.6,-0.0631039
16.61,-0.0533999
16.62,-0.0435772
16.63,-0.0358711
16.64,-0.030951
16.65,-0.0292466
16.66,-0.0308572
16.67,-0.0329556
16.68,-0.0318321
16.69,-0.0277167
16.7,-0.0215708
16.71,-0.014168
16.72,-0.00795844
16.73,-0.00418386
16.74,-0.00330203
16.75,-0.00425348
16.76,-0.00403777
16.77,-2.3854E-4
16.78,0.0071828
16.79,0.0174198
16.8,0.0281129
16.81,0.0368714
16.82,0.0416655
16.83,0.0430337
16.84,0.0420838
16.85,0.0409459
16.86,0.0416756
16.87,0.045753
16.88,0.0531919
16.89,0.0612609
16.9,0.067806
16.91,0.0714817
16.92,0.0723638
16.93,0.0718153
16.94,0.0713225
16.95,0.0713249
16.96,0.0720952
16.97,0.0730921
16.98,0.0742143
16.99,0.0746284
17.0,0.0737795
17.01,0.0727187
17.02,0.0726334
17.03,0.0734212
17.04,0.0736111
17.05,0.0706384
17.06,0.0646047
17.07,0.0583733
17.08,0.0548055
17.09,0.0548394
17.1,0.0572178
17.11,0.0592487
17.12,0.0595911
17.13,0.0577862
17.14,0.0560303
17.15,0.0556877
17.16,0.0566241
17.17,0.0578697
17.18,0.0585109
17.19,0.0576822
17.2,0.0554743
17.21,0.0525066
17.22,0.0502689
17.23,0.0503917
17.24,0.0532278
17.25,0.0571892
17.26,0.0601693
17.27,0.0597236
17.28,0.056472
17.29,0.0517084
17.3,0.045937
17.31,0.0402389
17.32,0.0345258
17.33,0.0287907
17.34,0.0230703
17.35,0.0162794
17.36,0.00833096
17.37,-4.71807E-4
17.38,-0.00821593
17.39,-0.0137981
17.4,-0.0163326
17.41,-0.0164053
17.42,-0.0165968
17.43,-0.0181782
17.44,-0.0220576
17.45,-0.0266257
17.46,-0.0305735
17.47,-0.0324257
17.48,-0.0316642
17.49,-0.0294657
17.5,-0.0274457
17.51,-0.0273546
17.52,-0.029351
17.53,-0.0329337
17.54,-0.0357943
17.55,-0.0364791
17.56,-0.0346422
17.57,-0.0309391
17.58,-0.0273828
17.59,-0.0243717
17.6,-0.0228749
17.61,-0.02257
17.62,-0.0222088
17.63,-0.0206681
17.64,-0.0173845
17.65,-0.0137664
17.66,-0.0108044
17.67,-0.00947132
17.68,-0.00942496
17.69,-0.010035
17.7,-0.00964777
17.71,-0.00694767
17.72,-0.00205534
17.73,0.00296315
17.74,0.00621153
17.75,0.00669605
17.76,0.00441049
17.77,0.00188986
17.78,0.00177184
17.79,0.00518116
17.8,0.0109055
17.81,0.0170678
17.82,0.0222681
17.83,0.0254124
17.84,0.0266643
17.85,0.0266581
17.86,0.0268857
17.87,0.0276388
17.88,0.0295508
17.89,0.0323865
17.9,0.0342481
17.91,0.0340584
17.92,0.0322743
17.93,0.0290204
17.94,0.0257808
17.95,0.0234172
17.96,0.0227055
17.97,0.0220195
17.98,0.0201616
17.99,0.0168231
18.0,0.0130443
18.01,0.010335
18.02,0.00978803
18.03,0.0104327
18.04,0.0113481
18.05,0.011916
18.06,0.0111028
18.07,0.0107504
18.08,0.0112338
18.09,0.0124762
18.1,0.0140537
18.11,0.0150683
18.12,0.0145098
18.13,0.0129899
18.14,0.0127395
18.15,0.0150518
18.16,0.0199277
18.17,0.0253779
18.18,0.0281032
18.19,0.0270598
18.2,0.0228975
18.21,0.0191054
18.22,0.0184571
18.23,0.0198446
18.24,0.0230265
18.25,0.0255821
18.26,0.0255272
18.27,0.0225393
18.28,0.0175449
18.29,0.0122509
18.3,0.00715192
18.31,0.00165856
18.32,-0.00486214
18.33,-0.0128684
18.34,-0.0210182
18.35,-0.0282822
18.36,-0.0341659
18.37,-0.0374983
18.38,-0.038575
18.39,-0.038232
18.4,-0.0369338
18.41,-0.0360205
18.42,-0.0348828
18.43,-0.0325703
18.44,-0.0278183
18.45,-0.0216421
18.46,-0.0160442
18.47,-0.0126398
18.48,-0.0129528
18.49,-0.016203
18.5,-0.0203961
18.51,-0.0232717
18.52,-0.0233228
18.53,-0.0210175
18.54,-0.0169939
18.55,-0.0129431
18.56,-0.0102122
18.57,-0.00959156
18.58,-0.0111729
18.59,-0.0124627
18.6,-0.0121927
18.61,-0.00951394
18.62,-0.00551639
18.63,-8.18214E-4
18.64,0.00242229
18.65,0.00268448
18.66,-2.79003E-4
18.67,-0.00535783
18.68,-0.0101548
18.69,-0.0124501
18.7,-0.0114006
18.71,-0.00924517
18.72,-0.00821907
18.73,-0.0101037
18.74,-0.0141111
18.75,-0.0187492
18.76,-0.0224113
18.77,-0.0244673
18.78,-0.0239999
18.79,-0.0212261
18.8,-0.0181348
18.81,-0.0171848
18.82,-0.0184819
18.83,-0.0206756
18.84,-0.0231679
18.85,-0.0245101
18.86,-0.0245066
18.87,-0.0243499
18.88,-0.0245974
18.89,-0.0257817
18.9,-0.0275329
18.91,-0.0295321
18.92,-0.0311265
18.93,-0.0321407
18.94,-0.0322959
18.95,-0.0319234
18.96,-0.0329296
18.97,-0.0358737
18.98,-0.0403596
18.99,-0.0460827
19.0,-0.0521377
19.01,-0.0574177
19.02,-0.06225
19.03,-0.0656695
19.04,-0.0674043
19.05,-0.0684899
19.06,-0.0701368
19.07,-0.0728336
19.08,-0.0758855
19.09,-0.0780941
19.1,-0.0782211
19.11,-0.0759587
19.12,-0.0701138
19.13,-0.0608513
19.14,-0.0503187
19.15,-0.0410539
19.16,-0.0350184
19.17,-0.0313736
19.18,-0.0292703
19.19,-0.0261995
19.2,-0.0200977
19.21,-0.0123236
19.22,-0.00417131
19.23,0.00330566
19.24,0.0103298
19.25,0.0161997
19.26,0.0207739
19.27,0.024534
19.28,0.0279754
19.29,0.030363
19.3,0.0313304
19.31,0.0306766
19.32,0.0295051
19.33,0.0290046
19.34,0.028988
19.35,0.0297591
19.36,0.0310472
19.37,0.0319296
19.38,0.0326755
19.39,0.0331482
19.4,0.0331831
19.41,0.033471
19.42,0.0346021
19.43,0.0367693
19.44,0.0397652
19.45,0.0432173
19.46,0.0463036
19.47,0.0484734
19.48,0.0494768
19.49,0.048891
19.5,0.047169
19.51,0.0456195
19.52,0.0453015
19.53,0.0465221
19.54,0.0491041
19.55,0.0527761
19.56,0.0572932
19.57,0.0615044
19.58,0.0656089
19.59,0.0684541
19.6,0.0715893
19.61,0.0754479
19.62,0.0807835
19.63,0.0869892
19.64,0.0943556
19.65,0.10291
19.66,0.111781
19.67,0.120094
19.68,0.127142
19.69,0.131072
19.7,0.130796
19.71,0.126368
19.72,0.118218
19.73,0.108572
19.74,0.0989478
19.75,0.0902697
19.76,0.0821558
19.77,0.0742397
19.78,0.0666456
19.79,0.0593178
19.8,0.0526992
19.81,0.0472594
19.82,0.0426653
19.83,0.0383202
19.84,0.0333303
19.85,0.026568
19.86,0.0175189
19.87,0.00718639
19.88,-7.55793E-4
19.89,-0.00529939
19.9,-0.00783106
19.91,-0.00948891
19.92,-0.0104307
19.93,-0.0112121
19.94,-0.0123719
19.95,-0.0142955
19.96,-0.0159191
19.97,-0.0173498
19.98,-0.0180807
19.99,-0.0182685
20.0,-0.0184073
20.01,-0.0191492
20.02,-0.0197901
20.03,-0.0194782
20.04,-0.0185261
20.05,-0.0179781
20.06,-0.0191275
20.07,-0.0213066
20.08,-0.0234956
20.09,-0.0256899
20.1,-0.0270796
20.11,-0.0272429
20.12,-0.0265007
20.13,-0.025277
20.14,-0.0248264
20.15,-0.0256777
20.16,-0.0276721
20.17,-0.029309
20.18,-0.0301651
20.19,-0.0302289
20.2,-0.0300242
20.21,-0.0298687
20.22,-0.0299543
20.23,-0.0314127
20.24,-0.0343618
20.25,-0.0380747
20.26,-0.0406521
20.27,-0.042809
20.28,-0.0458162
20.29,-0.0497918
20.3,-0.0540128
20.31,-0.0581892
20.32,-0.0619999
20.33,-0.0649661
20.34,-0.0660445
20.35,-0.0657378
20.36,-0.0647567
20.37,-0.0645875
20.38,-0.0650335
20.39,-0.0664721
20.4,-0.068388
20.41,-0.0694958
20.42,-0.0695586
20.43,-0.0680137
20.44,-0.0661709
20.45,-0.0637145
20.46,-0.0616478
20.47,-0.0602257
20.48,-0.0594205
20.49,-0.0588809
20.5,-0.058099
20.51,-0.0563656
20.52,-0.0543056
20.53,-0.0515828
20.54,-0.0489187
20.55,-0.0462143
20.56,-0.0433911
20.57,-0.040945
20.58,-0.0388361
20.59,-0.036909
20.6,-0.0343226
20.61,-0.0306257
20.62,-0.0265614
20.63,-0.0234255
20.64,-0.0215485
20.65,-0.0207791
20.66,-0.0188795
20.67,-0.0159436
20.68,-0.0114943
20.69,-0.00684164
20.7,-0.00371005
20.71,-0.00204413
20.72,-0.0013481
20.73,-6.41477E-4
20.74,6.45593E-4
20.75,0.00310032
20.76,0.00644107
20.77,0.0105984
20.78,0.0142844
20.79,0.0163433
20.8,0.0169314
20.81,0.0165923
20.82,0.0162435
20.83,0.0161369
20.84,0.0173362
20.85,0.0192507
20.86,0.0212627
20.87,0.022856
20.88,0.0230706
20.89,0.0220839
20.9,0.0201466
20.91,0.0183824
20.92,0.0175635
20.93,0.0176433
20.94,0.0183661
20.95,0.0192433
20.96,0.0196382
20.97,0.0202932
20.98,0.0210304
20.99,0.0217526
21.0,0.0217251
21.01,0.021558
21.02,0.0215922
21.03,0.0219124
21.04,0.0224532
21.05,0.0231014
21.06,0.0235561
21.07,0.0239651
21.08,0.0241239
21.09,0.0236974
21.1,0.0230709
21.11,0.0219566
21.12,0.0211611
21.13,0.0211698
21.14,0.0219038
21.15,0.0233062
21.16,0.0248632
21.17,0.0253906
21.18,0.025475
21.19,0.0251701
21.2,0.0255848
21.21,0.0265425
21.22,0.0278197
21.23,0.0286718
21.24,0.0290428
21.25,0.0284453
21.26,0.0272722
21.27,0.0260836
21.28,0.0260735
21.29,0.0273564
21.3,0.0291342
21.31,0.0309972
21.32,0.0319064
21.33,0.0321432
21.34,0.0311881
21.35,0.0291992
21.36,0.0272151
21.37,0.025484
21.38,0.0245538
21.39,0.0250625
21.4,0.0252918
21.41,0.0242255
21.42,0.0210812
21.43,0.0169725
21.44,0.0131747
21.45,0.0101594
21.46,0.00922899
21.47,0.00965217
21.48,0.0104301
21.49,0.00960707
21.5,0.00761829
21.51,0.00550677
21.52,0.00389428
21.53,0.00273304
21.54,0.00205521
21.55,0.00204584
21.56,0.00231849
21.57,0.00241046
21.58,0.00279966
21.59,0.0035513
21.6,0.00437554
21.61,0.00513096
21.62,0.00526639
21.63,0.00481371
21.64,0.00414868
21.65,0.00382055
21.66,0.00394455
21.67,0.00469561
21.68,0.00507014
21.69,0.00511161
21.7,0.00440802
21.71,0.00292127
21.72,0.00109778
21.73,-6.98114E-4
21.74,-0.00214469
21.75,-0.00331299
21.76,-0.0043547
21.77,-0.00536852
21.78,-0.00593468
21.79,-0.0065311
21.8,-0.00717971
21.81,-0.0083345
21.82,-0.00976655
21.83,-0.0105754
21.84,-0.00983567
21.85,-0.00783425
21.86,-0.00534947
21.87,-0.00255182
21.88,-4.17314E-4
21.89,5.89441E-4
21.9,9.84407E-4
21.91,0.00134718
21.92,0.00228222
21.93,0.00422741
21.94,0.00686834
21.95,0.00893594
21.96,0.00978866
21.97,0.00911142
21.98,0.00752455
21.99,0.00640116
22.0,0.00631242
22.01,0.00731847
22.02,0.0089043
22.03,0.00987354
22.04,0.00938854
22.05,0.00767275
22.06,0.00503411
22.07,0.00278001
22.08,0.0014836
22.09,0.00119734
22.1,0.00115686
22.11,6.80704E-4
22.12,-4.56263E-4
22.13,-0.00245634
22.14,-0.00466341
22.15,-0.00550619
22.16,-0.00451154
22.17,-0.00329237
22.18,-0.0022795
22.19,-0.00221129
22.2,-0.00259313
22.21,-0.0021847
22.22,-7.82162E-4
22.23,0.0013905
22.24,0.00421715
22.25,0.00637799
22.26,0.00792054
22.27,0.00836071
22.28,0.00859177
22.29,0.0090989
22.3,0.0102153
22.31,0.0113671
22.32,0.0126106
22.33,0.0132071
22.34,0.012353
22.35,0.0104416
22.36,0.00772333
22.37,0.00487849
22.38,0.00172659
22.39,-8.95176E-4
22.4,-0.00369062
22.41,-0.00591125
22.42,-0.0084121
22.43,-0.011831
22.44,-0.0158374
22.45,-0.0195464
22.46,-0.0227313
22.47,-0.0256855
22.48,-0.0290794
22.49,-0.033245
22.5,-0.03778
22.51,-0.0410527
22.52,-0.0422391
22.53,-0.0418481
22.54,-0.0408168
22.55,-0.0396932
22.56,-0.0393473
22.57,-0.0398705
22.58,-0.0404136
22.59,-0.040545
22.6,-0.039553
22.61,-0.0375884
22.62,-0.0353528
22.63,-0.0336396
22.64,-0.0322764
22.65,-0.0316307
22.66,-0.0312219
22.67,-0.0303583
22.68,-0.0293382
22.69,-0.0282171
22.7,-0.0281853
22.71,-0.0287457
22.72,-0.029734
22.73,-0.0308977
22.74,-0.0314623
22.75,-0.0309079
22.76,-0.0293789
22.77,-0.0276386
22.78,-0.0266407
22.79,-0.0265412
22.8,-0.027168
22.81,-0.0279566
22.82,-0.0285266
22.83,-0.0285942
22.84,-0.0280695
22.85,-0.0272238
22.86,-0.0262932
22.87,-0.0255258
22.88,-0.0254061
22.89,-0.0265396
22.9,-0.0284396
22.91,-0.0306121
22.92,-0.0318959
22.93,-0.0318681
22.94,-0.0300166
22.95,-0.0271563
22.96,-0.0244149
22.97,-0.0225098
22.98,-0.0219977
22.99,-0.0224016
23.0,-0.0223217
23.01,-0.0208624
23.02,-0.0183453
23.03,-0.0149607
23.04,-0.0112669
23.05,-0.00819385
23.06,-0.00644858
23.07,-0.006182
23.08,-0.00703576
23.09,-0.00849473
23.1,-0.0100688
23.11,-0.00981767
23.12,-0.00889976
23.13,-0.00744762
23.14,-0.00601462
23.15,-0.00525352
23.16,-0.00555577
23.17,-0.00740189
23.18,-0.00967306
23.19,-0.0114238
23.2,-0.0122977
23.21,-0.0125463
23.22,-0.0118953
23.23,-0.011206
23.24,-0.0106708
23.25,-0.0105876
23.26,-0.0103033
23.27,-0.0093509
23.28,-0.00698949
23.29,-0.00348921
23.3,-2.23625E-4
23.31,0.00242699
23.32,0.00468512
23.33,0.00701025
23.34,0.0102604
23.35,0.0139653
23.36,0.0175248
23.37,0.0205986
23.38,0.0230941
23.39,0.0245628
23.4,0.0253254
23.41,0.0259496
23.42,0.0274027
23.43,0.0289755
23.44,0.0305444
23.45,0.031496
23.46,0.0320945
23.47,0.0323353
23.48,0.0319522
23.49,0.0309876
23.5,0.0296117
23.51,0.0278019
23.52,0.025853
23.53,0.0238603
23.54,0.022372
23.55,0.0218914
23.56,0.0225283
23.57,0.0239785
23.58,0.0249915
23.59,0.0254257
23.6,0.0252116
23.61,0.0243939
23.62,0.023649
23.63,0.0240176
23.64,0.0255902
23.65,0.0281707
23.66,0.0309717
23.67,0.0334498
23.68,0.03438
23.69,0.0346099
23.7,0.0351633
23.71,0.0361219
23.72,0.0385954
23.73,0.0416951
23.74,0.0448515
23.75,0.0468915
23.76,0.0474518
23.77,0.0465936
23.78,0.0445883
23.79,0.0419966
23.8,0.038849
23.81,0.0354856
23.82,0.0320695
23.83,0.0287169
23.84,0.0254819
23.85,0.0224629
23.86,0.0201078
23.87,0.0178455
23.88,0.014732
23.89,0.0110562
23.9,0.00863826
23.91,0.00735308
23.92,0.00725202
23.93,0.00800204
23.94,0.00876351
23.95,0.00971758
23.96,0.00973863
23.97,0.00891703
23.98,0.00753162
23.99,0.00554088
24.0,0.00397344
24.01,0.00363191
24.02,0.00431552
24.03,0.00592756
24.04,0.00760856
24.05,0.00871711
24.06,0.0089937
24.07,0.00862435
24.08,0.00792264
24.09,0.00733185
24.1,0.0076966
24.11,0.00794175
24.12,0.00768753
24.13,0.00713609
24.14,0.00584757
24.15,0.00378829
24.16,0.00115984
24.17,-0.00166398
24.18,-0.00352479
24.19,-0.00469869
24.2,-0.00528404
24.21,-0.00523214
24.22,-0.0043637
24.23,-0.00294818
24.24,-0.00166889
24.25,-1.39459E-4
24.26,0.00174051
24.27,0.00302805
24.28,0.003874
24.29,0.00378576
24.3,0.00402984
24.31,0.00524866
24.32,0.00731331
24.33,0.00958506
24.34,0.0114563
24.35,0.0121575
24.36,0.0115713
24.37,0.0105597
24.38,0.00963969
24.39,0.00887585
24.4,0.00845423
24.41,0.00822776
24.42,0.00804767
24.43,0.0074482
24.44,0.00584058
24.45,0.0035399
24.46,9.41448E-4
24.47,-0.00116919
24.48,-0.00248817
24.49,-0.00334625
24.5,-0.00391291
24.51,-0.00423489
24.52,-0.0043579
24.53,-0.0044737
24.54,-0.00492234
24.55,-0.00605633
24.56,-0.00759393
24.57,-0.00943776
24.58,-0.0107779
24.59,-0.0109462
24.6,-0.0107059
24.61,-0.0099443
24.62,-0.00929551
24.63,-0.00943195
24.64,-0.00970311
24.65,-0.0102988
24.66,-0.0101623
24.67,-0.00968837
24.68,-0.00919261
24.69,-0.00903235
24.7,-0.0090567
24.71,-0.00973206
24.72,-0.0111034
24.73,-0.0126853
24.74,-0.013969
24.75,-0.0148295
24.76,-0.0153234
24.77,-0.0153908
24.78,-0.0159275
24.79,-0.0177543
24.8,-0.0208283
24.81,-0.0236979
24.82,-0.0254454
24.83,-0.0253841
24.84,-0.0243358
24.85,-0.0244507
24.86,-0.0255331
24.87,-0.0275898
24.88,-0.0295855
24.89,-0.0303752
24.9,-0.0302122
24.91,-0.0293979
24.92,-0.0287002
24.93,-0.0279421
24.94,-0.0284921
24.95,-0.0299013
24.96,-0.0313828
24.97,-0.0318051
24.98,-0.0305837
24.99,-0.02918
25.0,-0.0273604
25.01,-0.0252162
25.02,-0.0234026
25.03,-0.0223662
25.04,-0.0220249
25.05,-0.0221032
25.06,-0.022284
25.07,-0.0226482
25.08,-0.022855
25.09,-0.0230091
25.1,-0.0230707
25.11,-0.0221512
25.12,-0.0209501
25.13,-0.0198571
25.14,-0.0186385
25.15,-0.0166704
25.16,-0.0138265
25.17,-0.0108419
25.18,-0.00739356
25.19,-0.00356332
25.2,2.07087E-4
25.21,0.00374314
25.22,0.00669552
25.23,0.00912202
25.24,0.0116882
25.25,0.0143303
25.26,0.0167746
25.27,0.0188801
25.28,0.0200063
25.29,0.0201041
25.3,0.0197757
25.31,0.0197813
25.32,0.0201867
25.33,0.0206219
25.34,0.0210441
25.35,0.0219546
25.36,0.0235287
25.37,0.0249742
25.38,0.0260289
25.39,0.0266351
25.4,0.0262852
25.41,0.0255816
25.42,0.0246995
25.43,0.0242079
25.44,0.0242192
25.45,0.024995
25.46,0.0257508
25.47,0.0260094
25.48,0.0259003
25.49,0.025054
25.5,0.0237672
25.51,0.0221831
25.52,0.0207347
25.53,0.0195331
25.54,0.0180966
25.55,0.0162194
25.56,0.0137024
25.57,0.0104452
25.58,0.00742101
25.59,0.00460805
25.6,0.00252093
25.61,6.06396E-4
25.62,-0.00112132
25.63,-0.00273383
25.64,-0.00454091
25.65,-0.00694949
25.66,-0.00889592
25.67,-0.0104259
25.68,-0.0112462
25.69,-0.0111937
25.7,-0.0103651
25.71,-0.00903952
25.72,-0.00857508
25.73,-0.00853593
25.74,-0.00859845
25.75,-0.00886255
25.76,-0.00869471
25.77,-0.00815183
25.78,-0.00719318
25.79,-0.00576148
25.8,-0.00503305
25.81,-0.00485802
25.82,-0.00532997
25.83,-0.00581135
25.84,-0.00621155
25.85,-0.00582306
25.86,-0.00492227
25.87,-0.00474369
25.88,-0.00534538
25.89,-0.0075876
25.9,-0.0110588
25.91,-0.0144737
25.92,-0.0167964
25.93,-0.0179585
25.94,-0.0183678
25.95,-0.0189526
25.96,-0.0206297
25.97,-0.0237468
25.98,-0.0279438
25.99,-0.031629
26.0,-0.0333383
26.01,-0.0327732
26.02,-0.0304288
26.03,-0.0279283
26.04,-0.026138
26.05,-0.0261421
26.06,-0.0271749
26.07,-0.0274888
26.08,-0.0269993
26.09,-0.0258077
26.1,-0.0243135
26.11,-0.0231767
26.12,-0.0226982
26.13,-0.022549
26.14,-0.0215055
26.15,-0.0194831
26.16,-0.0165707
26.17,-0.0132336
26.18,-0.0104727
26.19,-0.00881771
26.2,-0.00787967
26.21,-0.00691685
26.22,-0.00564964
26.23,-0.00405307
26.24,-0.00229772
26.25,-1.69058E-5
26.26,0.00211735
26.27,0.00385707
26.28,0.0047909
26.29,0.00489591
26.3,0.00508479
26.31,0.00525075
26.32,0.00573353
26.33,0.00662273
26.34,0.00798647
26.35,0.00908289
26.36,0.00978523
26.37,0.00964628
26.38,0.00977744
26.39,0.0107255
26.4,0.0122035
26.41,0.014815
26.42,0.0175238
26.43,0.0194801
26.44,0.0203308
26.45,0.0200989
26.46,0.0198538
26.47,0.0202704
26.48,0.0216262
26.49,0.0235245
26.5,0.0253557
26.51,0.0259837
26.52,0.025476
26.53,0.0245799
26.54,0.0239186
26.55,0.0241588
26.56,0.025834
26.57,0.028365
26.58,0.0306323
26.59,0.0315634
26.6,0.0306118
26.61,0.0287853
26.62,0.0269075
26.63,0.0260402
26.64,0.0265381
26.65,0.0280236
26.66,0.0288214
26.67,0.0284381
26.68,0.0271964
26.69,0.0253716
26.7,0.0242055
26.71,0.0245243
26.72,0.0260585
26.73,0.0284646
26.74,0.0308462
26.75,0.0322528
26.76,0.0322201
26.77,0.0308096
26.78,0.0281557
26.79,0.0246675
26.8,0.0212532
26.81,0.0170145
26.82,0.0120444
26.83,0.00637646
26.84,5.92093E-4
26.85,-0.00507563
26.86,-0.00980874
26.87,-0.0129725
26.88,-0.0139188
26.89,-0.0134014
26.9,-0.0120555
26.91,-0.0113377
26.92,-0.0110886
26.93,-0.0105909
26.94,-0.0102953
26.95,-0.00975478
26.96,-0.00899589
26.97,-0.00817847
26.98,-0.00793496
26.99,-0.00855634
27.0,-0.0105607
27.01,-0.0134059
27.02,-0.0155794
27.03,-0.0171539
27.04,-0.0171621
27.05,-0.0162448
27.06,-0.0152912
27.07,-0.0155092
27.08,-0.0165689
27.09,-0.01825
27.1,-0.0197079
27.11,-0.020287
27.12,-0.0195709
27.13,-0.0184104
27.14,-0.0177985
27.15,-0.0182646
27.16,-0.0200126
27.17,-0.022368
27.18,-0.024209
27.19,-0.0249641
27.2,-0.024835
27.21,-0.0242009
27.22,-0.0232947
27.23,-0.0233463
27.24,-0.0244026
27.25,-0.0257427
27.26,-0.0271036
27.27,-0.027537
27.28,-0.0277041
27.29,-0.0278554
27.3,-0.0282231
27.31,-0.0285042
27.32,-0.0295396
27.33,-0.0305024
27.34,-0.0304994
27.35,-0.0292204
27.36,-0.0273437
27.37,-0.0254916
27.38,-0.0227702
27.39,-0.0194786
27.4,-0.015303
27.41,-0.0100917
27.42,-0.00562601
27.43,-9.98827E-4
27.44,0.00306594
27.45,0.00687431
27.46,0.0105052
27.47,0.0140594
27.48,0.0178295
27.49,0.0208848
27.5,0.0230591
27.51,0.0239375
27.52,0.0233082
27.53,0.0229631
27.54,0.0233459
27.55,0.0244572
27.56,0.0261869
27.57,0.0274228
27.58,0.0279447
27.59,0.0275879
27.6,0.0267371
27.61,0.02611
27.62,0.0260444
27.63,0.0261991
27.64,0.0264534
27.65,0.0265657
27.66,0.0259423
27.67,0.0248795
27.68,0.0241568
27.69,0.0230989
27.7,0.0218259
27.71,0.0204805
27.72,0.0190125
27.73,0.0175992
27.74,0.0163524
27.75,0.015039
27.76,0.0136908
27.77,0.0123744
27.78,0.0116255
27.79,0.0107993
27.8,0.0104364
27.81,0.010262
27.82,0.0103489
27.83,0.00972351
27.84,0.00850943
27.85,0.00760178
27.86,0.00745796
27.87,0.00742785
27.88,0.00722668
27.89,0.00696774
27.9,0.00640972
27.91,0.00584546
27.92,0.00477292
27.93,0.00318381
27.94,0.00151369
27.95,-1.21613E-4
27.96,-0.00173544
27.97,-0.00385354
27.98,-0.00585477
27.99,-0.00757845
28.0,-0.00909489
28.01,-0.0106862
28.02,-0.0121148
28.03,-0.0130895
28.04,-0.0133112
28.05,-0.0131224
28.06,-0.0128853
28.07,-0.0135132
28.08,-0.0147478
28.09,-0.0157573
28.1,-0.0164551
28.11,-0.0167942
28.12,-0.0173378
28.13,-0.0174343
28.14,-0.0178531
28.15,-0.0184682
28.16,-0.019007
28.17,-0.01893
28.18,-0.0180048
28.19,-0.0165301
28.2,-0.014767
28.21,-0.0135845
28.22,-0.0122671
28.23,-0.0108919
28.24,-0.00872274
28.25,-0.00637416
28.26,-0.00388012
28.27,-0.00122893
28.28,0.00168882
28.29,0.00430339
28.3,0.00708531
28.31,0.00960434
28.32,0.0119814
28.33,0.0138778
28.34,0.0157678
28.35,0.0171109
28.36,0.0176807
28.37,0.0177535
28.38,0.0174993
28.39,0.0171563
28.4,0.0164952
28.41,0.0160145
28.42,0.0159556
28.43,0.016452
28.44,0.0170296
28.45,0.01717
28.46,0.0169111
28.47,0.0164239
28.48,0.0166014
28.49,0.017361
28.5,0.0186773
28.51,0.0203543
28.52,0.021874
28.53,0.0225286
28.54,0.0223439
28.55,0.0216357
28.56,0.0208601
28.57,0.0203771
28.58,0.0207903
28.59,0.0212727
28.6,0.0208806
28.61,0.0203904
28.62,0.020223
28.63,0.0201914
28.64,0.0210161
28.65,0.0224591
28.66,0.0238449
28.67,0.0246928
28.68,0.0246482
28.69,0.0236017
28.7,0.0223661
28.71,0.0215357
28.72,0.0212805
28.73,0.0203847
28.74,0.0182269
28.75,0.0146155
28.76,0.00932535
28.77,0.00359663
28.78,-0.00179923
28.79,-0.00621427
28.8,-0.0103245
28.81,-0.0139667
28.82,-0.0171805
28.83,-0.0199488
28.84,-0.0222097
28.85,-0.02444
28.86,-0.0254316
28.87,-0.0250427
28.88,-0.0236138
28.89,-0.0221448
28.9,-0.0205768
28.91,-0.0190386
28.92,-0.0178492
28.93,-0.0167811
28.94,-0.0159698
28.95,-0.015308
28.96,-0.0142703
28.97,-0.0129096
28.98,-0.0116873
28.99,-0.0109756
29.0,-0.00977277
29.01,-0.00915677
29.02,-0.00927709
29.03,-0.00938863
29.04,-0.00929753
29.05,-0.00975258
29.06,-0.00924898
29.07,-0.00911331
29.08,-0.00941572
29.09,-0.0102416
29.1,-0.0112979
29.11,-0.0118697
29.12,-0.011745
29.13,-0.011609
29.14,-0.0108045
29.15,-0.0109164
29.16,-0.0122758
29.17,-0.01375
29.18,-0.0158267
29.19,-0.0168709
29.2,-0.01684
29.21,-0.0161069
29.22,-0.015337
29.23,-0.0151618
29.24,-0.0150938
29.25,-0.0153204
29.26,-0.0156265
29.27,-0.015951
29.28,-0.0162136
29.29,-0.0161627
29.3,-0.0161916
29.31,-0.0169433
29.32,-0.0187421
29.33,-0.021314
29.34,-0.0235798
29.35,-0.025035
29.36,-0.0249575
29.37,-0.0240073
29.38,-0.0232125
29.39,-0.0231229
29.4,-0.0232184
29.41,-0.0231341
29.42,-0.0218885
29.43,-0.0192723
29.44,-0.0164279
29.45,-0.0133552
29.46,-0.0108791
29.47,-0.0091851
29.48,-0.00866737
29.49,-0.00821611
29.5,-0.00717258
29.51,-0.00526355
29.52,-0.00311964
29.53,-0.00170452
29.54,-0.00154716
29.55,-0.00217413
29.56,-0.00303467
29.57,-0.00370974
29.58,-0.00355164
29.59,-0.00252408
29.6,-0.00108399
29.61,-3.97747E-4
29.62,7.15921E-5
29.63,1.89898E-4
29.64,5.03334E-4
29.65,0.00129636
29.66,0.00234246
29.67,0.00413776
29.68,0.00647309
29.69,0.00867035
29.7,0.00994451
29.71,0.0108459
29.72,0.0111905
29.73,0.0120165
29.74,0.0125259
29.75,0.0135252
29.76,0.0149452
29.77,0.0160237
29.78,0.0163267
29.79,0.0163387
29.8,0.0160338
29.81,0.0153131
29.82,0.0150412
29.83,0.0150126
29.84,0.0153194
29.85,0.0153987
29.86,0.0152058
29.87,0.0148958
29.88,0.0146233
29.89,0.0134967
29.9,0.0117566
29.91,0.00936787
29.92,0.0067414
29.93,0.00410776
29.94,0.00235894
29.95,0.00150713
29.96,0.00105473
29.97,8.67465E-4
29.98,7.23099E-4
29.99,5.151E-4
30.0,6.49755E-4
30.01,0.00160569
30.02,0.00305948
30.03,0.00476502
30.04,0.00620676
30.05,0.00662497
30.06,0.00589199
30.07,0.00461675
30.08,0.00358078
30.09,0.00371018
30.1,0.00460962
30.11,0.00546676
30.12,0.00609985
30.13,0.00633389
30.14,0.00637894
30.15,0.00610421
30.16,0.0057298
30.17,0.00529569
30.18,0.00483307
30.19,0.00385775
30.2,0.00256525
30.21,0.00118723
30.22,2.82247E-4
30.23,-2.0654E-4
30.24,-3.18626E-4
30.25,-4.68689E-4
30.26,-3.63142E-4
30.27,-6.26556E-4
30.28,-0.00157783
30.29,-0.00262521
30.3,-0.00284279
30.31,-0.00145992
30.32,0.00126858
30.33,0.00411747
30.34,0.00629217
30.35,0.00687429
30.36,0.00681477
30.37,0.00655907
30.38,0.00708316
30.39,0.0087395
30.4,0.0113295
30.41,0.013439
30.42,0.0149262
30.43,0.0154436
30.44,0.0153975
30.45,0.0152993
30.46,0.0162468
30.47,0.0178984
30.48,0.0193451
30.49,0.0205755
30.5,0.0213554
30.51,0.0219263
30.52,0.0227516
30.53,0.0235003
30.54,0.0240181
30.55,0.0238811
30.56,0.0234714
30.57,0.0227411
30.58,0.0225891
30.59,0.0224904
30.6,0.0218427
30.61,0.020462
30.62,0.0186207
30.63,0.0168626
30.64,0.0159278
30.65,0.0161219
30.66,0.0164574
30.67,0.0159179
30.68,0.0141996
30.69,0.0115929
30.7,0.00905258
30.71,0.00713998
30.72,0.0063955
30.73,0.00546019
30.74,0.00448414
30.75,0.00315838
30.76,0.00174104
30.77,3.40393E-4
30.78,-6.49831E-4
30.79,-0.00108246
30.8,-0.00106127
30.81,-0.00111207
30.82,-0.00196374
30.83,-0.00315784
30.84,-0.00452424
30.85,-0.00550303
30.86,-0.00632048
30.87,-0.00750342
30.88,-0.00943787
30.89,-0.0120683
30.9,-0.0145754
30.91,-0.0165566
30.92,-0.0175836
30.93,-0.0182388
30.94,-0.0185614
30.95,-0.0193053
30.96,-0.0212844
30.97,-0.0237206
30.98,-0.0258028
30.99,-0.0266122
31.0,-0.0264248
31.01,-0.0256264
31.02,-0.0255156
31.03,-0.0268214
31.04,-0.0286922
31.05,-0.0304147
31.06,-0.0313608
31.07,-0.0312347
31.08,-0.0304766
31.09,-0.0299456
31.1,-0.0297939
31.11,-0.0298184
31.12,-0.0296152
31.13,-0.0290792
31.14,-0.0274931
31.15,-0.0251605
31.16,-0.0227693
31.17,-0.0207749
31.18,-0.0194654
31.19,-0.0186363
31.2,-0.0179161
31.21,-0.0169945
31.22,-0.0157796
31.23,-0.0145648
31.24,-0.0141033
31.25,-0.0146071
31.26,-0.0159898
31.27,-0.0179685
31.28,-0.0197403
31.29,-0.0208818
31.3,-0.0215823
31.31,-0.0215991
31.32,-0.0216442
31.33,-0.0218385
31.34,-0.021806
31.35,-0.0207866
31.36,-0.0188353
31.37,-0.0166719
31.38,-0.0144733
31.39,-0.0131325
31.4,-0.0126344
31.41,-0.0124328
31.42,-0.0115963
31.43,-0.0098649
31.44,-0.00782777
31.45,-0.00549035
31.46,-0.00351164
31.47,-0.00214914
31.48,-8.53938E-4
31.49,2.45208E-4
31.5,0.0015291
31.51,0.00328996
31.52,0.00527282
31.53,0.00742995
31.54,0.00923619
31.55,0.010983
31.56,0.0127747
31.57,0.0142808
31.58,0.0158536
31.59,0.0168131
31.6,0.0176557
31.61,0.018381
31.62,0.0193724
31.63,0.0205642
31.64,0.0213415
31.65,0.0220355
31.66,0.0226894
31.67,0.0227614
31.68,0.0228148
31.69,0.0229401
31.7,0.0232015
31.71,0.0234978
31.72,0.0236437
31.73,0.0237616
31.74,0.0237444
31.75,0.0235986
31.76,0.023158
31.77,0.0224382
31.78,0.0216583
31.79,0.0212926
31.8,0.021514
31.81,0.0216801
31.82,0.0215425
31.83,0.0208899
31.84,0.0198735
31.85,0.0190672
31.86,0.0187365
31.87,0.0186817
31.88,0.0184553
31.89,0.017544
31.9,0.0164224
31.91,0.0147518
31.92,0.0128969
31.93,0.0110365
31.94,0.00915289
31.95,0.00726623
31.96,0.00510448
31.97,0.00243222
31.98,-4.9177E-4
31.99,-0.00298061
32.0,-0.00460872
32.01,-0.00544679
32.02,-0.00565509
32.03,-0.00556812
32.04,-0.00606433
32.05,-0.00724739
32.06,-0.00895162
32.07,-0.01041
32.08,-0.011264
32.09,-0.0110757
32.1,-0.0102903
32.11,-0.00923583
32.12,-0.0085306
32.13,-0.00780472
32.14,-0.00736393
32.15,-0.00697023
32.16,-0.00634606
32.17,-0.00571714
32.18,-0.00479686
32.19,-0.00435118
32.2,-0.00420927
32.21,-0.00455558
32.22,-0.00540679
32.23,-0.00651284
32.24,-0.00762883
32.25,-0.00874657
32.26,-0.00937111
32.27,-0.00975899
32.28,-0.0101492
32.29,-0.0103188
32.3,-0.0100459
32.31,-0.00973582
32.32,-0.00950143
32.33,-0.0092091
32.34,-0.00897693
32.35,-0.00927618
32.36,-0.00991898
32.37,-0.0107584
32.38,-0.0120101
32.39,-0.0127816
32.4,-0.0136442
32.41,-0.0147043
32.42,-0.0150955
32.43,-0.0156141
32.44,-0.015502
32.45,-0.0153035
32.46,-0.0149416
32.47,-0.0142425
32.48,-0.0134961
32.49,-0.0123216
32.5,-0.0111746
32.51,-0.0100916
32.52,-0.00942662
32.53,-0.00902489
32.54,-0.0084879
32.55,-0.00815373
32.56,-0.00745197
32.57,-0.00581246
32.58,-0.00382188
32.59,-0.00182075
32.6,2.41413E-5
32.61,0.00145973
32.62,0.00259013
32.63,0.00381293
32.64,0.00563695
32.65,0.00783569
32.66,0.00970378
32.67,0.0107481
32.68,0.0109931
32.69,0.0110395
32.7,0.011715
32.71,0.0125745
32.72,0.0135806
32.73,0.0146465
32.74,0.015897
32.75,0.0164131
32.76,0.0167024
32.77,0.0165241
32.78,0.0166639
32.79,0.0172211
32.8,0.0184858
32.81,0.0199419
32.82,0.0205607
32.83,0.0207187
32.84,0.0205721
32.85,0.0202578
32.86,0.0203809
32.87,0.0207227
32.88,0.0215864
32.89,0.0220748
32.9,0.0218324
32.91,0.0210614
32.92,0.0198878
32.93,0.0185779
32.94,0.0177027
32.95,0.01729
32.96,0.0176661
32.97,0.0179575
32.98,0.0179625
32.99,0.0168
33.0,0.014493
33.01,0.0118426
33.02,0.00915758
33.03,0.00621723
33.04,0.00284541
33.05,-6.75719E-4
33.06,-0.00419101
33.07,-0.00713768
33.08,-0.00932817
33.09,-0.0107989
33.1,-0.0115978
33.11,-0.0117601
33.12,-0.0114284
33.13,-0.0107506
33.14,-0.0102753
33.15,-0.0100464
33.16,-0.00969604
33.17,-0.00930053
33.18,-0.00863825
33.19,-0.00789377
33.2,-0.00718573
33.21,-0.00644157
33.22,-0.00573138
33.23,-0.0051624
33.24,-0.00504033
33.25,-0.00526814
33.26,-0.00581049
33.27,-0.00659642
33.28,-0.00770167
33.29,-0.00875182
33.3,-0.00932399
33.31,-0.00982626
33.32,-0.0106704
33.33,-0.0116934
33.34,-0.0124653
33.35,-0.0129879
33.36,-0.0132585
33.37,-0.0135301
33.38,-0.0136596
33.39,-0.0141691
33.4,-0.0145333
33.41,-0.0142596
33.42,-0.0134934
33.43,-0.0120778
33.44,-0.0106826
33.45,-0.00956011
33.46,-0.00878938
33.47,-0.00868417
33.48,-0.00892758
33.49,-0.0094054
33.5,-0.0093733
33.51,-0.00906861
33.52,-0.0084555
33.53,-0.00841669
33.54,-0.00867214
33.55,-0.00921953
33.56,-0.00998371
33.57,-0.0105183
33.58,-0.0107434
33.59,-0.0105499
33.6,-0.00994369
33.61,-0.00904891
33.62,-0.00764428
33.63,-0.00613555
33.64,-0.0044679
33.65,-0.00239232
33.66,-7.55854E-4
33.67,0.00129578
33.68,0.00300975
33.69,0.00434535
33.7,0.00530563
33.71,0.00589682
33.72,0.00621969
33.73,0.006535
33.74,0.00710395
33.75,0.00745066
33.76,0.00766952
33.77,0.00780558
33.78,0.00794626
33.79,0.00839885
33.8,0.00903443
33.81,0.00978668
33.82,0.0103303
33.83,0.0105546
33.84,0.0105124
33.85,0.0102509
33.86,0.0104212
33.87,0.0106783
33.88,0.0111458
33.89,0.0117009
33.9,0.0120575
33.91,0.0120569
33.92,0.0117606
33.93,0.0114075
33.94,0.0112224
33.95,0.0112886
33.96,0.0113005
33.97,0.0113402
33.98,0.0111528
33.99,0.0107183
34.0,0.0103679
34.01,0.01005
34.02,0.00971304
34.03,0.00872757
34.04,0.00793323
34.05,0.00730047
34.06,0.00673187
34.07,0.00622514
34.08,0.00568102
34.09,0.00507341
34.1,0.00442989
34.11,0.00381088
34.12,0.00303598
34.13,0.00243994
34.14,0.00208312
34.15,0.00175775
34.16,0.00128974
34.17,6.13428E-4
34.18,-4.99345E-4
34.19,-0.00187053
34.2,-0.00301875
34.21,-0.00380979
34.22,-0.00402203
34.23,-0.00397255
34.24,-0.00390036
34.25,-0.00357473
34.26,-0.00295025
34.27,-0.00262066
34.28,-0.00206315
34.29,-0.00121919
34.3,-5.11552E-4
34.31,-4.37742E-4
34.32,-2.4035E-4
34.33,-1.00332E-4
34.34,-1.04851E-4
34.35,-6.9543E-4
34.36,-0.00127078
34.37,-0.00216234
34.38,-0.00324059
34.39,-0.00389754
34.4,-0.00477542
34.41,-0.00554876
34.42,-0.00585466
34.43,-0.00613326
34.44,-0.00577713
34.45,-0.0053504
34.46,-0.00482207
34.47,-0.00337872
34.48,-0.00131417
34.49,6.64937E-4
34.5,0.00234437
34.51,0.00372348
34.52,0.00417131
34.53,0.00406358
34.54,0.0039209
34.55,0.00425189
34.56,0.00496862
34.57,0.00557773
34.58,0.00586077
34.59,0.00596883
34.6,0.00572089
34.61,0.00513836
34.62,0.00450751
34.63,0.00378123
34.64,0.00287683
34.65,0.00213748
34.66,9.81261E-4
34.67,3.17394E-4
34.68,6.04367E-4
34.69,0.00165231
34.7,0.00307327
34.71,0.00402114
34.72,0.0039152
34.73,0.00243028
34.74,9.92687E-4
34.75,0.00104279
34.76,0.0026675
34.77,0.00558753
34.78,0.00760172
34.79,0.0085242
34.8,0.00818915
34.81,0.00589077
34.82,0.0022642
34.83,6.2764E-4
34.84,0.0011809
34.85,0.00287229
34.86,0.00448703
34.87,0.00532229
34.88,0.00428609
34.89,0.00139196
34.9,-0.00189905
34.91,-0.0037785
34.92,-0.00255015
34.93,1.52587E-4
34.94,0.00161418
34.95,7.06552E-4
34.96,-0.00192995
34.97,-0.00529937
34.98,-0.00771225
34.99,-0.00827445
35.0,-0.00738206
35.01,-0.00645604
35.02,-0.00636757
35.03,-0.00759168
35.04,-0.009518
35.05,-0.0112668
35.06,-0.0123582
35.07,-0.0122927
35.08,-0.0118262
35.09,-0.0118871
35.1,-0.0129622
35.11,-0.0140594
35.12,-0.0146604
35.13,-0.0144957
35.14,-0.0144032
35.15,-0.0151892
35.16,-0.016075
35.17,-0.016845
35.18,-0.0171197
35.19,-0.0172466
35.2,-0.0173999
35.21,-0.0176477
35.22,-0.018269
35.23,-0.0189466
35.24,-0.0196805
35.25,-0.0205
35.26,-0.0207878
35.27,-0.020563
35.28,-0.0200323
35.29,-0.0202487
35.3,-0.0210415
35.31,-0.0216367
35.32,-0.021259
35.33,-0.0207592
35.34,-0.0199068
35.35,-0.0195021
35.36,-0.0191095
35.37,-0.0189985
35.38,-0.0182855
35.39,-0.0171232
35.4,-0.0158657
35.41,-0.0147278
35.42,-0.0139406
35.43,-0.0132835
35.44,-0.0127618
35.45,-0.0119321
35.46,-0.0111603
35.47,-0.0102656
35.48,-0.00896369
35.49,-0.00750107
35.5,-0.00518051
35.51,-0.00279537
35.52,-7.21996E-4
35.53,0.00182049
35.54,0.00420085
35.55,0.00644224
35.56,0.00868971
35.57,0.0105503
35.58,0.0118204
35.59,0.0131188
35.6,0.0144874
35.61,0.0146479
35.62,0.0142658
35.63,0.0134087
35.64,0.0143291
35.65,0.0159193
35.66,0.0176104
35.67,0.0187317
35.68,0.0179503
35.69,0.0160137
35.7,0.0141131
35.71,0.0142011
35.72,0.016453
35.73,0.0188389
35.74,0.0204516
35.75,0.0201846
35.76,0.0185341
35.77,0.0160207
35.78,0.0147376
35.79,0.0150384
35.8,0.0163672
35.81,0.0175858
35.82,0.0187578
35.83,0.0187566
35.84,0.0174414
35.85,0.0154959
35.86,0.0137205
35.87,0.0130405
35.88,0.0136741
35.89,0.015254
35.9,0.0162387
35.91,0.0157829
35.92,0.0141643
35.93,0.0119113
35.94,0.00958665
35.95,0.00790136
35.96,0.00728458
35.97,0.00709192
35.98,0.0071833
35.99,0.00712341
36.0,0.00610661
36.01,0.00465584
36.02,0.00288273
36.03,0.00165805
36.04,0.00138839
36.05,0.00144216
36.06,0.00130892
36.07,0.00112839
36.08,8.28106E-4
36.09,4.02057E-4
36.1,-1.35097E-4
36.11,-3.64501E-4
36.12,-8.47251E-4
36.13,-0.00178059
36.14,-0.00260407
36.15,-0.00374391
36.16,-0.00437567
36.17,-0.00449217
36.18,-0.00400264
36.19,-0.00344236
36.2,-0.00404925
36.21,-0.00573861
36.22,-0.00798333
36.23,-0.00937881
36.24,-0.0091763
36.25,-0.00739919
36.26,-0.00528499
36.27,-0.00399038
36.28,-0.00420683
36.29,-0.00555291
36.3,-0.00617593
36.31,-0.00537491
36.32,-0.00314289
36.33,-6.6003E-4
36.34,8.44426E-4
36.35,0.00119973
36.36,-2.68384E-4
36.37,-0.00153477
36.38,-0.00162475
36.39,-4.86384E-4
36.4,0.0010263
36.41,0.0022382
36.42,0.00294765
36.43,0.00322745
36.44,0.00347499
36.45,0.00420243
36.46,0.00508286
36.47,0.00643874
36.48,0.00786265
36.49,0.00888021
36.5,0.00910162
36.51,0.00918558
36.52,0.00952639
36.53,0.00981059
36.54,0.0102901
36.55,0.0103924
36.56,0.0105532
36.57,0.0100508
36.58,0.0090444
36.59,0.00767474
36.6,0.00690795
36.61,0.0069915
36.62,0.00751774
36.63,0.00858806
36.64,0.00942489
36.65,0.00949866
36.66,0.00874584
36.67,0.00769954
36.68,0.00659471
36.69,0.00579167
36.7,0.00464627
36.71,0.00354007
36.72,0.00239953
36.73,0.00118545
36.74,5.57174E-4
36.75,5.99588E-4
36.76,0.00128544
36.77,0.002187
36.78,0.00334829
36.79,0.00369996
36.8,0.00313386
36.81,0.00198236
36.82,2.11636E-4
36.83,-0.00181489
36.84,-0.00357743
36.85,-0.00560447
36.86,-0.0071423
36.87,-0.00881679
36.88,-0.0109029
36.89,-0.0128923
36.9,-0.0147491
36.91,-0.0154287
36.92,-0.015361
36.93,-0.0148459
36.94,-0.0135758
36.95,-0.0125684
36.96,-0.0114278
36.97,-0.0108552
36.98,-0.0104792
36.99,-0.010008
37.0,-0.00962658
37.01,-0.00946453
37.02,-0.00983971
37.03,-0.00994083
37.04,-0.00987233
37.05,-0.00911992
37.06,-0.00761225
37.07,-0.00561999
37.08,-0.00400072
37.09,-0.00279057
37.1,-0.00201647
37.11,-0.00107788
37.12,-4.3827E-4
37.13,-1.88781E-4
37.14,-1.27265E-4
37.15,-2.18533E-5
37.16,-3.00795E-4
37.17,-0.00138802
37.18,-0.00281388
37.19,-0.00405348
37.2,-0.00517848
37.21,-0.00594157
37.22,-0.00638232
37.23,-0.0069404
37.24,-0.007123
37.25,-0.00687591
37.26,-0.00669634
37.27,-0.00641238
37.28,-0.00584315
37.29,-0.0047032
37.3,-0.00335529
37.31,-0.00184599
37.32,-9.32642E-4
37.33,1.78003E-4
37.34,0.00108613
37.35,0.00160754
37.36,0.00210415
37.37,0.00292723
37.38,0.00393139
37.39,0.00455493
37.4,0.00534613
37.41,0.00574873
37.42,0.00565622
37.43,0.00577397
37.44,0.00615376
37.45,0.00640756
37.46,0.00636611
37.47,0.00576306
37.48,0.00450547
37.49,0.00309917
37.5,0.00187661
37.51,9.58221E-4
37.52,1.56333E-4
37.53,5.01733E-4
37.54,7.90668E-4
37.55,0.00102724
37.56,0.00131607
37.57,0.0018352
37.58,0.0026004
37.59,0.00316521
37.6,0.00350362
37.61,0.00382119
37.62,0.00422583
37.63,0.0047023
37.64,0.00493492
37.65,0.00523321
37.66,0.00565426
37.67,0.00583433
37.68,0.0058126
37.69,0.00560695
37.7,0.00509402
37.71,0.00461558
37.72,0.00417397
37.73,0.00361888
37.74,0.00268165
37.75,0.00175526
37.76,0.00169345
37.77,0.00216752
37.78,0.00247524
37.79,0.00261339
37.8,0.00245006
37.81,0.00185827
37.82,0.00153338
37.83,0.00120852
37.84,7.25388E-4
37.85,3.60851E-4
37.86,1.96027E-4
37.87,7.06786E-5
37.88,-4.23717E-4
37.89,-0.00105185
37.9,-0.00149838
37.91,-0.00220014
37.92,-0.00217164
37.93,-0.00198345
37.94,-0.00150921
37.95,-0.00121593
37.96,-0.0015976
37.97,-0.0024803
37.98,-0.00361717
37.99,-0.00434816
38.0,-0.00460634
38.01,-0.00423987
38.02,-0.00340955
38.03,-0.00262893
38.04,-0.00235391
38.05,-0.00266999
38.06,-0.00318711
38.07,-0.00338589
38.08,-0.00304311
38.09,-0.00236192
38.1,-0.00180033
38.11,-0.00145538
38.12,-0.00143173
38.13,-0.00182658
38.14,-0.00205891
38.15,-0.00188885
38.16,-0.0013629
38.17,-8.00386E-4
38.18,-4.65424E-4
38.19,-2.38627E-4
38.2,-2.74487E-4
38.21,-2.19549E-4
38.22,-4.3057E-5
38.23,-1.1477E-5
38.24,-1.0601E-4
38.25,-3.30603E-4
38.26,-7.76756E-4
38.27,-0.00141284
38.28,-0.00184535
38.29,-0.00169758
38.3,-0.00120545
38.31,-6.26005E-4
38.32,-6.08716E-4
38.33,-0.00115941
38.34,-0.0018425
38.35,-0.00241348
38.36,-0.00241379
38.37,-0.00186015
38.38,-0.00126217
38.39,-8.07398E-4
38.4,-7.47835E-4
38.41,-7.88005E-4
38.42,-4.94757E-4
38.43,-6.88814E-5
38.44,5.0846E-4
38.45,0.00123928
38.46,0.00154928
38.47,0.00160277
38.48,0.00123734
38.49,5.74998E-4
38.5,2.75771E-4
38.51,3.50318E-4
38.52,6.29467E-4
38.53,7.50647E-4
38.54,7.61685E-4
38.55,7.02339E-4
38.56,5.46061E-4
38.57,4.22088E-4
38.58,5.57889E-4
38.59,7.61432E-4
38.6,8.427E-4
38.61,6.08899E-4
38.62,2.82217E-4
38.63,1.19172E-5
38.64,-2.76687E-4
38.65,-5.24273E-4
38.66,-9.67749E-4
38.67,-0.00168322
38.68,-0.00232379
38.69,-0.00276028
38.7,-0.00291276
38.71,-0.00281429
38.72,-0.00248932
38.73,-0.00246521
38.74,-0.00277557
38.75,-0.00304519
38.76,-0.00319343
38.77,-0.00331594
38.78,-0.00333643
38.79,-0.00314807
38.8,-0.00287689
38.81,-0.00269578
38.82,-0.00259187
38.83,-0.00261715
38.84,-0.00260401
38.85,-0.00239591
38.86,-0.00206564
38.87,-0.0017817
38.88,-0.00146643
38.89,-0.00138953
38.9,-0.00147056
38.91,-0.00149056
38.92,-0.0013354
38.93,-9.26981E-4
38.94,-6.746E-4
38.95,-6.39977E-4
38.96,-8.16121E-4
38.97,-0.00102756
38.98,-0.00104773
38.99,-9.84897E-4
39.0,-6.3673E-4
39.01,-2.04865E-4
39.02,1.34453E-4
39.03,4.53073E-4
39.04,7.0308E-4
39.05,9.10287E-4
39.06,0.00140559
39.07,0.00194917
39.08,0.00265953
39.09,0.00352172
39.1,0.00422594
39.11,0.00473568
39.12,0.00496471
39.13,0.00499359
39.14,0.00510343
39.15,0.00533612
39.16,0.00573028
39.17,0.00606676
39.18,0.00622059
39.19,0.00633794
39.2,0.00636682
39.21,0.00632656
39.22,0.00612491
39.23,0.00576485
39.24,0.00534817
39.25,0.00477516
39.26,0.00416584
39.27,0.0037744
39.28,0.00361132
39.29,0.00360496
39.3,0.00339278
39.31,0.0030758
39.32,0.00268594
39.33,0.00229072
39.34,0.00184045
39.35,0.00145444
39.36,0.00120412
39.37,0.00100612
39.38,7.47103E-4
39.39,3.92364E-4
39.4,-5.16329E-5
39.41,-5.11745E-4
39.42,-7.40413E-4
39.43,-7.61351E-4
39.44,-6.88775E-4
39.45,-6.78372E-4
39.46,-8.1221E-4
39.47,-9.41545E-4
39.48,-0.00108405
39.49,-0.00115509
39.5,-0.00115985
39.51,-0.00127284
39.52,-0.00148782
39.53,-0.00175633
39.54,-0.00199486
39.55,-0.00220835
39.56,-0.00221515
39.57,-0.00222505
39.58,-0.00222292
39.59,-0.00227073
39.6,-0.00234802
39.61,-0.00235301
39.62,-0.00231098
39.63,-0.00218444
39.64,-0.00206513
39.65,-0.00195963
39.66,-0.00182546
39.67,-0.00168979
39.68,-0.0016359
39.69,-0.00148726
39.7,-0.00127781
39.71,-0.00103314
39.72,-8.18969E-4
39.73,-6.64574E-4
39.74,-5.28869E-4
39.75,-3.90565E-4
39.76,-2.16827E-4
39.77,-6.39426E-5
39.78,5.22433E-5
39.79,1.11035E-4
39.8,1.22654E-4
39.81,1.16923E-4
39.82,8.85585E-5
39.83,5.9977E-5
39.84,4.63404E-5
39.85,2.01404E-5
39.86,-5.89159E-6
39.87,-1.82307E-5
39.88,-4.53273E-5
39.89,-7.58057E-5
39.9,-6.34581E-5
39.91,-4.59094E-6
39.92,6.32133E-5
39.93,1.06884E-4
39.94,1.15279E-4
39.95,9.89468E-5
39.96,6.39075E-5
39.97,2.08603E-5
39.98,-4.61439E-6
39.99,-3.14824E-5
40.0,-5.53822E-5
40.01,-8.36077E-5
40.02,-1.21675E-4
40.03,-1.75559E-4
40.04,-2.21838E-4
40.05,-2.54005E-4
40.06,-2.70922E-4
40.07,-2.88552E-4
40.08,-3.07804E-4
40.09,-3.32181E-4
40.1,-3.43728E-4
40.11,-3.52114E-4
40.12,-3.40833E-4
40.13,-3.29109E-4
40.14,-3.24053E-4
