Date,AAPL,TSLA,MSFT,META,AMZN
1/2/2020 16:00:00,75.09,28.68,160.62,209.78,94.9
1/3/2020 16:00:00,74.36,29.53,158.62,208.67,93.75
1/6/2020 16:00:00,74.95,30.1,159.03,212.6,95.14
1/7/2020 16:00:00,74.6,31.27,157.58,213.06,95.34
1/8/2020 16:00:00,75.8,32.81,160.09,215.22,94.6
1/9/2020 16:00:00,77.41,32.09,162.09,218.3,95.05
1/10/2020 16:00:00,77.58,31.88,161.34,218.06,94.16
1/13/2020 16:00:00,79.24,34.99,163.28,221.91,94.57
1/14/2020 16:00:00,78.17,35.86,162.13,219.06,93.47
1/15/2020 16:00:00,77.83,34.57,163.18,221.15,93.1
1/16/2020 16:00:00,78.81,34.23,166.17,221.77,93.9
1/17/2020 16:00:00,79.68,34.03,167.1,222.14,93.24
1/21/2020 16:00:00,79.14,36.48,166.5,221.44,94.6
1/22/2020 16:00:00,79.43,37.97,165.7,221.32,94.37
1/23/2020 16:00:00,79.81,38.15,166.72,219.76,94.23
1/24/2020 16:00:00,79.58,37.65,165.04,217.94,93.08
1/27/2020 16:00:00,77.24,37.2,162.28,214.87,91.42
1/28/2020 16:00:00,79.42,37.79,165.46,217.79,92.66
1/29/2020 16:00:00,81.08,38.73,168.04,223.23,92.9
1/30/2020 16:00:00,80.97,42.72,172.78,209.53,93.53
1/31/2020 16:00:00,77.38,43.37,170.23,201.91,100.44
2/3/2020 16:00:00,77.17,52,174.38,204.19,100.21
2/4/2020 16:00:00,79.71,59.14,180.12,209.83,102.48
2/5/2020 16:00:00,80.36,48.98,179.9,210.11,101.99
2/6/2020 16:00:00,81.3,49.93,183.63,210.85,102.51
2/7/2020 16:00:00,80.01,49.87,183.89,212.33,103.96
2/10/2020 16:00:00,80.39,51.42,188.7,213.06,106.7
2/11/2020 16:00:00,79.9,51.63,184.44,207.19,107.54
2/12/2020 16:00:00,81.8,51.15,184.71,210.76,108
2/13/2020 16:00:00,81.22,53.6,183.71,213.14,107.49
2/14/2020 16:00:00,81.24,53.34,185.35,214.18,106.74
2/18/2020 16:00:00,79.75,57.23,187.23,217.8,107.78
2/19/2020 16:00:00,80.91,61.16,187.28,217.49,108.51
2/20/2020 16:00:00,80.08,59.96,184.42,214.58,107.66
2/21/2020 16:00:00,78.26,60.07,178.59,210.18,104.8
2/24/2020 16:00:00,74.55,55.59,170.89,200.72,100.46
2/25/2020 16:00:00,72.02,53.33,168.07,196.77,98.64
2/26/2020 16:00:00,73.16,51.92,170.17,197.2,98.98
2/27/2020 16:00:00,68.38,45.27,158.18,189.75,94.22
2/28/2020 16:00:00,68.34,44.53,162.01,192.47,94.19
3/2/2020 16:00:00,74.7,49.57,172.79,196.44,97.7
3/3/2020 16:00:00,72.33,49.7,164.51,185.89,95.45
3/4/2020 16:00:00,75.69,49.97,170.55,191.76,98.79
3/5/2020 16:00:00,73.23,48.3,166.27,185.17,96.2
3/6/2020 16:00:00,72.26,46.9,161.57,181.09,95.05
3/9/2020 16:00:00,66.54,40.53,150.62,169.5,90.03
3/10/2020 16:00:00,71.33,43.02,160.92,178.19,94.59
3/11/2020 16:00:00,68.86,42.28,153.63,170.24,91.04
3/12/2020 16:00:00,62.06,37.37,139.06,154.47,83.83
3/13/2020 16:00:00,69.49,36.44,158.83,170.28,89.25
3/16/2020 16:00:00,60.55,29.67,135.42,146.01,84.46
3/17/2020 16:00:00,63.22,28.68,146.57,149.42,90.39
3/18/2020 16:00:00,61.67,24.08,140.4,146.96,91.5
3/19/2020 16:00:00,61.2,28.51,142.71,153.13,94.05
3/20/2020 16:00:00,57.31,28.5,137.35,149.73,92.3
3/23/2020 16:00:00,56.09,28.95,135.98,148.1,95.14
3/24/2020 16:00:00,61.72,33.67,148.34,160.98,97.01
3/25/2020 16:00:00,61.38,35.95,146.92,156.21,94.29
3/26/2020 16:00:00,64.61,35.21,156.11,163.34,97.77
3/27/2020 16:00:00,61.94,34.29,149.7,156.79,95.01
3/30/2020 16:00:00,63.7,33.48,160.23,165.95,98.2
3/31/2020 16:00:00,63.57,34.93,157.71,166.8,97.49
4/1/2020 16:00:00,60.23,32.1,152.11,159.6,95.39
4/2/2020 16:00:00,61.23,30.3,155.26,158.19,95.94
4/3/2020 16:00:00,60.35,32,153.83,154.18,95.33
4/6/2020 16:00:00,65.62,34.42,165.27,165.55,99.88
4/7/2020 16:00:00,64.86,36.36,163.49,168.83,100.58
4/8/2020 16:00:00,66.52,36.59,165.13,174.28,102.15
4/9/2020 16:00:00,67,38.2,165.14,175.19,102.14
4/13/2020 16:00:00,68.31,43.4,165.51,174.79,108.44
4/14/2020 16:00:00,71.76,47.33,173.7,178.17,114.17
4/15/2020 16:00:00,71.11,48.66,171.88,176.97,115.38
4/16/2020 16:00:00,71.67,49.68,177.04,176.25,120.41
4/17/2020 16:00:00,70.7,50.26,178.6,179.24,118.75
4/20/2020 16:00:00,69.23,49.76,175.06,178.24,119.68
4/21/2020 16:00:00,67.09,45.78,167.82,170.8,116.41
4/22/2020 16:00:00,69.03,48.81,173.52,182.28,118.17
4/23/2020 16:00:00,68.76,47.04,171.42,185.13,119.97
4/24/2020 16:00:00,70.74,48.34,174.55,190.07,120.51
4/27/2020 16:00:00,70.79,53.25,174.05,187.5,118.8
4/28/2020 16:00:00,69.65,51.27,169.81,182.91,115.7
4/29/2020 16:00:00,71.93,53.37,177.43,194.19,118.64
4/30/2020 16:00:00,73.45,52.13,179.21,204.71,123.7
5/1/2020 16:00:00,72.27,46.75,174.57,202.27,114.3
5/4/2020 16:00:00,73.29,50.75,178.84,205.26,115.8
5/5/2020 16:00:00,74.39,51.21,180.76,207.07,115.89
5/6/2020 16:00:00,75.16,52.17,182.54,208.47,117.56
5/7/2020 16:00:00,75.94,52,183.6,211.26,118.38
5/8/2020 16:00:00,77.53,54.63,184.68,212.35,118.98
5/11/2020 16:00:00,78.75,54.09,186.74,213.18,120.45
5/12/2020 16:00:00,77.85,53.96,182.51,210.1,117.85
5/13/2020 16:00:00,76.91,52.73,179.75,205.1,118.4
5/14/2020 16:00:00,77.39,53.56,180.53,206.81,119.44
5/15/2020 16:00:00,76.93,53.28,183.16,210.88,120.49
5/18/2020 16:00:00,78.74,54.24,184.91,213.19,121.31
5/19/2020 16:00:00,78.29,53.87,183.63,216.88,122.47
5/20/2020 16:00:00,79.81,54.37,185.66,229.97,124.9
5/21/2020 16:00:00,79.21,55.17,183.43,231.39,122.34
5/22/2020 16:00:00,79.72,54.46,183.51,234.91,121.84
5/26/2020 16:00:00,79.18,54.59,181.57,232.2,121.09
5/27/2020 16:00:00,79.53,54.68,181.81,229.14,120.52
5/28/2020 16:00:00,79.56,53.72,181.4,225.46,120.06
5/29/2020 16:00:00,79.49,55.67,183.25,225.09,122.12
6/1/2020 16:00:00,80.46,59.87,182.83,231.91,123.55
6/2/2020 16:00:00,80.83,58.77,184.91,232.72,123.62
6/3/2020 16:00:00,81.28,58.86,185.36,230.16,123.92
6/4/2020 16:00:00,80.58,57.63,182.92,226.29,123.03
6/5/2020 16:00:00,82.88,59.04,187.2,230.77,124.15
6/8/2020 16:00:00,83.37,63.33,188.36,231.4,126.2
6/9/2020 16:00:00,86,62.71,189.8,238.67,130.04
6/10/2020 16:00:00,88.21,68.34,196.84,236.73,132.37
6/11/2020 16:00:00,83.98,64.86,186.27,224.43,127.9
6/12/2020 16:00:00,84.7,62.35,187.74,228.58,127.25
6/15/2020 16:00:00,85.75,66.06,188.94,232.5,128.63
6/16/2020 16:00:00,88.02,65.48,193.57,235.65,130.76
6/17/2020 16:00:00,87.9,66.12,194.24,235.53,132.05
6/18/2020 16:00:00,87.93,66.93,196.32,235.94,132.7
6/19/2020 16:00:00,87.43,66.73,195.15,238.79,133.75
6/22/2020 16:00:00,89.72,66.29,200.57,239.22,135.69
6/23/2020 16:00:00,91.63,66.79,201.91,242.24,138.22
6/24/2020 16:00:00,90.02,64.06,197.84,234.02,136.72
6/25/2020 16:00:00,91.21,65.73,200.34,235.68,137.73
6/26/2020 16:00:00,88.41,63.98,196.33,216.08,134.64
6/29/2020 16:00:00,90.45,67.29,198.44,220.64,134.02
6/30/2020 16:00:00,91.2,71.99,203.51,227.07,137.94
7/1/2020 16:00:00,91.03,74.64,204.7,237.55,143.94
7/2/2020 16:00:00,91.03,80.58,206.26,233.42,144.51
7/6/2020 16:00:00,93.46,91.44,210.7,240.28,152.85
7/7/2020 16:00:00,93.17,92.66,208.25,240.86,150.01
7/8/2020 16:00:00,95.34,91.06,212.83,243.58,154.06
7/9/2020 16:00:00,95.68,92.95,214.32,244.5,159.13
7/10/2020 16:00:00,95.92,102.98,213.67,245.07,160
7/13/2020 16:00:00,95.48,99.8,207.07,239,155.2
7/14/2020 16:00:00,97.06,101.12,208.35,239.73,154.2
7/15/2020 16:00:00,97.73,103.07,208.04,240.28,150.44
7/16/2020 16:00:00,96.52,100.04,203.92,240.93,150
7/17/2020 16:00:00,96.33,100.06,202.88,242.03,148.1
7/20/2020 16:00:00,98.36,109.53,211.6,245.42,159.84
7/21/2020 16:00:00,97,104.56,208.75,241.75,156.91
7/22/2020 16:00:00,97.27,106.16,211.75,239.87,155
7/23/2020 16:00:00,92.85,100.87,202.54,232.6,149.33
7/24/2020 16:00:00,92.62,94.47,201.3,230.71,150.45
7/27/2020 16:00:00,94.81,102.64,203.85,233.5,152.76
7/28/2020 16:00:00,93.25,98.43,202.02,230.12,150.02
7/29/2020 16:00:00,95.04,99.94,204.06,233.29,151.68
7/30/2020 16:00:00,96.19,99.17,203.9,234.5,152.59
7/31/2020 16:00:00,106.26,95.38,205.01,253.67,158.23
8/3/2020 16:00:00,108.94,99,216.54,251.96,155.59
8/4/2020 16:00:00,109.67,99.13,213.29,249.83,156.94
8/5/2020 16:00:00,110.06,99,212.94,249.12,160.25
8/6/2020 16:00:00,113.9,99.31,216.35,265.28,161.25
8/7/2020 16:00:00,111.11,96.85,212.48,268.44,158.37
8/10/2020 16:00:00,112.73,94.57,208.25,263,157.41
8/11/2020 16:00:00,109.38,91.63,203.38,256.13,154.03
8/12/2020 16:00:00,113.01,103.65,209.19,259.89,158.11
8/13/2020 16:00:00,115.01,108.07,208.7,261.3,158.05
8/14/2020 16:00:00,114.91,110.05,208.9,261.24,157.4
8/17/2020 16:00:00,114.61,122.38,210.28,261.16,159.12
8/18/2020 16:00:00,115.56,125.81,211.49,262.34,165.62
8/19/2020 16:00:00,115.71,125.24,209.7,262.59,163.02
8/20/2020 16:00:00,118.28,133.46,214.58,269.01,164.87
8/21/2020 16:00:00,124.37,136.67,213.02,267.01,164.24
8/24/2020 16:00:00,125.86,134.28,213.69,271.39,165.37
8/25/2020 16:00:00,124.83,134.89,216.47,280.82,167.32
8/26/2020 16:00:00,126.52,143.54,221.15,303.91,172.09
8/27/2020 16:00:00,125.01,149.25,226.58,293.22,170
8/28/2020 16:00:00,124.81,147.56,228.91,293.66,170.09
8/31/2020 16:00:00,129.04,166.11,225.53,293.2,172.55
9/1/2020 16:00:00,134.18,158.35,227.27,295.44,174.96
9/2/2020 16:00:00,131.4,149.12,231.65,302.5,176.57
9/3/2020 16:00:00,120.88,135.67,217.3,291.12,168.4
9/4/2020 16:00:00,120.96,139.44,214.25,282.73,164.73
9/8/2020 16:00:00,112.82,110.07,202.66,271.16,157.49
9/9/2020 16:00:00,117.32,122.09,211.29,273.72,163.43
9/10/2020 16:00:00,113.49,123.78,205.37,268.09,158.76
9/11/2020 16:00:00,112,124.24,204.03,266.61,155.81
9/14/2020 16:00:00,115.36,139.87,205.41,266.15,155.15
9/15/2020 16:00:00,115.54,149.92,208.78,272.42,157.81
9/16/2020 16:00:00,112.13,147.25,205.05,263.52,153.91
9/17/2020 16:00:00,110.34,141.14,202.91,254.82,150.44
9/18/2020 16:00:00,106.84,147.38,200.39,252.53,147.75
9/21/2020 16:00:00,110.08,149.8,202.54,248.15,148.02
9/22/2020 16:00:00,111.81,141.41,207.42,254.75,156.45
9/23/2020 16:00:00,107.12,126.79,200.59,249.02,149.99
9/24/2020 16:00:00,108.22,129.26,203.19,249.53,150.99
9/25/2020 16:00:00,112.28,135.78,207.82,254.82,154.76
9/28/2020 16:00:00,114.96,140.4,209.44,256.82,158.7
9/29/2020 16:00:00,114.09,139.69,207.26,261.79,157.24
9/30/2020 16:00:00,115.81,143,210.33,261.9,157.44
10/1/2020 16:00:00,116.79,149.39,212.46,266.63,161.06
10/2/2020 16:00:00,113.02,138.36,206.19,259.94,156.25
10/5/2020 16:00:00,116.5,141.89,210.38,264.65,159.96
10/6/2020 16:00:00,113.16,137.99,205.91,258.66,155
10/7/2020 16:00:00,115.08,141.77,209.83,258.12,159.78
10/8/2020 16:00:00,114.97,141.97,210.58,263.76,159.53
10/9/2020 16:00:00,116.97,144.67,215.81,264.45,164.33
10/12/2020 16:00:00,124.4,147.43,221.4,275.75,172.15
10/13/2020 16:00:00,121.1,148.88,222.86,276.14,172.18
10/14/2020 16:00:00,121.19,153.77,220.86,271.82,168.19
10/15/2020 16:00:00,120.71,149.63,219.66,266.72,166.93
10/16/2020 16:00:00,119.02,146.56,219.66,265.93,163.64
10/19/2020 16:00:00,115.98,143.61,214.22,261.4,160.36
10/20/2020 16:00:00,117.51,140.65,214.65,267.56,160.85
10/21/2020 16:00:00,116.87,140.88,214.8,278.73,159.25
10/22/2020 16:00:00,115.75,141.93,214.89,278.12,158.82
10/23/2020 16:00:00,115.04,140.21,216.23,284.79,160.22
10/26/2020 16:00:00,115.05,140.09,210.08,277.11,160.35
10/27/2020 16:00:00,116.6,141.56,213.25,283.29,164.32
10/28/2020 16:00:00,111.2,135.34,202.68,267.67,158.14
10/29/2020 16:00:00,115.32,136.94,204.72,280.83,160.55
10/30/2020 16:00:00,108.86,129.35,202.47,263.11,151.81
11/2/2020 16:00:00,108.77,133.5,202.33,261.36,150.22
11/3/2020 16:00:00,110.44,141.3,206.43,265.3,152.42
11/4/2020 16:00:00,114.95,140.33,216.39,287.38,162.06
11/5/2020 16:00:00,119.03,146.03,223.29,294.68,166.1
11/6/2020 16:00:00,118.69,143.32,223.72,293.41,165.57
11/9/2020 16:00:00,116.32,140.42,218.39,278.77,157.19
11/10/2020 16:00:00,115.97,136.79,211.01,272.43,151.75
11/11/2020 16:00:00,119.49,139.04,216.55,276.48,156.87
11/12/2020 16:00:00,119.21,137.25,215.44,275.08,155.51
11/13/2020 16:00:00,119.26,136.17,216.51,276.95,156.44
11/16/2020 16:00:00,120.3,136.03,217.23,278.96,156.55
11/17/2020 16:00:00,119.39,147.2,214.46,275,156.78
11/18/2020 16:00:00,118.03,162.21,211.08,271.97,155.27
11/19/2020 16:00:00,118.64,166.42,212.42,272.94,155.85
11/20/2020 16:00:00,117.34,163.2,210.39,269.7,154.97
11/23/2020 16:00:00,113.85,173.95,210.11,268.43,154.92
11/24/2020 16:00:00,115.17,185.13,213.86,276.92,155.9
11/25/2020 16:00:00,116.03,191.33,213.87,275.59,159.25
11/27/2020 13:00:00,116.59,195.25,215.23,277.81,159.77
11/30/2020 16:00:00,119.05,189.2,214.07,276.97,158.4
12/1/2020 16:00:00,122.72,194.92,216.21,286.55,161
12/2/2020 16:00:00,123.08,189.61,215.37,287.52,160.18
12/3/2020 16:00:00,122.94,197.79,214.24,281.85,159.34
12/4/2020 16:00:00,122.25,199.68,214.36,279.7,158.13
12/7/2020 16:00:00,123.75,213.92,214.29,285.58,157.9
12/8/2020 16:00:00,124.38,216.63,216.01,283.4,158.86
12/9/2020 16:00:00,121.78,201.49,211.8,277.92,155.21
12/10/2020 16:00:00,123.24,209.02,210.52,277.12,155.07
12/11/2020 16:00:00,122.41,203.33,213.26,273.55,155.82
12/14/2020 16:00:00,121.78,213.28,214.2,274.19,157.85
12/15/2020 16:00:00,127.88,211.08,214.13,275.55,158.26
12/16/2020 16:00:00,127.81,207.59,219.28,275.67,162.05
12/17/2020 16:00:00,128.7,218.63,219.42,274.48,161.8
12/18/2020 16:00:00,126.66,231.67,218.59,276.4,160.08
12/21/2020 16:00:00,128.23,216.62,222.59,272.79,160.31
12/22/2020 16:00:00,131.88,213.45,223.94,267.09,160.33
12/23/2020 16:00:00,130.96,215.33,221.02,268.11,159.26
12/24/2020 13:00:00,131.97,220.59,222.75,267.4,158.63
12/28/2020 16:00:00,136.69,221.23,224.96,277,164.2
12/29/2020 16:00:00,134.87,222,224.15,276.78,166.1
12/30/2020 16:00:00,133.72,231.59,221.68,271.87,164.29
12/31/2020 16:00:00,132.69,235.22,222.42,273.16,162.85
1/4/2021 16:00:00,129.41,243.26,217.69,268.94,159.33
1/5/2021 16:00:00,131.01,245.04,217.9,270.97,160.93
1/6/2021 16:00:00,126.6,251.99,212.25,263.31,156.92
1/7/2021 16:00:00,130.92,272.01,218.29,268.74,158.11
1/8/2021 16:00:00,132.05,293.34,219.62,267.57,159.14
1/11/2021 16:00:00,128.98,270.4,217.49,256.84,155.71
1/12/2021 16:00:00,128.8,283.15,214.93,251.09,156.04
1/13/2021 16:00:00,130.89,284.8,216.34,251.64,158.29
1/14/2021 16:00:00,128.91,281.67,213.02,245.64,156.37
1/15/2021 16:00:00,127.14,275.39,212.65,251.36,155.21
1/19/2021 16:00:00,127.83,281.52,216.44,261.1,156.04
1/20/2021 16:00:00,132.03,283.48,224.34,267.48,163.17
1/21/2021 16:00:00,136.87,281.66,224.97,272.87,165.35
1/22/2021 16:00:00,139.07,282.21,225.95,274.5,164.61
1/25/2021 16:00:00,142.92,293.6,229.53,278.01,164.7
1/26/2021 16:00:00,143.16,294.36,232.33,282.05,166.31
1/27/2021 16:00:00,142.06,288.05,232.9,272.14,161.63
1/28/2021 16:00:00,137.09,278.48,238.93,265,161.88
1/29/2021 16:00:00,131.96,264.51,231.96,258.33,160.31
2/1/2021 16:00:00,134.14,279.94,239.65,262.01,167.14
2/2/2021 16:00:00,134.99,290.93,239.51,267.08,169
2/3/2021 16:00:00,133.94,284.9,243,266.65,165.63
2/4/2021 16:00:00,137.39,283.33,242.01,266.49,166.55
2/5/2021 16:00:00,136.76,284.08,242.2,268.1,167.61
2/8/2021 16:00:00,136.91,287.81,242.47,266.58,166.15
2/9/2021 16:00:00,136.01,283.15,243.77,269.45,165.25
2/10/2021 16:00:00,135.39,268.27,242.82,271.87,164.33
2/11/2021 16:00:00,135.13,270.55,244.49,270.39,163.11
2/12/2021 16:00:00,135.37,272.04,244.99,270.5,163.89
2/16/2021 16:00:00,133.19,265.41,243.7,273.97,163.45
2/17/2021 16:00:00,130.84,266.05,244.2,273.57,165.43
2/18/2021 16:00:00,129.71,262.46,243.79,269.39,166.41
2/19/2021 16:00:00,129.87,260.43,240.97,261.56,162.5
2/22/2021 16:00:00,126,238.17,234.51,260.33,159.04
2/23/2021 16:00:00,125.86,232.95,233.27,265.86,159.73
2/24/2021 16:00:00,125.35,247.34,234.55,264.31,157.98
2/25/2021 16:00:00,120.99,227.41,228.99,254.69,152.86
2/26/2021 16:00:00,121.26,225.17,232.38,257.62,154.65
3/1/2021 16:00:00,127.79,239.48,236.94,264.91,157.31
3/2/2021 16:00:00,125.12,228.81,233.87,259,154.73
3/3/2021 16:00:00,122.06,217.73,227.56,255.41,150.25
3/4/2021 16:00:00,120.13,207.15,226.73,257.64,148.88
3/5/2021 16:00:00,121.42,199.32,231.6,264.28,150.02
3/8/2021 16:00:00,116.36,187.67,227.39,255.31,147.6
3/9/2021 16:00:00,121.09,224.53,233.78,265.74,153.14
3/10/2021 16:00:00,119.98,222.69,232.42,264.9,152.88
3/11/2021 16:00:00,121.96,233.2,237.13,273.88,155.68
3/12/2021 16:00:00,121.03,231.24,235.75,268.4,154.47
3/15/2021 16:00:00,123.99,235.98,234.81,273.75,154.08
3/16/2021 16:00:00,125.57,225.63,237.71,279.28,154.59
3/17/2021 16:00:00,124.76,233.94,237.04,284.01,156.79
3/18/2021 16:00:00,120.53,217.72,230.72,278.62,151.4
3/19/2021 16:00:00,119.99,218.29,230.35,290.11,153.75
3/22/2021 16:00:00,123.39,223.33,235.99,293.54,155.54
3/23/2021 16:00:00,122.54,220.72,237.58,290.63,156.88
3/24/2021 16:00:00,120.09,210.09,235.46,282.14,154.35
3/25/2021 16:00:00,120.59,213.46,232.34,278.74,152.31
3/26/2021 16:00:00,121.21,206.24,236.48,283.02,152.6
3/29/2021 16:00:00,121.39,203.76,235.24,290.82,153.79
3/30/2021 16:00:00,119.9,211.87,231.85,288,152.76
3/31/2021 16:00:00,122.15,222.64,235.77,294.53,154.7
4/1/2021 16:00:00,123,220.58,242.35,298.66,158.05
4/5/2021 16:00:00,125.9,230.35,249.07,308.91,161.34
4/6/2021 16:00:00,126.21,230.54,247.86,306.26,161.19
4/7/2021 16:00:00,127.9,223.66,249.9,313.09,163.97
4/8/2021 16:00:00,130.36,227.93,253.25,313.02,164.97
4/9/2021 16:00:00,133,225.67,255.85,312.46,168.61
4/12/2021 16:00:00,131.24,233.99,255.91,311.54,168.97
4/13/2021 16:00:00,134.43,254.11,258.49,309.76,170
4/14/2021 16:00:00,132.03,244.08,255.59,302.82,166.65
4/15/2021 16:00:00,134.5,246.28,259.5,307.82,168.95
4/16/2021 16:00:00,134.16,246.59,260.74,306.18,169.97
4/19/2021 16:00:00,134.84,238.21,258.74,302.24,168.6
4/20/2021 16:00:00,133.11,239.66,258.26,302.65,166.73
4/21/2021 16:00:00,133.5,248.04,260.58,301.47,168.1
4/22/2021 16:00:00,131.94,239.9,257.17,296.52,165.45
4/23/2021 16:00:00,134.32,243.13,261.15,301.13,167.04
4/26/2021 16:00:00,134.72,246.07,261.55,303.04,170.45
4/27/2021 16:00:00,134.39,234.91,261.97,303.57,170.87
4/28/2021 16:00:00,133.58,231.47,254.56,307.1,172.93
4/29/2021 16:00:00,133.48,225.67,252.51,329.51,173.57
4/30/2021 16:00:00,131.46,236.48,252.18,325.08,173.37
5/3/2021 16:00:00,132.54,228.3,251.86,322.58,169.32
5/4/2021 16:00:00,127.85,224.53,247.79,318.36,165.59
5/5/2021 16:00:00,128.1,223.65,246.47,315.02,163.53
5/6/2021 16:00:00,129.74,221.18,249.73,320.02,165.32
5/7/2021 16:00:00,130.21,224.12,252.46,319.08,164.58
5/10/2021 16:00:00,126.85,209.68,247.18,305.97,159.52
5/11/2021 16:00:00,125.91,205.73,246.23,306.53,161.2
5/12/2021 16:00:00,122.77,196.63,239,302.55,157.6
5/13/2021 16:00:00,124.97,190.56,243.03,305.26,158.07
5/14/2021 16:00:00,127.45,196.58,248.15,315.94,161.15
5/17/2021 16:00:00,126.27,192.28,245.18,315.46,163.52
5/18/2021 16:00:00,124.85,192.62,243.08,309.96,161.61
5/19/2021 16:00:00,124.69,187.82,243.12,313.59,161.59
5/20/2021 16:00:00,127.31,195.59,246.48,318.61,162.38
5/21/2021 16:00:00,125.43,193.63,245.17,316.23,160.15
5/24/2021 16:00:00,127.1,202.15,250.78,324.63,162.25
5/25/2021 16:00:00,126.9,201.56,251.72,327.79,162.95
5/26/2021 16:00:00,126.85,206.38,251.49,327.66,163.26
5/27/2021 16:00:00,125.28,210.28,249.31,332.75,161.51
5/28/2021 16:00:00,124.61,208.41,249.68,328.73,161.15
6/1/2021 16:00:00,124.28,207.97,247.4,329.13,160.93
6/2/2021 16:00:00,125.06,201.71,247.3,329.15,161.7
6/3/2021 16:00:00,123.54,190.95,245.71,326.04,159.35
6/4/2021 16:00:00,125.89,199.68,250.79,330.35,160.31
6/7/2021 16:00:00,125.9,201.71,253.81,336.58,159.9
6/8/2021 16:00:00,126.74,201.2,252.57,333.68,163.21
6/9/2021 16:00:00,127.13,199.59,253.59,330.25,164.06
6/10/2021 16:00:00,126.11,203.37,257.24,332.46,167.48
6/11/2021 16:00:00,127.35,203.3,257.89,331.26,167.34
6/14/2021 16:00:00,130.48,205.9,259.89,336.77,169.19
6/15/2021 16:00:00,129.64,199.79,258.36,336.75,169.16
6/16/2021 16:00:00,130.15,201.62,257.38,331.08,170.76
6/17/2021 16:00:00,131.79,205.53,260.9,336.51,174.46
6/18/2021 16:00:00,130.46,207.77,259.43,329.66,174.35
6/21/2021 16:00:00,132.3,206.94,262.63,332.29,172.7
6/22/2021 16:00:00,133.98,207.9,265.51,339.03,175.27
6/23/2021 16:00:00,133.7,218.86,265.27,340.59,175.19
6/24/2021 16:00:00,133.41,226.61,266.69,343.18,172.45
6/25/2021 16:00:00,133.11,223.96,265.02,341.37,170.07
6/28/2021 16:00:00,134.78,229.57,268.72,355.64,172.19
6/29/2021 16:00:00,136.33,226.92,271.4,351.89,172.41
6/30/2021 16:00:00,136.96,226.57,270.9,347.71,172.01
7/1/2021 16:00:00,137.27,225.97,271.6,354.39,171.65
7/2/2021 16:00:00,139.96,226.3,277.65,354.7,175.55
7/6/2021 16:00:00,142.02,219.86,277.66,352.78,183.79
7/7/2021 16:00:00,144.57,214.88,279.93,350.49,184.83
7/8/2021 16:00:00,143.24,217.6,277.42,345.65,186.57
7/9/2021 16:00:00,145.11,218.98,277.94,350.42,185.97
7/12/2021 16:00:00,144.5,228.57,277.32,353.16,185.93
7/13/2021 16:00:00,145.64,222.85,280.98,352.09,183.87
7/14/2021 16:00:00,149.15,217.79,282.51,347.63,184.08
7/15/2021 16:00:00,148.48,216.87,281.03,344.46,181.56
7/16/2021 16:00:00,146.39,214.74,280.75,341.16,178.68
7/19/2021 16:00:00,142.45,215.41,277.01,336.95,177.48
7/20/2021 16:00:00,146.15,220.17,279.32,341.66,178.66
7/21/2021 16:00:00,145.4,218.43,281.4,346.23,179.26
7/22/2021 16:00:00,146.8,216.42,286.14,351.19,181.9
7/23/2021 16:00:00,148.56,214.46,289.67,369.79,182.83
7/26/2021 16:00:00,148.99,219.21,289.05,372.46,184.99
7/27/2021 16:00:00,146.77,214.93,286.54,367.81,181.32
7/28/2021 16:00:00,144.98,215.66,286.22,373.28,181.52
7/29/2021 16:00:00,145.64,225.78,286.5,358.32,180
7/30/2021 16:00:00,145.86,229.07,284.91,356.3,166.38
8/2/2021 16:00:00,145.52,236.56,284.82,351.95,166.57
8/3/2021 16:00:00,147.36,236.58,287.12,351.24,168.31
8/4/2021 16:00:00,146.95,236.97,286.51,358.92,167.74
8/5/2021 16:00:00,147.06,238.21,289.52,362.97,168.8
8/6/2021 16:00:00,146.14,233.03,289.46,363.51,167.25
8/9/2021 16:00:00,146.09,237.92,288.33,361.61,167.09
8/10/2021 16:00:00,145.6,236.66,286.44,361.13,166.03
8/11/2021 16:00:00,145.86,235.94,286.95,359.96,164.61
8/12/2021 16:00:00,148.89,240.75,289.81,362.65,165.18
8/13/2021 16:00:00,149.1,239.06,292.85,363.18,164.7
8/16/2021 16:00:00,151.12,228.72,294.6,366.56,164.95
8/17/2021 16:00:00,150.19,221.9,293.08,358.45,162.1
8/18/2021 16:00:00,146.36,229.66,290.73,355.45,160.06
8/19/2021 16:00:00,146.7,224.49,296.77,355.12,159.39
8/20/2021 16:00:00,148.19,226.75,304.36,359.37,160
8/23/2021 16:00:00,149.71,235.43,304.65,363.35,163.29
8/24/2021 16:00:00,149.62,236.16,302.62,365.51,165.29
8/25/2021 16:00:00,148.36,237.07,302.01,368.39,164.96
8/26/2021 16:00:00,147.54,233.72,299.09,364.38,165.8
8/27/2021 16:00:00,148.6,237.31,299.72,372.63,167.48
8/30/2021 16:00:00,153.12,243.64,303.59,380.66,171.08
8/31/2021 16:00:00,151.83,245.24,301.88,379.38,173.54
9/1/2021 16:00:00,152.51,244.7,301.83,382.05,173.95
9/2/2021 16:00:00,153.65,244.13,301.15,375.28,173.16
9/3/2021 16:00:00,154.3,244.52,301.14,376.26,173.9
9/7/2021 16:00:00,156.69,250.97,300.18,382.18,175.46
9/8/2021 16:00:00,155.11,251.29,300.21,377.57,176.28
9/9/2021 16:00:00,154.07,251.62,297.25,378,174.21
9/10/2021 16:00:00,148.97,245.42,295.71,378.69,173.46
9/13/2021 16:00:00,149.55,247.67,296.99,376.51,172.86
9/14/2021 16:00:00,148.12,248.16,299.79,376.53,172.5
9/15/2021 16:00:00,149.03,251.94,304.82,373.92,173.79
9/16/2021 16:00:00,148.79,252.33,305.22,373.06,174.41
9/17/2021 16:00:00,146.06,253.16,299.87,364.72,173.13
9/20/2021 16:00:00,142.94,243.39,294.3,355.7,167.79
9/21/2021 16:00:00,143.43,246.46,294.8,357.48,167.18
9/22/2021 16:00:00,145.85,250.65,298.58,343.21,169
9/23/2021 16:00:00,146.83,251.21,299.56,345.96,170.8
9/24/2021 16:00:00,146.92,258.13,299.35,352.96,171.28
9/27/2021 16:00:00,145.37,263.79,294.17,353.58,170.29
9/28/2021 16:00:00,141.91,259.19,283.52,340.65,165.8
9/29/2021 16:00:00,142.83,260.44,284,339.61,165.06
9/30/2021 16:00:00,141.5,258.49,281.92,339.39,164.25
10/1/2021 16:00:00,142.65,258.41,289.1,343.01,164.16
10/4/2021 16:00:00,139.14,260.51,283.11,326.23,159.49
10/5/2021 16:00:00,141.11,260.2,288.76,332.96,161.05
10/6/2021 16:00:00,142,260.92,293.11,333.64,163.1
10/7/2021 16:00:00,143.29,264.54,294.85,329.22,165.12
10/8/2021 16:00:00,142.9,261.83,294.85,330.05,164.43
10/11/2021 16:00:00,142.81,263.98,294.23,325.45,162.32
10/12/2021 16:00:00,141.51,268.57,292.88,323.77,162.37
10/13/2021 16:00:00,140.91,270.36,296.31,324.54,164.21
10/14/2021 16:00:00,143.76,272.77,302.75,328.53,164.99
10/15/2021 16:00:00,144.84,281.01,304.21,324.76,170.45
10/18/2021 16:00:00,146.55,290.04,307.29,335.34,172.34
10/19/2021 16:00:00,148.76,288.09,308.23,339.99,172.21
10/20/2021 16:00:00,149.26,288.6,307.41,340.78,170.75
10/21/2021 16:00:00,149.48,298,310.76,341.88,171.75
10/22/2021 16:00:00,148.69,303.23,309.16,324.61,166.78
10/25/2021 16:00:00,148.64,341.62,308.13,328.69,166.02
10/26/2021 16:00:00,149.32,339.48,310.11,315.81,168.8
10/27/2021 16:00:00,148.85,345.95,323.17,312.22,169.62
10/28/2021 16:00:00,152.57,359.01,324.35,316.92,172.33
10/29/2021 16:00:00,149.8,371.33,331.62,323.57,168.62
11/1/2021 16:00:00,148.96,402.86,329.37,329.98,165.91
11/2/2021 16:00:00,150.02,390.67,333.13,328.08,165.64
11/3/2021 16:00:00,151.49,404.62,334,331.62,169.2
11/4/2021 16:00:00,150.96,409.97,336.44,335.85,173.85
11/5/2021 16:00:00,151.28,407.36,336.06,341.13,175.95
11/8/2021 16:00:00,150.44,387.65,336.99,338.62,174.45
11/9/2021 16:00:00,150.81,341.17,335.95,335.37,178.81
11/10/2021 16:00:00,147.92,355.98,330.8,327.64,174.1
11/11/2021 16:00:00,147.87,354.5,332.43,327.74,173.63
11/12/2021 16:00:00,149.99,344.47,336.72,340.89,176.26
11/15/2021 16:00:00,150,337.8,336.07,347.56,177.28
11/16/2021 16:00:00,151,351.58,339.51,342.96,177.04
11/17/2021 16:00:00,153.49,363,339.12,340.77,177.45
11/18/2021 16:00:00,157.87,365.46,341.27,338.69,184.8
11/19/2021 16:00:00,160.55,379.02,343.11,345.3,183.83
11/22/2021 16:00:00,161.02,385.62,339.83,341.01,178.63
11/23/2021 16:00:00,161.41,369.68,337.68,337.25,179
11/24/2021 16:00:00,161.94,372,337.91,341.06,179.02
11/26/2021 13:00:00,156.81,360.64,329.68,333.12,175.23
11/29/2021 16:00:00,160.24,379,336.63,338.03,178.08
11/30/2021 16:00:00,165.3,381.59,330.59,324.46,175.35
12/1/2021 16:00:00,164.77,365,330.08,310.6,172.19
12/2/2021 16:00:00,163.76,361.53,329.49,310.39,171.87
12/3/2021 16:00:00,161.84,338.32,323.01,306.84,169.49
12/6/2021 16:00:00,165.32,336.34,326.19,317.87,171.37
12/7/2021 16:00:00,171.18,350.58,334.92,322.81,176.16
12/8/2021 16:00:00,175.08,356.32,334.97,330.56,176.16
12/9/2021 16:00:00,174.56,334.6,333.1,329.82,174.17
12/10/2021 16:00:00,179.45,339.01,342.54,329.75,172.21
12/13/2021 16:00:00,175.74,322.14,339.4,334.49,169.57
12/14/2021 16:00:00,174.33,319.5,328.34,333.74,169.09
12/15/2021 16:00:00,179.3,325.33,334.65,341.66,173.32
12/16/2021 16:00:00,172.26,308.97,324.9,334.9,168.87
12/17/2021 16:00:00,171.14,310.86,323.8,333.79,170.02
12/20/2021 16:00:00,169.75,299.98,319.91,325.45,167.08
12/21/2021 16:00:00,172.99,312.84,327.29,334.2,170.42
12/22/2021 16:00:00,175.64,336.29,333.2,330.45,171.04
12/23/2021 16:00:00,176.28,355.67,334.69,335.24,171.07
12/27/2021 16:00:00,180.33,364.65,342.45,346.18,169.67
12/28/2021 16:00:00,179.29,362.82,341.25,346.22,170.66
12/29/2021 16:00:00,179.38,362.06,341.95,342.94,169.2
12/30/2021 16:00:00,178.2,356.78,339.32,344.36,168.64
12/31/2021 16:00:00,177.57,352.26,336.32,336.35,166.72
1/3/2022 16:00:00,182.01,399.93,334.75,338.54,170.4
1/4/2022 16:00:00,179.7,383.2,329.01,336.53,167.52
1/5/2022 16:00:00,174.92,362.71,316.38,324.17,164.36
1/6/2022 16:00:00,172,354.9,313.88,332.46,163.25
1/7/2022 16:00:00,172.17,342.32,314.04,331.79,162.55
1/10/2022 16:00:00,172.19,352.71,314.27,328.07,161.49
1/11/2022 16:00:00,175.08,354.8,314.98,334.37,165.36
1/12/2022 16:00:00,175.53,368.74,318.27,333.26,165.21
1/13/2022 16:00:00,172.19,343.85,304.8,326.48,161.21
1/14/2022 16:00:00,173.07,349.87,310.2,331.9,162.14
1/18/2022 16:00:00,169.8,343.5,302.65,318.15,158.92
1/19/2022 16:00:00,166.23,331.88,303.33,319.59,156.3
1/20/2022 16:00:00,164.51,332.09,301.6,316.56,151.67
1/21/2022 16:00:00,162.41,314.63,296.03,303.17,142.64
1/24/2022 16:00:00,161.62,310,296.37,308.71,144.54
1/25/2022 16:00:00,159.78,306.13,288.49,300.15,139.99
1/26/2022 16:00:00,159.69,312.47,296.71,294.63,138.87
1/27/2022 16:00:00,159.22,276.37,299.84,294.64,139.64
1/28/2022 16:00:00,170.33,282.12,308.26,301.71,143.98
1/31/2022 16:00:00,174.78,312.24,310.98,313.26,149.57
2/1/2022 16:00:00,174.61,310.42,308.76,319,151.19
2/2/2022 16:00:00,175.84,301.89,313.46,323,150.61
2/3/2022 16:00:00,172.9,297.05,301.25,237.76,138.85
2/4/2022 16:00:00,172.39,307.77,305.94,237.09,157.64
2/7/2022 16:00:00,171.66,302.45,300.95,224.91,157.94
2/8/2022 16:00:00,174.83,307.33,304.56,220.18,161.41
2/9/2022 16:00:00,176.28,310.67,311.21,232,161.19
2/10/2022 16:00:00,172.12,301.52,302.38,228.07,159
2/11/2022 16:00:00,168.64,286.67,295.04,219.55,153.29
2/14/2022 16:00:00,168.88,291.92,295,217.7,155.17
2/15/2022 16:00:00,172.79,307.48,300.47,221,156.51
2/16/2022 16:00:00,172.55,307.8,299.5,216.54,158.1
2/17/2022 16:00:00,168.88,292.12,290.73,207.71,154.65
2/18/2022 16:00:00,167.3,285.66,287.93,206.16,152.6
2/22/2022 16:00:00,164.32,273.84,287.72,202.08,150.2
2/23/2022 16:00:00,160.07,254.68,280.27,198.45,144.83
2/24/2022 16:00:00,162.74,266.92,294.59,207.6,151.36
2/25/2022 16:00:00,164.85,269.96,297.31,210.48,153.79
2/28/2022 16:00:00,165.12,290.14,298.79,211.03,153.56
3/1/2022 16:00:00,163.2,288.12,294.95,203.49,151.14
3/2/2022 16:00:00,166.56,293.3,300.19,208.11,152.05
3/3/2022 16:00:00,166.23,279.76,295.92,202.97,147.9
3/4/2022 16:00:00,163.17,279.43,289.86,200.06,145.64
3/7/2022 16:00:00,159.3,268.19,278.91,187.47,137.45
3/8/2022 16:00:00,157.44,274.8,275.85,190.29,136.01
3/9/2022 16:00:00,162.95,286.32,288.5,198.5,139.28
3/10/2022 16:00:00,158.52,279.43,285.59,195.21,146.82
3/11/2022 16:00:00,154.73,265.12,280.07,187.61,145.52
3/14/2022 16:00:00,150.62,255.46,276.44,186.63,141.85
3/15/2022 16:00:00,155.09,267.3,287.15,192.03,147.37
3/16/2022 16:00:00,159.59,280.08,294.39,203.63,153.1
3/17/2022 16:00:00,160.62,290.53,295.22,207.84,157.24
3/18/2022 16:00:00,163.98,301.8,300.43,216.49,161.25
3/21/2022 16:00:00,165.38,307.05,299.16,211.49,161.49
3/22/2022 16:00:00,168.82,331.33,304.06,216.65,164.89
3/23/2022 16:00:00,170.21,333.04,299.49,213.46,163.41
3/24/2022 16:00:00,174.07,337.97,304.1,219.57,163.65
3/25/2022 16:00:00,174.72,336.88,303.68,221.82,164.77
3/28/2022 16:00:00,175.6,363.95,310.7,223.59,168.99
3/29/2022 16:00:00,178.96,366.52,315.41,229.86,169.32
3/30/2022 16:00:00,177.77,364.66,313.86,227.85,166.3
3/31/2022 16:00:00,174.61,359.2,308.31,222.36,163
4/1/2022 16:00:00,174.31,361.53,309.42,224.85,163.56
4/4/2022 16:00:00,178.44,381.82,314.97,233.89,168.35
4/5/2022 16:00:00,175.06,363.75,310.88,231.84,164.06
4/6/2022 16:00:00,171.83,348.59,299.5,223.3,158.76
4/7/2022 16:00:00,172.14,352.42,301.37,222.95,157.78
4/8/2022 16:00:00,170.09,341.83,296.97,222.33,154.46
4/11/2022 16:00:00,165.75,325.31,285.26,216.46,151.12
4/12/2022 16:00:00,167.66,328.98,282.06,214.14,150.79
4/13/2022 16:00:00,170.4,340.79,287.62,214.99,155.54
4/14/2022 16:00:00,165.29,328.33,279.83,210.18,151.71
4/18/2022 16:00:00,165.07,334.76,280.52,210.77,152.79
4/19/2022 16:00:00,167.4,342.72,285.3,217.31,158.12
4/20/2022 16:00:00,167.23,325.73,286.36,200.42,154
4/21/2022 16:00:00,166.42,336.26,280.81,188.07,148.3
4/22/2022 16:00:00,161.79,335.02,274.03,184.11,144.35
4/25/2022 16:00:00,162.88,332.67,280.72,186.99,146.07
4/26/2022 16:00:00,156.8,292.14,270.22,180.95,139.39
4/27/2022 16:00:00,156.57,293.84,283.22,174.95,138.17
4/28/2022 16:00:00,163.64,292.5,289.63,205.73,144.6
4/29/2022 16:00:00,157.65,290.25,277.52,200.47,124.28
5/2/2022 16:00:00,157.96,300.98,284.47,211.13,124.5
5/3/2022 16:00:00,159.48,303.08,281.78,212.03,124.25
5/4/2022 16:00:00,166.02,317.54,289.98,223.41,125.93
5/5/2022 16:00:00,156.77,291.09,277.35,208.28,116.41
5/6/2022 16:00:00,157.28,288.55,274.73,203.77,114.77
5/9/2022 16:00:00,152.06,262.37,264.58,196.21,108.79
5/10/2022 16:00:00,154.51,266.68,269.5,197.65,108.86
5/11/2022 16:00:00,146.5,244.67,260.55,188.74,105.37
5/12/2022 16:00:00,142.56,242.67,255.35,191.24,106.93
5/13/2022 16:00:00,147.11,256.53,261.12,198.62,113.06
5/16/2022 16:00:00,145.54,241.46,261.5,200.04,110.81
5/17/2022 16:00:00,149.24,253.87,266.82,202.62,115.37
5/18/2022 16:00:00,140.82,236.6,254.08,192.24,107.11
5/19/2022 16:00:00,137.35,236.47,253.14,191.29,107.32
5/20/2022 16:00:00,137.59,221.3,252.56,193.54,107.59
5/23/2022 16:00:00,143.11,224.97,260.65,196.23,107.56
5/24/2022 16:00:00,140.36,209.39,259.62,181.28,104.1
5/25/2022 16:00:00,140.52,219.6,262.52,183.83,106.78
5/26/2022 16:00:00,143.78,235.91,265.9,191.63,111.08
5/27/2022 16:00:00,149.64,253.21,273.24,195.13,115.15
5/31/2022 16:00:00,148.84,252.75,271.87,193.64,120.21
6/1/2022 16:00:00,148.71,246.79,272.42,188.64,121.68
6/2/2022 16:00:00,151.21,258.33,274.58,198.86,125.51
6/3/2022 16:00:00,145.38,234.52,270.02,190.78,122.35
6/6/2022 16:00:00,146.14,238.28,268.75,194.25,124.79
6/7/2022 16:00:00,148.71,238.89,272.5,195.65,123
6/8/2022 16:00:00,147.96,241.87,270.41,196.64,121.18
6/9/2022 16:00:00,142.64,239.71,264.79,184,116.15
6/10/2022 16:00:00,137.13,232.23,252.99,175.57,109.65
6/13/2022 16:00:00,131.88,215.74,242.26,164.26,103.67
6/14/2022 16:00:00,132.76,220.89,244.49,163.73,102.31
6/15/2022 16:00:00,135.43,233,251.76,169.35,107.67
6/16/2022 16:00:00,130.06,213.1,244.97,160.87,103.66
6/17/2022 16:00:00,131.56,216.76,247.65,163.74,106.22
6/21/2022 16:00:00,135.87,237.04,253.74,157.05,108.68
6/22/2022 16:00:00,135.35,236.09,253.13,155.85,108.95
6/23/2022 16:00:00,138.27,235.07,258.86,158.75,112.44
6/24/2022 16:00:00,141.66,245.71,267.7,170.16,116.46
6/27/2022 16:00:00,141.66,244.92,264.89,169.49,113.22
6/28/2022 16:00:00,137.44,232.66,256.48,160.68,107.4
6/29/2022 16:00:00,139.23,228.49,260.26,163.94,108.92
6/30/2022 16:00:00,136.72,224.47,256.83,161.25,106.21
7/1/2022 16:00:00,138.93,227.26,259.58,160.03,109.56
7/5/2022 16:00:00,141.56,233.07,262.85,168.19,113.5
7/6/2022 16:00:00,142.92,231.73,266.21,169.77,114.33
7/7/2022 16:00:00,146.35,244.54,268.4,172.19,116.33
7/8/2022 16:00:00,147.04,250.76,267.66,170.88,115.54
7/11/2022 16:00:00,144.87,234.34,264.51,162.88,111.75
7/12/2022 16:00:00,145.86,233.07,253.67,163.27,109.22
7/13/2022 16:00:00,145.49,237.04,252.72,163.49,110.4
7/14/2022 16:00:00,148.47,238.31,254.08,158.05,110.63
7/15/2022 16:00:00,150.17,240.07,256.72,164.7,113.55
7/18/2022 16:00:00,147.07,240.55,254.25,167.23,113.76
7/19/2022 16:00:00,151,245.53,259.53,175.78,118.21
7/20/2022 16:00:00,153.04,247.5,262.27,183.09,122.77
7/21/2022 16:00:00,155.35,271.71,264.84,183.17,124.63
7/22/2022 16:00:00,154.09,272.24,260.36,169.27,122.42
7/25/2022 16:00:00,152.95,268.43,258.83,166.65,121.14
7/26/2022 16:00:00,151.6,258.86,251.9,159.15,114.81
7/27/2022 16:00:00,156.79,274.82,268.74,169.58,120.97
7/28/2022 16:00:00,157.35,280.9,276.41,160.72,122.28
7/29/2022 16:00:00,162.51,297.15,280.74,159.1,134.95
8/1/2022 16:00:00,161.51,297.28,278.01,159.93,135.39
8/2/2022 16:00:00,160.01,300.59,274.82,160.19,134.16
8/3/2022 16:00:00,166.13,307.4,282.47,168.8,139.52
8/4/2022 16:00:00,165.81,308.63,283.65,170.57,142.57
8/5/2022 16:00:00,165.35,288.17,282.91,167.11,140.8
8/8/2022 16:00:00,164.87,290.42,280.32,170.25,139.41
8/9/2022 16:00:00,164.92,283.33,282.3,168.53,137.83
8/10/2022 16:00:00,169.24,294.36,289.16,178.34,142.69
8/11/2022 16:00:00,168.49,286.63,287.02,177.49,140.64
8/12/2022 16:00:00,172.1,300.03,291.91,180.5,143.55
8/15/2022 16:00:00,173.19,309.32,293.47,180.89,143.18
8/16/2022 16:00:00,173.03,306.56,292.71,179.47,144.78
8/17/2022 16:00:00,174.55,304,291.32,174.85,142.1
8/18/2022 16:00:00,174.15,302.87,290.17,174.66,142.3
8/19/2022 16:00:00,171.52,296.67,286.15,167.96,138.23
8/22/2022 16:00:00,167.57,289.91,277.75,163.05,133.22
8/23/2022 16:00:00,167.23,296.45,276.44,161.11,133.62
8/24/2022 16:00:00,167.53,297.1,275.79,163.26,133.8
8/25/2022 16:00:00,170.03,296.07,278.85,168.78,137.28
8/26/2022 16:00:00,163.62,288.09,268.09,161.78,130.75
8/29/2022 16:00:00,161.38,284.82,265.23,159.17,129.79
8/30/2022 16:00:00,158.91,277.7,262.97,157.16,128.73
8/31/2022 16:00:00,157.22,275.61,261.47,162.93,126.77
9/1/2022 16:00:00,157.96,277.16,260.4,165.36,127.82
9/2/2022 16:00:00,155.81,270.21,256.06,160.32,127.51
9/6/2022 16:00:00,154.53,274.42,253.25,158.54,126.11
9/7/2022 16:00:00,155.96,283.7,258.09,160.39,129.48
9/8/2022 16:00:00,154.46,289.26,258.52,162.06,129.82
9/9/2022 16:00:00,157.37,299.68,264.46,169.15,133.27
9/12/2022 16:00:00,163.43,304.42,266.65,168.96,136.45
9/13/2022 16:00:00,153.84,292.13,251.99,153.13,126.82
9/14/2022 16:00:00,155.31,302.61,252.22,151.47,128.55
9/15/2022 16:00:00,152.37,303.75,245.38,149.55,126.28
9/16/2022 16:00:00,150.7,303.35,244.74,146.29,123.53
9/19/2022 16:00:00,154.48,309.07,244.52,148.02,124.66
9/20/2022 16:00:00,156.9,308.73,242.45,146.09,122.19
9/21/2022 16:00:00,153.72,300.8,238.95,142.12,118.54
9/22/2022 16:00:00,152.74,288.59,240.98,142.82,117.31
9/23/2022 16:00:00,150.43,275.33,237.92,140.41,113.78
9/26/2022 16:00:00,150.77,276.01,237.45,136.37,115.15
9/27/2022 16:00:00,151.76,282.94,236.41,134.4,114.41
9/28/2022 16:00:00,149.84,287.81,241.07,141.61,118.01
9/29/2022 16:00:00,142.48,268.21,237.5,136.41,114.8
9/30/2022 16:00:00,138.2,265.25,232.9,135.68,113
10/3/2022 16:00:00,142.45,242.4,240.74,138.61,115.88
10/4/2022 16:00:00,146.1,249.44,248.88,140.28,121.09
10/5/2022 16:00:00,146.4,240.81,249.2,138.98,120.95
10/6/2022 16:00:00,145.43,238.13,246.79,139.07,120.3
10/7/2022 16:00:00,140.09,223.07,234.24,133.45,114.56
10/10/2022 16:00:00,140.42,222.96,229.25,133.79,113.67
10/11/2022 16:00:00,138.98,216.5,225.41,128.54,112.21
10/12/2022 16:00:00,138.34,217.24,225.75,127.5,112.9
10/13/2022 16:00:00,142.99,221.72,234.24,130.29,112.53
10/14/2022 16:00:00,138.38,204.99,228.56,126.76,106.9
10/17/2022 16:00:00,142.41,219.35,237.53,134.04,113.79
10/18/2022 16:00:00,143.75,220.19,238.5,132.8,116.36
10/19/2022 16:00:00,143.86,222.04,236.48,133.23,115.07
10/20/2022 16:00:00,143.39,207.28,236.15,131.53,115.25
10/21/2022 16:00:00,147.27,214.44,242.12,130.01,119.32
10/24/2022 16:00:00,149.45,211.25,247.25,129.72,119.82
10/25/2022 16:00:00,152.34,222.42,250.66,137.51,120.6
10/26/2022 16:00:00,149.35,224.64,231.32,129.82,115.66
10/27/2022 16:00:00,144.8,225.09,226.75,97.94,110.96
10/28/2022 16:00:00,155.74,228.52,235.87,99.2,103.41
10/31/2022 16:00:00,153.34,227.54,232.13,93.16,102.44
11/1/2022 16:00:00,150.65,227.82,228.17,95.2,96.79
11/2/2022 16:00:00,145.03,214.98,220.1,90.54,92.12
11/3/2022 16:00:00,138.88,215.31,214.25,88.91,89.3
11/4/2022 16:00:00,138.38,207.47,221.39,90.79,90.98
11/7/2022 16:00:00,138.92,197.08,227.87,96.72,90.53
11/8/2022 16:00:00,139.5,191.3,228.87,96.47,89.98
11/9/2022 16:00:00,134.87,177.59,224.51,101.47,86.14
11/10/2022 16:00:00,146.87,190.72,242.98,111.87,96.63
11/11/2022 16:00:00,149.7,195.97,247.11,113.02,100.79
11/14/2022 16:00:00,148.28,190.95,241.55,114.22,98.49
11/15/2022 16:00:00,150.04,194.42,241.97,117.08,98.94
11/16/2022 16:00:00,148.79,186.92,241.73,113.23,97.12
11/17/2022 16:00:00,150.72,183.17,241.68,111.45,94.85
11/18/2022 16:00:00,151.29,180.19,241.22,112.05,94.14
11/21/2022 16:00:00,148.01,167.87,242.05,109.86,92.46
11/22/2022 16:00:00,150.18,169.91,245.03,111.44,93.2
11/23/2022 16:00:00,151.07,183.2,247.58,112.24,94.13
11/25/2022 13:05:00,148.11,182.86,247.49,111.41,93.41
11/28/2022 16:00:00,144.22,182.92,241.76,108.78,93.95
11/29/2022 16:00:00,141.17,180.83,240.33,109.46,92.42
11/30/2022 16:00:00,148.03,194.7,255.14,118.1,96.54
12/1/2022 16:00:00,148.31,194.7,254.69,120.44,95.5
12/2/2022 16:00:00,147.81,194.86,255.02,123.49,94.13
12/5/2022 16:00:00,146.63,182.45,250.2,122.43,91.01
12/6/2022 16:00:00,142.91,179.82,245.12,114.12,88.25
12/7/2022 16:00:00,140.94,174.04,244.37,113.93,88.46
12/8/2022 16:00:00,142.65,173.44,247.4,115.33,90.35
12/9/2022 16:00:00,142.16,179.05,245.42,115.9,89.09
12/12/2022 16:00:00,144.49,167.82,252.51,114.71,90.55
12/13/2022 16:00:00,145.47,160.95,256.92,120.15,92.49
12/14/2022 16:00:00,143.21,156.8,257.22,121.59,91.58
12/15/2022 16:00:00,136.5,157.67,249.01,116.15,88.45
12/16/2022 16:00:00,134.51,150.23,244.69,119.43,87.86
12/19/2022 16:00:00,132.37,149.87,240.45,114.48,84.92
12/20/2022 16:00:00,132.3,137.8,241.8,117.09,85.19
12/21/2022 16:00:00,135.45,137.57,244.43,119.76,86.77
12/22/2022 16:00:00,132.23,125.35,238.19,117.12,83.79
12/23/2022 16:00:00,131.86,123.15,238.73,118.04,85.25
12/27/2022 16:00:00,130.03,109.1,236.96,116.88,83.04
12/28/2022 16:00:00,126.04,112.71,234.53,115.62,81.82
12/29/2022 16:00:00,129.61,121.82,241.01,120.26,84.18
12/30/2022 16:00:00,129.93,123.18,239.82,120.34,84
1/3/2023 16:00:00,125.07,108.1,239.58,124.74,85.82
1/4/2023 16:00:00,126.36,113.64,229.1,127.37,85.14
1/5/2023 16:00:00,125.02,110.34,222.31,126.94,83.12
1/6/2023 16:00:00,129.62,113.06,224.93,130.02,86.08
1/9/2023 16:00:00,130.15,119.77,227.12,129.47,87.36
1/10/2023 16:00:00,130.73,118.85,228.85,132.99,89.87
1/11/2023 16:00:00,133.49,123.22,235.77,132.89,95.09
1/12/2023 16:00:00,133.41,123.56,238.51,136.71,95.27
1/13/2023 16:00:00,134.76,122.4,239.23,136.98,98.12
1/17/2023 16:00:00,135.94,131.49,240.35,135.36,96.05
1/18/2023 16:00:00,135.21,128.78,235.81,133.02,95.46
1/19/2023 16:00:00,135.27,127.17,231.93,136.15,93.68
1/20/2023 16:00:00,137.87,133.42,240.22,139.37,97.25
1/23/2023 16:00:00,141.11,143.75,242.58,143.27,97.52
1/24/2023 16:00:00,142.53,143.89,242.04,143.14,96.32
1/25/2023 16:00:00,141.86,144.43,240.61,141.5,97.18
1/26/2023 16:00:00,143.96,160.27,248,147.3,99.22
1/27/2023 16:00:00,145.93,177.9,248.16,151.74,102.24
1/30/2023 16:00:00,143,166.66,242.71,147.06,100.55
1/31/2023 16:00:00,144.29,173.22,247.81,148.97,103.13
2/1/2023 16:00:00,145.43,181.41,252.75,153.12,105.15
2/2/2023 16:00:00,150.82,188.27,264.6,188.77,112.91
2/3/2023 16:00:00,154.5,189.98,258.35,186.53,103.39
2/6/2023 16:00:00,151.73,194.76,256.77,186.06,102.18
2/7/2023 16:00:00,154.65,196.81,267.56,191.62,102.11
2/8/2023 16:00:00,151.92,201.29,266.73,183.43,100.05
2/9/2023 16:00:00,150.87,207.32,263.62,177.92,98.24
2/10/2023 16:00:00,151.01,196.89,263.1,174.15,97.61
2/13/2023 16:00:00,153.85,194.64,271.32,179.43,99.54
2/14/2023 16:00:00,153.2,209.25,272.17,179.48,99.7
2/15/2023 16:00:00,155.33,214.24,269.32,177.16,101.16
2/16/2023 16:00:00,153.71,202.04,262.15,172.44,98.15
2/17/2023 16:00:00,152.55,208.31,258.06,172.88,97.2
2/21/2023 16:00:00,148.48,197.37,252.67,172.08,94.58
2/22/2023 16:00:00,148.91,200.86,251.51,171.12,95.79
2/23/2023 16:00:00,149.4,202.07,254.77,172.04,95.82
2/24/2023 16:00:00,146.71,196.88,249.22,170.39,93.5
2/27/2023 16:00:00,147.92,207.63,250.16,169.54,93.76
2/28/2023 16:00:00,147.41,205.71,249.42,174.94,94.23
3/1/2023 16:00:00,145.31,202.77,246.27,173.42,92.17
3/2/2023 16:00:00,145.91,190.9,251.11,174.53,92.13
3/3/2023 16:00:00,151.03,197.79,255.29,185.25,94.9
3/6/2023 16:00:00,153.83,193.81,256.87,184.9,93.75
3/7/2023 16:00:00,151.6,187.71,254.15,184.51,93.55
3/8/2023 16:00:00,152.87,182,253.7,184.97,93.92
3/9/2023 16:00:00,150.59,172.92,252.32,181.69,92.25
3/10/2023 16:00:00,148.5,173.44,248.59,179.51,90.73
3/13/2023 16:00:00,150.47,174.48,253.92,180.9,92.43
3/14/2023 16:00:00,152.59,183.26,260.79,194.02,94.88
3/15/2023 16:00:00,152.99,180.45,265.44,197.75,96.2
3/16/2023 16:00:00,155.85,184.13,276.2,204.93,100.04
3/17/2023 16:00:00,155,180.13,279.43,195.61,98.95
3/20/2023 16:00:00,157.4,183.25,272.23,197.81,97.71
3/21/2023 16:00:00,159.28,197.58,273.78,202.16,100.61
3/22/2023 16:00:00,157.83,191.15,272.29,199.81,98.7
3/23/2023 16:00:00,158.93,192.22,277.66,204.28,98.71
3/24/2023 16:00:00,160.25,190.41,280.57,206.01,98.13
3/27/2023 16:00:00,158.28,191.81,276.38,202.84,98.04
3/28/2023 16:00:00,157.65,189.19,275.23,200.68,97.24
3/29/2023 16:00:00,160.77,193.88,280.51,205.35,100.25
3/30/2023 16:00:00,162.36,195.28,284.05,207.84,102
3/31/2023 16:00:00,164.9,207.46,288.3,211.94,103.29
4/3/2023 16:00:00,166.17,194.77,287.23,213.07,102.41
4/4/2023 16:00:00,165.63,192.58,287.18,214.72,103.95
4/5/2023 16:00:00,163.76,185.52,284.34,211.48,101.1
4/6/2023 16:00:00,164.66,185.06,291.6,216.1,102.06
4/10/2023 16:00:00,162.03,184.51,289.39,214.75,102.17
4/11/2023 16:00:00,160.8,186.79,282.83,213.85,99.92
4/12/2023 16:00:00,160.1,180.54,283.49,214,97.83
4/13/2023 16:00:00,165.56,185.9,289.84,220.35,102.4
4/14/2023 16:00:00,165.21,185,286.14,221.49,102.51
4/17/2023 16:00:00,165.23,187.04,288.8,218.86,102.74
4/18/2023 16:00:00,166.47,184.31,288.37,217.89,102.3
4/19/2023 16:00:00,167.63,180.59,288.45,215.7,104.3
4/20/2023 16:00:00,166.65,162.99,286.11,213.07,103.81
4/21/2023 16:00:00,165.02,165.08,285.76,212.89,106.96
4/24/2023 16:00:00,165.33,162.55,281.77,212.79,106.21
4/25/2023 16:00:00,163.77,160.67,275.42,207.55,102.57
4/26/2023 16:00:00,163.76,153.75,295.37,209.4,104.98
4/27/2023 16:00:00,168.41,160.19,304.83,238.56,109.82
4/28/2023 16:00:00,169.68,164.31,307.26,240.32,105.45
5/1/2023 16:00:00,169.59,161.83,305.56,243.18,102.05
5/2/2023 16:00:00,168.54,160.31,305.41,239.24,103.63
5/3/2023 16:00:00,167.45,160.61,304.4,237.03,103.65
5/4/2023 16:00:00,165.79,161.2,305.41,233.52,104
5/5/2023 16:00:00,173.57,170.06,310.65,232.78,105.66
5/8/2023 16:00:00,173.5,171.79,308.65,233.27,105.83
5/9/2023 16:00:00,171.77,169.15,307,233.37,106.62
5/10/2023 16:00:00,173.56,168.54,312.31,233.08,110.19
5/11/2023 16:00:00,173.75,172.08,310.11,235.79,112.18
5/12/2023 16:00:00,172.57,167.98,308.97,233.81,110.26
5/15/2023 16:00:00,172.07,166.35,309.46,238.86,111.2
5/16/2023 16:00:00,172.07,166.52,311.74,238.82,113.4
5/17/2023 16:00:00,172.69,173.86,314,242.49,115.5
5/18/2023 16:00:00,175.05,176.89,318.52,246.85,118.15
5/19/2023 16:00:00,175.16,180.14,318.34,245.64,116.25
5/22/2023 16:00:00,174.2,188.87,321.18,248.32,115.01
5/23/2023 16:00:00,171.56,185.77,315.26,246.74,114.99
5/24/2023 16:00:00,171.84,182.9,313.85,249.21,116.75
5/25/2023 16:00:00,172.99,184.47,325.92,252.69,115
5/26/2023 16:00:00,175.43,193.17,332.89,262.04,120.11
5/30/2023 16:00:00,177.3,201.16,331.21,262.52,121.66
5/31/2023 16:00:00,177.25,203.93,328.39,264.72,120.58
6/1/2023 16:00:00,180.09,207.52,332.58,272.61,122.77
6/2/2023 16:00:00,180.95,213.97,335.4,272.61,124.25
6/5/2023 16:00:00,179.58,217.61,335.94,271.39,125.3
6/6/2023 16:00:00,179.21,221.31,333.68,271.12,126.61
6/7/2023 16:00:00,177.82,224.57,323.38,263.6,121.23
6/8/2023 16:00:00,180.57,234.86,325.26,264.58,124.25
6/9/2023 16:00:00,180.96,244.4,326.79,264.95,123.43
6/12/2023 16:00:00,183.79,249.83,331.85,271.05,126.57
6/13/2023 16:00:00,183.31,258.71,334.29,271.32,126.66
6/14/2023 16:00:00,183.95,256.79,337.34,273.35,126.42
6/15/2023 16:00:00,186.01,255.9,348.1,281.83,127.11
6/16/2023 16:00:00,184.92,260.54,342.33,281,125.49
6/20/2023 16:00:00,185.01,274.45,338.05,284.33,125.78
6/21/2023 16:00:00,183.96,259.46,333.56,281.64,124.83
6/22/2023 16:00:00,187,264.61,339.71,284.88,130.15
6/23/2023 16:00:00,186.68,256.6,335.02,288.73,129.33
6/26/2023 16:00:00,185.27,241.05,328.6,278.47,127.33
6/27/2023 16:00:00,188.06,250.21,334.57,287.05,129.18
6/28/2023 16:00:00,189.25,256.24,335.85,285.29,129.04
6/29/2023 16:00:00,189.59,257.5,335.05,281.53,127.9
6/30/2023 16:00:00,193.97,261.77,340.54,286.98,130.36
7/3/2023 13:05:00,192.46,279.82,337.99,286.02,130.22
7/5/2023 16:00:00,191.33,282.48,338.15,294.37,130.38
7/6/2023 16:00:00,191.81,276.54,341.27,291.99,128.36
7/7/2023 16:00:00,190.68,274.43,337.22,290.53,129.78
7/10/2023 16:00:00,188.61,269.61,331.83,294.1,127.13
7/11/2023 16:00:00,188.08,269.79,332.47,298.29,128.78
7/12/2023 16:00:00,189.77,271.99,337.2,309.34,130.8
7/13/2023 16:00:00,190.54,277.9,342.66,313.41,134.3
7/14/2023 16:00:00,190.69,281.38,345.24,308.87,134.68
7/17/2023 16:00:00,193.99,290.38,345.73,310.62,133.56
7/18/2023 16:00:00,193.73,293.34,359.49,312.05,132.83
7/19/2023 16:00:00,195.1,291.26,355.08,316.01,135.36
7/20/2023 16:00:00,193.13,262.9,346.87,302.52,129.96
7/21/2023 16:00:00,191.94,260.02,343.77,294.26,130
7/24/2023 16:00:00,192.75,269.06,345.11,291.61,128.8
7/25/2023 16:00:00,193.62,265.28,350.98,294.47,129.13
7/26/2023 16:00:00,194.5,264.35,337.77,298.57,128.15
7/27/2023 16:00:00,193.22,255.71,330.72,311.71,128.25
7/28/2023 16:00:00,195.83,266.44,338.37,325.48,132.21
7/31/2023 16:00:00,196.45,267.43,335.92,318.6,133.68
8/1/2023 16:00:00,195.61,261.07,336.34,322.71,131.69
8/2/2023 16:00:00,192.58,254.11,327.5,314.31,128.21
8/3/2023 16:00:00,191.17,259.32,326.66,313.19,128.91
8/4/2023 16:00:00,181.99,253.86,327.78,310.73,139.57
8/7/2023 16:00:00,178.85,251.45,330.11,316.56,142.22
8/8/2023 16:00:00,179.8,249.7,326.05,312.64,139.94
8/9/2023 16:00:00,178.19,242.19,322.23,305.21,137.85
8/10/2023 16:00:00,177.97,245.34,322.93,305.74,138.56
8/11/2023 16:00:00,177.79,242.65,321.01,301.64,138.41
8/14/2023 16:00:00,179.46,239.76,324.04,306.19,140.57
8/15/2023 16:00:00,177.45,232.96,321.86,301.95,137.67
8/16/2023 16:00:00,176.57,225.6,320.4,294.29,135.07
8/17/2023 16:00:00,174,219.22,316.88,285.09,133.98
8/18/2023 16:00:00,174.49,215.49,316.48,283.25,133.22
8/21/2023 16:00:00,175.84,231.28,321.88,289.9,134.68
8/22/2023 16:00:00,177.23,233.19,322.46,287.6,134.25
8/23/2023 16:00:00,181.12,236.86,327,294.24,135.52
8/24/2023 16:00:00,176.38,230.04,319.97,286.75,131.84
8/25/2023 16:00:00,178.61,238.59,322.98,285.5,133.26
8/28/2023 16:00:00,180.19,238.82,323.7,290.26,133.14
8/29/2023 16:00:00,184.12,257.18,328.41,297.99,134.91
8/30/2023 16:00:00,187.65,256.9,328.79,295.1,135.07
8/31/2023 16:00:00,187.87,258.08,327.76,295.89,138.01